{"type": "FeatureCollection", "features": [{"type": "Feature", "properties": {"dt_code": "491", "district": "Valsad", "st_nm": "Gujarat", "st_code": "24", "year": "2011_c"}, "geometry": {"type": "Polygon", "coordinates": [[[72.85468005747194, 20.74978050371868], [72.8802, 20.7335], [72.9289, 20.7342], [72.9582, 20.7189], [72.9721, 20.7451], [72.9968, 20.7349], [72.9938, 20.7266], [73.0163, 20.7299], [73.0185, 20.711], [73.0474, 20.699], [73.0287, 20.6765], [73.0328, 20.6649], [73.0729, 20.6526], [73.0658, 20.6268], [73.0729, 20.5999], [73.1153, 20.5939], [73.1524, 20.6055], [73.1869, 20.5916], [73.2188, 20.6022], [73.2589, 20.5797], [73.407, 20.6244], [73.4187, 20.6281], [73.431, 20.5943], [73.4742, 20.583], [73.4753, 20.5435], [73.4929, 20.5356], [73.4697, 20.5197], [73.4678, 20.4965], [73.431, 20.4543], [73.4198, 20.4129], [73.3793, 20.39], [73.3849, 20.3711], [73.4055, 20.3854], [73.4127, 20.3608], [73.4277, 20.2799], [73.413, 20.271], [73.4168, 20.1984], [73.3887, 20.1927], [73.383, 20.2116], [73.3654, 20.1954], [73.353, 20.2014], [73.3568, 20.213], [73.3433, 20.1994], [73.2994, 20.2093], [73.2833, 20.198], [73.2792, 20.15], [73.254, 20.1377], [73.2492, 20.1228], [73.2248, 20.1234], [73.2255, 20.14], [73.2105, 20.1205], [73.188, 20.1284], [73.1899, 20.1642], [73.206, 20.1626], [73.218, 20.1858], [73.1918, 20.1974], [73.1783, 20.1924], [73.1685, 20.208], [73.1573, 20.1984], [73.1333, 20.2057], [73.1423, 20.1772], [73.1194, 20.1682], [73.116, 20.152], [73.0797, 20.1732], [73.0737, 20.1556], [73.0647, 20.1586], [73.0598, 20.1937], [73.0489, 20.2], [73.0602, 20.2232], [73.0707, 20.2319], [73.098, 20.2276], [73.098, 20.2392], [73.1427, 20.274], [73.1457, 20.2866], [73.158, 20.2803], [73.167, 20.2886], [73.1663, 20.3094], [73.1513, 20.3171], [73.1014, 20.3028], [73.1119, 20.337], [73.0965, 20.3605], [73.0774, 20.323], [73.0425, 20.325], [73.0347, 20.2912], [73.0163, 20.2935], [73.0171, 20.3088], [73.0077, 20.3124], [73.0103, 20.2912], [72.9814, 20.2899], [72.9717, 20.2703], [72.9316, 20.2949], [72.9121, 20.2743], [72.9263, 20.2511], [72.9582, 20.2339], [72.9631, 20.2087], [72.8993, 20.2276], [72.8896, 20.2199], [72.8588, 20.2246], [72.8611, 20.2073], [72.8389, 20.209], [72.8311, 20.1964], [72.8371, 20.1881], [72.8161, 20.1841], [72.8243, 20.1417], [72.8059, 20.1543], [72.7853, 20.145], [72.7939, 20.1231], [72.7748, 20.1321], [72.7377, 20.1277], [72.7497, 20.2057], [72.7399, 20.2431], [72.7527, 20.2614], [72.7568, 20.2952], [72.7729, 20.3031], [72.7774, 20.337], [72.8359, 20.3731], [72.8907, 20.3724], [72.8967, 20.3797], [72.8828, 20.3976], [72.9031, 20.4066], [72.8963, 20.4212], [72.8573, 20.4189], [72.8749, 20.4454], [72.8956, 20.4441], [72.8866, 20.4623], [72.8554, 20.4676], [72.8843, 20.5024], [72.8832, 20.5313], [72.9038, 20.576], [72.8543, 20.7146], [72.85468005747194, 20.74978050371868]], [[72.9713014571311, 20.297181237345658], [72.9829, 20.323], [72.9616, 20.3323], [72.9526, 20.3144], [72.9713014571311, 20.297181237345658]]]}}, {"type": "Feature", "properties": {"dt_code": "480", "district": "Amreli", "st_nm": "Gujarat", "st_code": "24", "year": "2011_c"}, "geometry": {"type": "MultiPolygon", "coordinates": [[[[71.53022094623024, 20.903962671384214], [71.53247087677029, 20.90296794772186], [71.52572108515014, 20.903631096830097], [71.53022094623024, 20.903962671384214]]], [[[71.51784632825998, 20.912252035237202], [71.52459611988012, 20.904625820492456], [71.5099715713698, 20.903631096830097], [71.51784632825998, 20.912252035237202]]], [[[71.6539671259329, 21.097933785544082], [71.639, 21.0883], [71.6345, 21.0946], [71.6438, 21.0983], [71.6345, 21.1036], [71.6483, 21.1162], [71.6532, 21.1102], [71.6539671259329, 21.097933785544082]]], [[[70.86799139060939, 21.389387818615063], [70.8462, 21.4086], [70.8789, 21.4199], [70.8789, 21.4119], [70.86799139060939, 21.389387818615063]]], [[[70.77761918058413, 21.662273676655353], [70.7701, 21.6434], [70.7431, 21.6407], [70.7364, 21.6659], [70.7566, 21.6762], [70.77761918058413, 21.662273676655353]]], [[[70.80086846283129, 21.774014301393603], [70.766, 21.7498], [70.766, 21.7806], [70.7742, 21.7999], [70.7814, 21.7949], [70.80086846283129, 21.774014301393603]]], [[[71.33072710501264, 22.031316155390282], [71.3442, 21.9822], [71.3817, 21.9889], [71.3926, 21.9806], [71.3911, 21.972], [71.3952, 21.9637], [71.4042, 21.9507], [71.4481, 21.9514], [71.4668, 21.9282], [71.4605, 21.8964], [71.4248, 21.9113], [71.4162, 21.8828], [71.4537, 21.8708], [71.4477, 21.8516], [71.4593, 21.8456], [71.4556, 21.8261], [71.4702, 21.7999], [71.4995, 21.8032], [71.5163, 21.7797], [71.54, 21.7743], [71.5546, 21.7472], [71.5973, 21.7296], [71.6018, 21.7276], [71.5981, 21.7213], [71.5898, 21.7064], [71.5898, 21.6878], [71.5898, 21.659], [71.6213, 21.6477], [71.6228, 21.6324], [71.5572, 21.6278], [71.5583, 21.5834], [71.546, 21.5588], [71.5017, 21.5449], [71.4781, 21.4812], [71.492, 21.4613], [71.5246, 21.462], [71.5332, 21.4431], [71.6146, 21.4411], [71.6116, 21.4043], [71.6165, 21.3891], [71.63, 21.3887], [71.6296, 21.337], [71.6255, 21.3274], [71.5868, 21.3148], [71.5655, 21.2866], [71.5321, 21.2896], [71.5276, 21.2279], [71.5178, 21.2173], [71.5257, 21.1858], [71.5182, 21.1745], [71.546, 21.1759], [71.5546, 21.1589], [71.5902, 21.1453], [71.6022, 21.1334], [71.6086, 21.1271], [71.6228, 21.1129], [71.6251, 21.0979], [71.6285, 21.0767], [71.6288, 21.0727], [71.6082, 21.0694], [71.6101, 21.0548], [71.6375, 21.0588], [71.6405, 21.0286], [71.666, 21.0313], [71.6772, 20.9961], [71.6495, 20.9965], [71.6292, 20.9839], [71.6296, 20.9693], [71.6108, 20.9756], [71.6116, 20.9673], [71.5797, 20.954], [71.5295, 20.9428], [71.5568, 20.9699], [71.5115, 20.9444], [71.48, 20.9069], [71.477, 20.8897], [71.4372, 20.8691], [71.3979, 20.8658], [71.3814, 20.8751], [71.3739, 20.8685], [71.3844, 20.8572], [71.3206, 20.8469], [71.2055, 20.7955], [71.2239, 20.8168], [71.2047, 20.8738], [71.1792, 20.8808], [71.1935, 20.902], [71.1777, 20.9189], [71.2055, 20.9268], [71.2197, 20.957], [71.1935, 20.9789], [71.1875, 20.9676], [71.1432, 20.9501], [71.123, 20.9633], [71.1312, 21.0064], [71.1485, 21.0316], [71.1346, 21.0674], [71.096, 21.0867], [71.0761, 21.1165], [71.0225, 21.1447], [71.0056, 21.1662], [70.9494, 21.1689], [70.8927, 21.1855], [70.8541, 21.1676], [70.8515, 21.1699], [70.838, 21.1881], [70.8099, 21.2256], [70.8039, 21.2335], [70.8249, 21.2614], [70.8905, 21.2684], [70.9081, 21.2995], [70.9437, 21.3118], [70.9216, 21.3486], [70.9006, 21.3264], [70.868, 21.3191], [70.8747, 21.3377], [70.8661, 21.3768], [70.9051, 21.4007], [70.9055, 21.3864], [70.9175, 21.3834], [70.9471, 21.3957], [70.9475, 21.4189], [70.9314, 21.4272], [70.9235, 21.4627], [70.9006, 21.4603], [70.8852, 21.4434], [70.8665, 21.4663], [70.8316, 21.4567], [70.8335, 21.4945], [70.8099, 21.4908], [70.8046, 21.5147], [70.8391, 21.5101], [70.8489, 21.531], [70.8875, 21.5277], [70.8946, 21.5349], [70.8642, 21.5989], [70.8282, 21.6348], [70.8102, 21.6391], [70.7937, 21.6663], [70.7967, 21.6689], [70.7956, 21.6971], [70.8084, 21.712], [70.7754, 21.7001], [70.7671, 21.7104], [70.7851, 21.72], [70.778, 21.7309], [70.8005, 21.7422], [70.8181, 21.7319], [70.8147, 21.7442], [70.8354, 21.7452], [70.8796, 21.7319], [70.8972, 21.7704], [70.9209, 21.7637], [70.9299, 21.7472], [70.9644, 21.7505], [70.9782, 21.7259], [71.0229, 21.7356], [71.0262, 21.7382], [71.0472, 21.7558], [71.0416, 21.7687], [71.0521, 21.7913], [71.0394, 21.8068], [71.0472, 21.8247], [71.0851, 21.8221], [71.1095, 21.8513], [71.105, 21.8715], [71.0574, 21.849], [71.0304, 21.8741], [71.0634, 21.8854], [71.0559, 21.9047], [71.1151, 21.9189], [71.1282, 21.9474], [71.1474, 21.9454], [71.1631, 21.9633], [71.1789, 21.96], [71.2006, 21.9716], [71.1987, 22.0021], [71.1901, 22.0098], [71.2512, 22.0111], [71.2527, 21.9723], [71.2591, 21.9637], [71.2625, 21.9587], [71.294, 21.9623], [71.2887, 21.9703], [71.2992, 21.9756], [71.2775, 22.0194], [71.303, 22.0416], [71.33072710501264, 22.031316155390282]]]]}}, {"type": "Feature", "properties": {"dt_code": "489", "district": "Dang", "st_nm": "Gujarat", "st_code": "24", "year": "2011_c"}, "geometry": {"type": "MultiPolygon", "coordinates": [[[[73.82590007392608, 20.98917733179291], [73.8072, 21.0087], [73.8102, 21.028], [73.8491, 20.9995], [73.8439, 20.9882], [73.82590007392608, 20.98917733179291]]], [[[73.59115732091438, 20.99945614297061], [73.5852, 20.9699], [73.596, 20.959], [73.6133, 20.9812], [73.6107, 20.9925], [73.638, 20.9753], [73.6602, 21.0077], [73.7528, 21.0061], [73.7899, 20.9839], [73.7974, 20.9587], [73.8671, 20.9441], [73.8758, 20.9278], [73.8859, 20.9295], [73.8885, 20.9331], [73.9256, 20.8884], [73.9234, 20.8512], [73.9414, 20.8403], [73.944, 20.8241], [73.932, 20.8085], [73.932, 20.7604], [73.9414, 20.7584], [73.9421, 20.7425], [73.917, 20.7249], [73.8743, 20.7296], [73.8551, 20.6921], [73.8356, 20.702], [73.812, 20.6921], [73.8173, 20.6719], [73.8308, 20.6752], [73.839, 20.6589], [73.8383, 20.6205], [73.7985, 20.5986], [73.7764, 20.6009], [73.7445, 20.5648], [73.6954, 20.5784], [73.6695, 20.5631], [73.6523, 20.5644], [73.6275, 20.584], [73.6223, 20.6142], [73.5994, 20.6367], [73.5694, 20.6516], [73.551, 20.6483], [73.5207, 20.6788], [73.4955, 20.6536], [73.4798, 20.6722], [73.4903, 20.6864], [73.4674, 20.7362], [73.4674, 20.7412], [73.4843, 20.7524], [73.4895, 20.7548], [73.482, 20.7965], [73.4963, 20.8191], [73.5049, 20.8436], [73.4918, 20.8615], [73.4993, 20.8774], [73.488, 20.8914], [73.4895, 20.9139], [73.5124, 20.9355], [73.53, 20.9345], [73.5199, 20.9471], [73.5375, 20.951], [73.5469, 21.0064], [73.5649, 21.0104], [73.59115732091438, 20.99945614297061]]], [[[73.73815278286419, 21.04123453678966], [73.737, 21.0797], [73.7802, 21.0644], [73.8075, 21.0847], [73.8094, 21.0734], [73.8105, 21.0581], [73.7955, 21.0442], [73.8008, 21.0293], [73.7633, 21.0114], [73.7637, 21.0154], [73.7682, 21.03], [73.73815278286419, 21.04123453678966]]]]}}, {"type": "Feature", "properties": {"dt_code": "486", "district": "Vadodara", "st_nm": "Gujarat", "st_code": "24", "year": "2011_c"}, "geometry": {"type": "Polygon", "coordinates": [[[73.40403809766704, 22.793606055310853], [73.4228, 22.7856], [73.4235, 22.7803], [73.4269, 22.7624], [73.3845, 22.7419], [73.383, 22.7197], [73.3913, 22.6875], [73.4029, 22.6902], [73.4168, 22.661], [73.4003, 22.6567], [73.3973, 22.6434], [73.368, 22.6477], [73.3624, 22.6275], [73.3842, 22.6268], [73.3883, 22.6152], [73.3722, 22.5562], [73.4213, 22.5466], [73.4052, 22.5068], [73.4273, 22.4856], [73.4198, 22.4282], [73.4457, 22.4252], [73.4378, 22.4], [73.458, 22.3811], [73.4723, 22.3818], [73.4644, 22.3602], [73.5019, 22.3513], [73.5128, 22.3486], [73.5342, 22.344], [73.5664, 22.3364], [73.5634, 22.3297], [73.5443, 22.3311], [73.5435, 22.2714], [73.4809, 22.219], [73.5053, 22.1994], [73.4963, 22.1669], [73.506, 22.1447], [73.5188, 22.1447], [73.5012, 22.1122], [73.4787, 22.1003], [73.4779, 22.097], [73.4854, 22.0741], [73.4877, 22.0711], [73.5143, 22.092], [73.5405, 22.0913], [73.5323, 22.0714], [73.5432, 22.0648], [73.5398, 22.0641], [73.5293, 22.0618], [73.5304, 22.0529], [73.5218, 22.0565], [73.5143, 22.0379], [73.5, 22.0396], [73.4952, 22.0174], [73.5143, 21.9902], [73.5038, 21.9627], [73.4618, 21.9799], [73.449, 21.9749], [73.4385, 21.9265], [73.4205, 21.9133], [73.4164, 21.9103], [73.4127, 21.9119], [73.3763, 21.9295], [73.3628, 21.9285], [73.3579, 21.9285], [73.3444, 21.9143], [73.3414, 21.8778], [73.3155, 21.8844], [73.3039, 21.8874], [73.257, 21.9355], [73.2282, 21.9192], [73.2222, 21.9159], [73.2225, 21.9096], [73.2233, 21.9027], [73.224, 21.8944], [73.248, 21.8609], [73.2477, 21.8553], [73.245, 21.8483], [73.2308, 21.834], [73.2132, 21.8244], [73.2079, 21.8234], [73.1254, 21.8775], [73.0913, 21.8722], [73.0594, 21.8821], [73.0628, 21.9116], [73.0872, 21.9176], [73.0905, 21.9295], [73.053, 21.9222], [73.0474, 21.9352], [73.0358, 21.9196], [73.0002, 21.9106], [72.9938, 21.9269], [73.0021, 21.9355], [73.0482, 21.9395], [73.0489, 21.9759], [73.068, 21.9839], [73.0632, 22.0164], [73.026, 21.9955], [72.9893, 22.0277], [72.9792, 22.0525], [72.9604, 22.0462], [72.9406, 22.0535], [72.9319, 22.0416], [72.9136, 22.0469], [72.9222, 22.0605], [72.9049, 22.0681], [72.8978, 22.095], [72.8847, 22.0933], [72.8719, 22.1122], [72.8798, 22.1189], [72.8629, 22.155], [72.8858, 22.1719], [72.8903, 22.16], [72.9267, 22.1689], [72.9267, 22.1858], [72.9151, 22.1925], [72.8832, 22.1749], [72.8772, 22.2057], [72.8678, 22.2143], [72.8652, 22.2213], [72.9132, 22.2405], [72.9331, 22.2903], [72.9473, 22.2926], [72.9518, 22.2631], [72.9747, 22.2541], [73.0092, 22.2677], [73.0594, 22.3135], [73.0467, 22.3626], [73.0729, 22.397], [73.065, 22.4282], [73.0935, 22.4554], [73.0917, 22.5101], [73.1355, 22.5244], [73.1562, 22.5887], [73.2199, 22.6228], [73.2184, 22.6285], [73.2199, 22.6258], [73.2694, 22.6663], [73.2518, 22.7193], [73.2578, 22.7684], [73.272, 22.78], [73.275, 22.7827], [73.3425, 22.7913], [73.3504, 22.7923], [73.3808, 22.7578], [73.3774, 22.8012], [73.3834, 22.7946], [73.3845, 22.8115], [73.4048, 22.8128], [73.40403809766704, 22.793606055310853]]]}}, {"type": "Feature", "properties": {"dt_code": "488", "district": "Bharuch", "st_nm": "Gujarat", "st_code": "24", "year": "2011_c"}, "geometry": {"type": "Polygon", "coordinates": [[[72.86780465228888, 22.214345309264207], [72.8772, 22.2057], [72.8832, 22.1749], [72.9151, 22.1925], [72.9267, 22.1858], [72.9267, 22.1689], [72.8903, 22.16], [72.8858, 22.1719], [72.8629, 22.155], [72.8798, 22.1189], [72.8719, 22.1122], [72.8847, 22.0933], [72.8978, 22.095], [72.9049, 22.0681], [72.9222, 22.0605], [72.9136, 22.0469], [72.9319, 22.0416], [72.9406, 22.0535], [72.9604, 22.0462], [72.9792, 22.0525], [72.9893, 22.0277], [73.026, 21.9955], [73.0632, 22.0164], [73.068, 21.9839], [73.0489, 21.9759], [73.0482, 21.9395], [73.0021, 21.9355], [72.9938, 21.9269], [73.0002, 21.9106], [73.0358, 21.9196], [73.0474, 21.9352], [73.053, 21.9222], [73.0905, 21.9295], [73.0872, 21.9176], [73.0628, 21.9116], [73.0594, 21.8821], [73.0913, 21.8722], [73.1254, 21.8775], [73.2079, 21.8234], [73.2132, 21.8244], [73.2308, 21.834], [73.245, 21.8483], [73.2477, 21.8553], [73.248, 21.8609], [73.224, 21.8944], [73.2233, 21.9027], [73.2225, 21.9096], [73.2222, 21.9159], [73.2282, 21.9192], [73.257, 21.9355], [73.302, 21.8891], [73.3084, 21.8513], [73.2994, 21.8274], [73.3088, 21.8221], [73.329, 21.8347], [73.3362, 21.8102], [73.356, 21.8102], [73.3744, 21.7803], [73.3954, 21.7757], [73.3943, 21.7601], [73.4097, 21.7495], [73.3954, 21.717], [73.407, 21.7094], [73.4318, 21.718], [73.4397, 21.7094], [73.4693, 21.721], [73.4877, 21.7041], [73.4993, 21.6818], [73.4749, 21.659], [73.4858, 21.6387], [73.4824, 21.6109], [73.4708, 21.6089], [73.4734, 21.5936], [73.4449, 21.5595], [73.4434, 21.5492], [73.4528, 21.528], [73.3992, 21.5088], [73.3459, 21.522], [73.3245, 21.4855], [73.3092, 21.5078], [73.2728, 21.5107], [73.2503, 21.4938], [73.1888, 21.5068], [73.1715, 21.4952], [73.1415, 21.4981], [73.1194, 21.4836], [73.1033, 21.5078], [73.0778, 21.5054], [73.0755, 21.5515], [73.0557, 21.5688], [73.0478, 21.5538], [73.0485, 21.5419], [73.0365, 21.5333], [73.0564, 21.5028], [73.0549, 21.4842], [73.026, 21.4826], [73.0167, 21.4988], [73.0208, 21.521], [72.9863, 21.5412], [72.9837, 21.5227], [72.9413, 21.5124], [72.9529, 21.4839], [72.9233, 21.4693], [72.9068, 21.4298], [72.8877, 21.4448], [72.8682, 21.4335], [72.8779, 21.4464], [72.8712, 21.456], [72.8678, 21.4441], [72.8509, 21.4534], [72.8232, 21.4262], [72.7894, 21.4219], [72.7872, 21.4398], [72.7849, 21.4574], [72.7613, 21.4487], [72.7354, 21.4746], [72.6938, 21.467], [72.6803, 21.4521], [72.6511, 21.4534], [72.7058, 21.527], [72.7366, 21.5389], [72.6976, 21.5336], [72.6844, 21.5442], [72.6646, 21.5396], [72.6589, 21.5489], [72.6353, 21.5353], [72.6177, 21.5509], [72.6106, 21.5814], [72.6323, 21.6152], [72.7002, 21.6454], [72.7309, 21.6374], [72.7864, 21.6427], [72.8074, 21.658], [72.7276, 21.6858], [72.6237, 21.6822], [72.5528, 21.6616], [72.5277, 21.6782], [72.5431, 21.7336], [72.5971, 21.7495], [72.5783, 21.7743], [72.6102, 21.7889], [72.5956, 21.8042], [72.6222, 21.8095], [72.6319, 21.9163], [72.6428, 21.9418], [72.6668, 21.9554], [72.6379, 21.9607], [72.5948, 21.9315], [72.5824, 21.9182], [72.5828, 21.8904], [72.5697, 21.8834], [72.5149, 21.8854], [72.5089, 21.9441], [72.5438, 22.1291], [72.5667, 22.1822], [72.6053, 22.213], [72.6481, 22.2157], [72.7024, 22.1838], [72.7523, 22.1732], [72.8089, 22.2236], [72.8506, 22.2303], [72.86780465228888, 22.214345309264207]]]}}, {"type": "Feature", "properties": {"dt_code": "478", "district": "Porbandar", "st_nm": "Gujarat", "st_code": "24", "year": "2011_c"}, "geometry": {"type": "Polygon", "coordinates": [[[69.71977683833813, 21.9736221829735], [69.725, 21.9378], [69.707, 21.9345], [69.6883, 21.9123], [69.6819, 21.9285], [69.6665, 21.9262], [69.6722, 21.904], [69.656, 21.8695], [69.6339, 21.8755], [69.6092, 21.8642], [69.6163, 21.8032], [69.6317, 21.8052], [69.6302, 21.8294], [69.6467, 21.8393], [69.6564, 21.838], [69.6647, 21.8121], [69.6845, 21.8228], [69.7115, 21.7942], [69.7393, 21.8347], [69.7622, 21.8228], [69.8079, 21.8244], [69.8143, 21.8221], [69.8086, 21.7617], [69.8184, 21.7422], [69.8338, 21.7438], [69.8484, 21.7322], [69.8671, 21.7382], [69.8664, 21.7803], [69.8821, 21.768], [69.992, 21.8078], [70.0108, 21.8049], [70.0078, 21.7545], [70.0198, 21.7458], [70.0198, 21.7133], [70.0239, 21.7113], [70.0396, 21.7034], [70.0483, 21.6991], [70.052, 21.7034], [70.0786, 21.7326], [70.0741, 21.7382], [70.0835, 21.7369], [70.0888, 21.7031], [70.1176, 21.7067], [70.142, 21.6868], [70.1476, 21.6682], [70.1488, 21.6639], [70.1349, 21.6636], [70.121, 21.6805], [70.103, 21.6629], [70.109, 21.645], [70.0906, 21.6493], [70.0565, 21.6371], [70.058, 21.6271], [70.0385, 21.6125], [70.0685, 21.6102], [70.0708, 21.585], [70.0475, 21.5867], [70.0471, 21.5976], [70.0344, 21.593], [70.0306, 21.6019], [69.9905, 21.5794], [69.986, 21.6023], [69.9643, 21.5916], [70.0025, 21.5436], [69.9819, 21.5306], [69.9961, 21.4743], [70.0408, 21.4753], [70.0516, 21.4451], [70.0303, 21.4345], [70.0209, 21.4444], [69.9815, 21.4351], [69.9871, 21.4235], [69.9601, 21.4143], [69.962, 21.406], [69.944, 21.3973], [69.9459, 21.3794], [69.9414, 21.3728], [69.9481, 21.3599], [69.9508, 21.3552], [69.9571, 21.3433], [69.9785, 21.336], [69.9763, 21.2952], [69.9961, 21.2985], [70.0126, 21.278], [70.0276, 21.2803], [69.9819, 21.2279], [69.7078, 21.5349], [69.722, 21.5393], [69.7059, 21.5369], [69.6028, 21.6371], [69.5664, 21.6513], [69.3718, 21.8294], [69.3962, 21.8881], [69.3999, 21.8921], [69.4299, 21.8798], [69.4475, 21.8536], [69.4869, 21.8556], [69.4865, 21.8974], [69.4997, 21.8954], [69.5042, 21.9047], [69.5342, 21.8947], [69.5514, 21.9335], [69.56, 21.9401], [69.6114, 21.9488], [69.6275, 21.9206], [69.6545, 21.9242], [69.6497, 21.956], [69.6853, 21.9597], [69.6902, 21.9796], [69.71977683833813, 21.9736221829735]]]}}, {"type": "Feature", "properties": {"dt_code": "487", "district": "Narmada", "st_nm": "Gujarat", "st_code": "24", "year": "2011_c"}, "geometry": {"type": "Polygon", "coordinates": [[[73.3039161886349, 21.88741279890245], [73.3155, 21.8844], [73.3414, 21.8755], [73.3444, 21.9143], [73.3579, 21.9285], [73.3628, 21.9285], [73.3763, 21.9295], [73.4127, 21.9119], [73.4164, 21.9103], [73.4205, 21.9133], [73.4385, 21.9265], [73.449, 21.9749], [73.4618, 21.9799], [73.5038, 21.9627], [73.5143, 21.9902], [73.4952, 22.0174], [73.5, 22.0396], [73.5139, 22.0376], [73.5218, 22.0565], [73.5308, 22.0505], [73.545, 22.0476], [73.563, 22.0612], [73.5758, 22.0539], [73.5912, 22.0665], [73.6092, 22.0817], [73.6148, 22.0701], [73.6309, 22.0794], [73.6305, 22.0668], [73.6485, 22.0721], [73.6605, 22.0429], [73.6845, 22.0512], [73.6699, 22.0147], [73.6797, 22.0008], [73.6902, 22.0114], [73.689, 21.9872], [73.7078, 22.0078], [73.7048, 21.9766], [73.7288, 21.9816], [73.7483, 21.9623], [73.7708, 21.9677], [73.7899, 21.9312], [73.7993, 21.9484], [73.8083, 21.9401], [73.8045, 21.9312], [73.8551, 21.9524], [73.8683, 21.9242], [73.8893, 21.9262], [73.9185, 21.8947], [73.9403, 21.8712], [73.9294, 21.8645], [73.8713, 21.841], [73.8165, 21.8407], [73.7955, 21.8244], [73.8079, 21.8098], [73.827, 21.8102], [73.8274, 21.7926], [73.8379, 21.7893], [73.8289, 21.786], [73.8341, 21.775], [73.824, 21.7611], [73.8829, 21.7123], [73.8945, 21.6759], [73.8881, 21.653], [73.8739, 21.6474], [73.8521, 21.646], [73.8386, 21.6331], [73.8143, 21.644], [73.7802, 21.6281], [73.7978, 21.6046], [73.8139, 21.6006], [73.8349, 21.5204], [73.8521, 21.4978], [73.8694, 21.5008], [73.8645, 21.5121], [73.8926, 21.5091], [73.9054, 21.5247], [73.9519, 21.5127], [73.9571, 21.5409], [73.9661, 21.5217], [73.9823, 21.5223], [73.9725, 21.4895], [73.9894, 21.4812], [73.9714, 21.4617], [73.8818, 21.4507], [73.8188, 21.4013], [73.8027, 21.4116], [73.7888, 21.4109], [73.7678, 21.4103], [73.7307, 21.4086], [73.6988, 21.399], [73.6898, 21.4464], [73.6763, 21.4726], [73.6523, 21.4802], [73.6069, 21.4723], [73.6002, 21.4845], [73.5552, 21.4746], [73.4944, 21.4855], [73.488, 21.5154], [73.4685, 21.5081], [73.4528, 21.528], [73.4434, 21.5492], [73.4449, 21.5595], [73.4734, 21.5936], [73.4708, 21.6089], [73.4824, 21.6109], [73.4858, 21.6387], [73.4749, 21.659], [73.5, 21.6808], [73.4877, 21.7041], [73.4693, 21.721], [73.4397, 21.7094], [73.4318, 21.718], [73.407, 21.7094], [73.3954, 21.717], [73.4097, 21.7495], [73.3943, 21.7601], [73.3954, 21.7757], [73.3744, 21.7803], [73.356, 21.8102], [73.3362, 21.8102], [73.329, 21.8347], [73.3088, 21.8221], [73.2994, 21.8274], [73.3084, 21.8513], [73.3039161886349, 21.88741279890245]]]}}, {"type": "Feature", "properties": {"dt_code": "492", "district": "Surat", "st_nm": "Gujarat", "st_code": "24", "year": "2011_c"}, "geometry": {"type": "Polygon", "coordinates": [[[72.73543373884938, 21.474602479023755], [72.7613, 21.4487], [72.7849, 21.4574], [72.7872, 21.4398], [72.7876, 21.4216], [72.8232, 21.4262], [72.8509, 21.4534], [72.8678, 21.4441], [72.8712, 21.456], [72.8779, 21.4464], [72.8682, 21.4335], [72.8877, 21.4448], [72.9068, 21.4298], [72.9233, 21.4693], [72.9529, 21.4839], [72.9413, 21.5124], [72.9837, 21.5227], [72.9863, 21.5412], [73.0208, 21.521], [73.0167, 21.4988], [73.026, 21.4826], [73.0549, 21.4842], [73.0564, 21.5028], [73.0365, 21.5333], [73.0485, 21.5419], [73.0478, 21.5538], [73.0557, 21.5688], [73.0755, 21.5515], [73.0778, 21.5054], [73.1033, 21.5078], [73.1194, 21.4836], [73.1415, 21.4981], [73.1715, 21.4952], [73.1888, 21.5068], [73.2503, 21.4938], [73.2728, 21.5107], [73.3092, 21.5078], [73.3245, 21.4855], [73.3459, 21.522], [73.3992, 21.5088], [73.4513, 21.5273], [73.4685, 21.5081], [73.488, 21.5154], [73.4944, 21.4855], [73.5552, 21.4746], [73.5979, 21.4839], [73.6069, 21.4723], [73.6512, 21.4799], [73.6752, 21.4729], [73.6898, 21.4464], [73.6988, 21.399], [73.665, 21.3824], [73.6377, 21.3804], [73.5897, 21.3655], [73.5353, 21.3685], [73.5248, 21.3503], [73.5117, 21.3572], [73.5102, 21.3788], [73.4547, 21.3838], [73.4322, 21.3138], [73.4475, 21.3075], [73.4423, 21.2677], [73.4123, 21.278], [73.365, 21.269], [73.3752, 21.2253], [73.2885, 21.1964], [73.2848, 21.1563], [73.254, 21.1221], [73.2233, 21.1337], [73.227, 21.1172], [73.2473, 21.1145], [73.2533, 21.0926], [73.1985, 21.0774], [73.2124, 21.0386], [73.2045, 21.019], [73.2405, 20.9912], [73.2098, 20.9573], [73.2552, 20.9474], [73.2604, 20.9225], [73.2885, 20.9325], [73.3155, 20.9023], [73.3167, 20.8798], [73.3114, 20.8791], [73.3028, 20.8532], [73.3129, 20.8413], [73.3028, 20.837], [73.3002, 20.8181], [73.2537, 20.8197], [73.2439, 20.8323], [73.2477, 20.8486], [73.1955, 20.8599], [73.1723, 20.8983], [73.1607, 20.902], [73.1258, 20.8973], [73.1258, 20.9225], [73.0924, 20.9368], [73.0883, 20.967], [73.065, 20.9746], [73.0253, 21.0203], [73.0084, 21.0223], [73.0185, 21.0578], [72.9938, 21.0794], [72.9953, 21.0598], [72.9646, 21.0581], [72.9698, 21.0688], [72.9619, 21.0741], [72.9627, 21.0658], [72.9522, 21.0694], [72.9263, 21.0518], [72.9282, 21.0426], [72.9121, 21.0419], [72.9079, 21.0416], [72.8922, 21.0621], [72.8881, 21.0479], [72.8712, 21.0562], [72.8569, 21.0499], [72.8611, 21.0373], [72.8453, 21.0469], [72.8359, 21.0339], [72.8314, 21.0555], [72.8142, 21.0555], [72.7928, 21.0734], [72.7752, 21.0621], [72.7504, 21.0618], [72.6991, 21.0615], [72.6923, 21.0784], [72.7021, 21.0956], [72.6649, 21.0996], [72.6481, 21.0751], [72.6207, 21.0993], [72.6379, 21.211], [72.6574, 21.2246], [72.6222, 21.2425], [72.5982, 21.3171], [72.6214, 21.3244], [72.6274, 21.3413], [72.6541, 21.3463], [72.6522, 21.3841], [72.6934, 21.4617], [72.73543373884938, 21.474602479023755]]]}}, {"type": "Feature", "properties": {"dt_code": "493", "district": "Tapi", "st_nm": "Gujarat", "st_code": "24", "year": "2011_c"}, "geometry": {"type": "Polygon", "coordinates": [[[73.807150652759, 21.008740230485955], [73.8259, 20.9892], [73.8439, 20.9882], [73.8461, 20.9998], [73.8488, 20.9981], [73.869, 20.9852], [73.9013, 20.9822], [73.9076, 20.9597], [73.8923, 20.9557], [73.8863, 20.9321], [73.8758, 20.9278], [73.8671, 20.9441], [73.7974, 20.9587], [73.7899, 20.9839], [73.7528, 21.0061], [73.6602, 21.0077], [73.638, 20.9753], [73.6107, 20.9925], [73.6133, 20.9812], [73.596, 20.959], [73.5852, 20.9699], [73.5912, 20.9995], [73.5649, 21.0104], [73.5469, 21.0064], [73.5375, 20.951], [73.5199, 20.9471], [73.53, 20.9345], [73.5124, 20.9355], [73.4895, 20.9139], [73.488, 20.8914], [73.4993, 20.8774], [73.4918, 20.8615], [73.5049, 20.8436], [73.4963, 20.8191], [73.4925, 20.8184], [73.4423, 20.8085], [73.3962, 20.8274], [73.3812, 20.8244], [73.3504, 20.8486], [73.3497, 20.8595], [73.3328, 20.8599], [73.3167, 20.8798], [73.3155, 20.9023], [73.2885, 20.9325], [73.2604, 20.9225], [73.2552, 20.9474], [73.2098, 20.9573], [73.2405, 20.9912], [73.2045, 21.019], [73.2124, 21.0386], [73.1985, 21.0774], [73.2533, 21.0926], [73.2473, 21.1145], [73.227, 21.1172], [73.2233, 21.1337], [73.254, 21.1221], [73.2848, 21.1563], [73.2885, 21.1964], [73.3752, 21.2253], [73.365, 21.269], [73.4123, 21.278], [73.4423, 21.2677], [73.4475, 21.3075], [73.4322, 21.3138], [73.4547, 21.3838], [73.5102, 21.3788], [73.5117, 21.3572], [73.5248, 21.3503], [73.5345, 21.3685], [73.5897, 21.3655], [73.6377, 21.3804], [73.665, 21.3824], [73.6992, 21.3964], [73.7307, 21.4086], [73.7678, 21.4103], [73.7888, 21.4109], [73.8027, 21.4116], [73.8188, 21.4013], [73.8818, 21.4507], [73.9714, 21.4617], [73.9894, 21.4812], [73.9729, 21.4885], [73.9823, 21.522], [73.974, 21.5426], [73.998, 21.5386], [74.0051, 21.5535], [74.0378, 21.5505], [74.043, 21.5422], [74.0546, 21.5585], [74.0723, 21.5479], [74.103, 21.5562], [74.1131, 21.5482], [74.1191, 21.5562], [74.1368, 21.5462], [74.1649, 21.5688], [74.1758, 21.5688], [74.1953, 21.532], [74.229, 21.5542], [74.2361, 21.5393], [74.2635, 21.5399], [74.2763, 21.5618], [74.2995, 21.5684], [74.3029, 21.5522], [74.3303, 21.5529], [74.3205, 21.4985], [74.304, 21.4995], [74.304, 21.4879], [74.2556, 21.4766], [74.2534, 21.4676], [74.2358, 21.4676], [74.2343, 21.4822], [74.214, 21.4816], [74.2091, 21.462], [74.1878, 21.458], [74.1821, 21.469], [74.1611, 21.4686], [74.136, 21.456], [74.1251, 21.4666], [74.1008, 21.4477], [74.0723, 21.457], [74.0633, 21.4746], [74.0456, 21.4461], [74.0445, 21.4192], [74.0025, 21.4212], [73.9594, 21.3954], [73.9388, 21.405], [73.9489, 21.3509], [73.9421, 21.2992], [73.8795, 21.2657], [73.8225, 21.2707], [73.8282, 21.2398], [73.8117, 21.2309], [73.8105, 21.2074], [73.8154, 21.1971], [73.8259, 21.2001], [73.8259, 21.1868], [73.8158, 21.1739], [73.7847, 21.1838], [73.7723, 21.1646], [73.74, 21.1709], [73.7284, 21.1616], [73.7329, 21.142], [73.7187, 21.1397], [73.7014, 21.1536], [73.6677, 21.1546], [73.6343, 21.1407], [73.629, 21.1546], [73.6077, 21.1589], [73.6065, 21.1788], [73.5773, 21.1705], [73.5784, 21.1503], [73.5987, 21.1563], [73.6174, 21.1424], [73.6182, 21.1182], [73.6463, 21.1211], [73.6515, 21.1075], [73.6887, 21.1006], [73.7029, 21.1182], [73.7052, 21.1082], [73.7295, 21.0996], [73.7434, 21.1148], [73.7299, 21.0823], [73.737, 21.0797], [73.7382, 21.0412], [73.7682, 21.031], [73.7637, 21.0154], [73.7622, 21.0111], [73.8008, 21.0293], [73.8064, 21.032], [73.807150652759, 21.008740230485955]]]}}, {"type": "Feature", "properties": {"dt_code": "726", "district": "Botad", "st_nm": "Gujarat", "st_code": "24", "year": "update2014"}, "geometry": {"type": "Polygon", "coordinates": [[[71.58984410554152, 21.687804917322552], [71.5898, 21.7064], [71.5981, 21.7213], [71.6018, 21.7276], [71.5973, 21.7296], [71.5546, 21.7472], [71.54, 21.7743], [71.5163, 21.7797], [71.4995, 21.8032], [71.4702, 21.7999], [71.4556, 21.8261], [71.4593, 21.8456], [71.4477, 21.8516], [71.4537, 21.8708], [71.4162, 21.8828], [71.4248, 21.9113], [71.4605, 21.8964], [71.4668, 21.9282], [71.4481, 21.9514], [71.4042, 21.9507], [71.3952, 21.9637], [71.3911, 21.972], [71.3926, 21.9806], [71.4627, 22.0021], [71.4612, 22.0363], [71.5006, 22.0539], [71.5002, 22.1033], [71.5092, 22.1119], [71.4942, 22.1354], [71.4758, 22.1391], [71.4856, 22.1868], [71.4488, 22.2104], [71.4331, 22.2087], [71.4346, 22.2197], [71.4612, 22.2309], [71.4601, 22.2565], [71.4372, 22.2611], [71.4458, 22.2893], [71.4953, 22.3039], [71.5313, 22.343], [71.5651, 22.342], [71.5692, 22.3224], [71.579, 22.3201], [71.5921, 22.3546], [71.6018, 22.3397], [71.63, 22.344], [71.6262, 22.3828], [71.6356, 22.3805], [71.6502, 22.402], [71.6738, 22.3844], [71.7117, 22.399], [71.7211, 22.3821], [71.7353, 22.3825], [71.7413, 22.3636], [71.7548, 22.3609], [71.7931, 22.3636], [71.7965, 22.396], [71.837, 22.3964], [71.8317, 22.3606], [71.8448, 22.3579], [71.8497, 22.3612], [71.8625, 22.3708], [71.8842, 22.3669], [71.8988, 22.3453], [71.8835, 22.3281], [71.8415, 22.3244], [71.8591, 22.3075], [71.8355, 22.2664], [71.8591, 22.2575], [71.8707, 22.2661], [71.888, 22.2531], [71.9341, 22.271], [71.9435, 22.2528], [72.014, 22.2412], [72.059, 22.2482], [72.0721, 22.2289], [72.0856, 22.2289], [72.0871, 22.2177], [72.1317, 22.1988], [72.1302, 22.1765], [72.1115, 22.1696], [72.1175, 22.152], [72.1696, 22.1474], [72.1486, 22.1155], [72.0863, 22.0973], [72.0605, 22.1023], [72.0323, 22.1212], [72.0207, 22.1043], [71.921, 22.1301], [71.9157, 22.1086], [71.8932, 22.1049], [71.8921, 22.0854], [71.8737, 22.0814], [71.8632, 22.0575], [71.8396, 22.0665], [71.8295, 22.0578], [71.867, 22.0452], [71.8782, 22.0237], [71.8677, 22.0094], [71.8051, 22.022], [71.7938, 22.0217], [71.789, 22.0074], [71.735, 22.0104], [71.7357, 21.9982], [71.7113, 21.9806], [71.7001, 21.9524], [71.6761, 21.9438], [71.6903, 21.9093], [71.684, 21.8702], [71.6637, 21.8655], [71.6645, 21.8463], [71.6412, 21.8334], [71.6172, 21.8337], [71.6176, 21.8188], [71.6018, 21.8121], [71.5996, 21.8009], [71.5992, 21.7853], [71.5992, 21.7813], [71.6352, 21.7753], [71.6326, 21.7525], [71.612, 21.7448], [71.6172, 21.7309], [71.624, 21.7286], [71.6375, 21.71], [71.6382, 21.7067], [71.6191, 21.6968], [71.6052, 21.6928], [71.58984410554152, 21.687804917322552]]]}}, {"type": "Feature", "properties": {"dt_code": "731", "district": "Chhota Udaipur", "st_nm": "Gujarat", "st_code": "24", "year": "update2014"}, "geometry": {"type": "Polygon", "coordinates": [[[73.94027154304518, 21.871165645750594], [73.9185, 21.8947], [73.8893, 21.9262], [73.8683, 21.9242], [73.8551, 21.9524], [73.8038, 21.9295], [73.8083, 21.9401], [73.7993, 21.9484], [73.7899, 21.9312], [73.7708, 21.9677], [73.7483, 21.9623], [73.7288, 21.9816], [73.7048, 21.9766], [73.7078, 22.0078], [73.689, 21.9872], [73.6902, 22.0114], [73.6797, 22.0008], [73.6699, 22.0147], [73.6845, 22.0512], [73.6605, 22.0429], [73.6485, 22.0721], [73.6305, 22.0668], [73.6309, 22.0794], [73.6148, 22.0701], [73.6092, 22.0817], [73.5912, 22.0665], [73.5762, 22.0535], [73.5653, 22.0598], [73.545, 22.0476], [73.5308, 22.0505], [73.5293, 22.0618], [73.5398, 22.0641], [73.5432, 22.0648], [73.5323, 22.0714], [73.5405, 22.0913], [73.5143, 22.092], [73.4877, 22.0711], [73.4854, 22.0741], [73.4779, 22.097], [73.4787, 22.1003], [73.5012, 22.1122], [73.5188, 22.1447], [73.506, 22.1447], [73.4963, 22.1669], [73.5053, 22.1994], [73.4809, 22.219], [73.5435, 22.27], [73.5443, 22.3311], [73.563, 22.3284], [73.62, 22.3261], [73.6294, 22.3311], [73.6125, 22.338], [73.6163, 22.3606], [73.6335, 22.3781], [73.6298, 22.3897], [73.644, 22.3871], [73.695, 22.3632], [73.7052, 22.3586], [73.7037, 22.3486], [73.6894, 22.346], [73.6939, 22.339], [73.6894, 22.3387], [73.6553, 22.3364], [73.6455, 22.3151], [73.629, 22.3128], [73.6347, 22.3025], [73.6534, 22.2883], [73.6973, 22.2863], [73.6988, 22.2996], [73.7138, 22.3032], [73.7168, 22.2899], [73.7307, 22.288], [73.7258, 22.3374], [73.7494, 22.3437], [73.77, 22.3834], [73.7352, 22.3884], [73.7295, 22.4143], [73.7408, 22.4385], [73.7367, 22.4547], [73.7228, 22.46], [73.7288, 22.5154], [73.7412, 22.5366], [73.7554, 22.5472], [73.803, 22.5489], [73.8439, 22.5234], [73.8728, 22.5055], [73.8761, 22.5031], [73.8908, 22.5051], [73.9058, 22.5075], [73.9361, 22.5383], [73.965, 22.536], [74.0153, 22.5592], [74.0183, 22.5738], [74.0595, 22.5542], [74.061, 22.5506], [74.0411, 22.5416], [74.0336, 22.4902], [74.0408, 22.4866], [74.0546, 22.5091], [74.0828, 22.5065], [74.088, 22.4826], [74.0768, 22.4836], [74.0756, 22.464], [74.1045, 22.4647], [74.0985, 22.4421], [74.1195, 22.4189], [74.1495, 22.4557], [74.1604, 22.4312], [74.184, 22.4415], [74.1799, 22.4627], [74.1908, 22.476], [74.2028, 22.4677], [74.2016, 22.4345], [74.2133, 22.4315], [74.2151, 22.4415], [74.244, 22.4338], [74.2376, 22.4219], [74.2478, 22.4146], [74.2556, 22.4289], [74.2676, 22.4053], [74.2909, 22.3937], [74.2568, 22.3994], [74.2433, 22.3758], [74.2238, 22.3798], [74.2241, 22.3566], [74.2039, 22.3665], [74.19, 22.3201], [74.1281, 22.333], [74.1255, 22.3563], [74.1053, 22.3718], [74.0648, 22.3546], [74.0719, 22.3367], [74.0524, 22.2939], [74.0588, 22.2747], [74.0745, 22.2654], [74.0749, 22.2475], [74.0873, 22.2429], [74.0693, 22.2326], [74.0723, 22.219], [74.1225, 22.2124], [74.1214, 22.1676], [74.1341, 22.1606], [74.1229, 22.1358], [74.1244, 22.0976], [74.1525, 22.1059], [74.1788, 22.0854], [74.1645, 22.083], [74.16, 22.0588], [74.1315, 22.0479], [74.1401, 22.0406], [74.0921, 22.0151], [74.0981, 21.9982], [74.1506, 21.9866], [74.1398, 21.9677], [74.1469, 21.9484], [74.0509, 21.9265], [73.94027154304518, 21.871165645750594]]]}}, {"type": "Feature", "properties": {"dt_code": "729", "district": "Gir Somnath", "st_nm": "Gujarat", "st_code": "24", "year": "update2014"}, "geometry": {"type": "Polygon", "coordinates": [[[70.85411681894577, 21.167564441909164], [70.8927, 21.1855], [70.9494, 21.1689], [71.0056, 21.1662], [71.0225, 21.1447], [71.0761, 21.1165], [71.096, 21.0867], [71.1346, 21.0674], [71.1485, 21.0316], [71.1312, 21.0064], [71.123, 20.9633], [71.1432, 20.9501], [71.1875, 20.9676], [71.1935, 20.9789], [71.2197, 20.957], [71.2055, 20.9268], [71.1777, 20.9189], [71.1935, 20.902], [71.1792, 20.8808], [71.2047, 20.8738], [71.2235, 20.8178], [71.2051, 20.7962], [71.2077, 20.7922], [71.1575, 20.7793], [71.1489, 20.7581], [71.0919, 20.7571], [71.0784, 20.7501], [71.0799, 20.7378], [71.0499, 20.7309], [70.9996, 20.7422], [70.9805, 20.7226], [70.9606, 20.7365], [70.9385, 20.7322], [70.9197, 20.7428], [70.8781, 20.7282], [70.8736, 20.7044], [70.8455, 20.707], [70.8335, 20.6977], [70.8132, 20.7186], [70.805, 20.7063], [70.8395, 20.6908], [70.8271, 20.6904], [70.6482, 20.7627], [70.658, 20.7846], [70.6344, 20.7683], [70.6137, 20.7713], [70.5474, 20.8052], [70.586, 20.7962], [70.586, 20.8134], [70.5523, 20.8078], [70.5459, 20.8164], [70.5421, 20.8018], [70.4735, 20.8436], [70.4476, 20.8483], [70.3929, 20.8943], [70.3644, 20.9013], [70.2519, 20.9786], [70.2391, 20.9925], [70.2751, 21.018], [70.2935, 21.0194], [70.3033, 21.0061], [70.3513, 21.0336], [70.373, 21.0077], [70.3929, 21.0187], [70.4008, 21.0532], [70.4218, 21.0409], [70.4323, 21.0485], [70.445, 21.0359], [70.4581, 21.0465], [70.4585, 21.0538], [70.448, 21.091], [70.466, 21.0963], [70.472, 21.1135], [70.4645, 21.1261], [70.4904, 21.1437], [70.5031, 21.1871], [70.5496, 21.1752], [70.5751, 21.1957], [70.5729, 21.1984], [70.5399, 21.2365], [70.5279, 21.2906], [70.5324, 21.2839], [70.5346, 21.2806], [70.5418, 21.2836], [70.5927, 21.281], [70.6722, 21.2548], [70.7026, 21.2594], [70.7105, 21.2452], [70.7476, 21.2385], [70.7589, 21.2146], [70.7424, 21.1845], [70.7427, 21.1805], [70.7465, 21.1351], [70.7499, 21.1321], [70.7536, 21.1308], [70.7566, 21.1301], [70.7904, 21.1633], [70.7934, 21.146], [70.8129, 21.1437], [70.8132, 21.1215], [70.8511, 21.1201], [70.85411681894577, 21.167564441909164]]]}}, {"type": "Feature", "properties": {"dt_code": "476", "district": "Rajkot", "st_nm": "Gujarat", "st_code": "24", "year": "2011_c"}, "geometry": {"type": "Polygon", "coordinates": [[[71.39260019486396, 21.98058524861001], [71.3817, 21.9889], [71.3442, 21.9822], [71.3307, 22.0313], [71.303, 22.0416], [71.2775, 22.0194], [71.2992, 21.9756], [71.2887, 21.9703], [71.294, 21.9623], [71.2632, 21.9577], [71.2591, 21.9637], [71.2527, 21.9723], [71.2512, 22.0111], [71.1924, 22.0118], [71.1901, 22.0098], [71.1987, 22.0021], [71.2006, 21.9716], [71.1789, 21.96], [71.1631, 21.9633], [71.1474, 21.9454], [71.1282, 21.9474], [71.1151, 21.9189], [71.0559, 21.9047], [71.0634, 21.8854], [71.0304, 21.8741], [71.0574, 21.849], [71.105, 21.8715], [71.1095, 21.8513], [71.0851, 21.8221], [71.0472, 21.8247], [71.0394, 21.8068], [71.0521, 21.7913], [71.0416, 21.7687], [71.0472, 21.7558], [71.0262, 21.7382], [71.0229, 21.7356], [70.9782, 21.7259], [70.9644, 21.7505], [70.9299, 21.7472], [70.9209, 21.7637], [70.8972, 21.7704], [70.8796, 21.7319], [70.8354, 21.7452], [70.8147, 21.7442], [70.8181, 21.7319], [70.8005, 21.7422], [70.778, 21.7309], [70.7851, 21.72], [70.7671, 21.7104], [70.7754, 21.7001], [70.8084, 21.712], [70.7956, 21.6971], [70.7967, 21.6689], [70.7937, 21.6679], [70.7776, 21.6623], [70.7566, 21.6762], [70.7364, 21.6659], [70.7431, 21.6414], [70.7364, 21.6411], [70.7304, 21.6364], [70.724, 21.6109], [70.7015, 21.6042], [70.6854, 21.6351], [70.6561, 21.649], [70.6422, 21.652], [70.6344, 21.6348], [70.6081, 21.6208], [70.6006, 21.6298], [70.5508, 21.6348], [70.5448, 21.6454], [70.5538, 21.6477], [70.5523, 21.6729], [70.5061, 21.6669], [70.5061, 21.656], [70.4885, 21.6487], [70.4874, 21.6553], [70.4585, 21.65], [70.4506, 21.6732], [70.4409, 21.6739], [70.4364, 21.6586], [70.3681, 21.6394], [70.3659, 21.5963], [70.3036, 21.5897], [70.2913, 21.5701], [70.2958, 21.5462], [70.2601, 21.527], [70.2463, 21.5674], [70.2718, 21.5757], [70.2654, 21.6132], [70.2448, 21.6132], [70.2279, 21.6384], [70.1656, 21.6125], [70.139, 21.6122], [70.127, 21.6434], [70.1518, 21.653], [70.1488, 21.6639], [70.1476, 21.6682], [70.142, 21.6868], [70.1176, 21.7067], [70.0888, 21.7031], [70.0835, 21.7369], [70.0741, 21.7382], [70.0708, 21.7389], [70.0299, 21.7932], [70.094, 21.8025], [70.0805, 21.8198], [70.1094, 21.8244], [70.0903, 21.8354], [70.0955, 21.8496], [70.1278, 21.8655], [70.1218, 21.8751], [70.1405, 21.8907], [70.1446, 21.9415], [70.1709, 21.9312], [70.1765, 21.895], [70.1964, 21.8927], [70.2174, 21.906], [70.2181, 21.9348], [70.2028, 21.9637], [70.2474, 21.9633], [70.2658, 22.0018], [70.2886, 22.0058], [70.2995, 21.9942], [70.2939, 22.0131], [70.3261, 22.0154], [70.3306, 22.0515], [70.4143, 22.036], [70.4128, 22.0253], [70.4525, 22.035], [70.4611, 22.0545], [70.5301, 22.0442], [70.5204, 22.019], [70.5005, 22.0217], [70.5009, 21.9972], [70.5695, 22.0273], [70.571, 22.037], [70.5496, 22.0462], [70.5466, 22.0608], [70.5616, 22.0731], [70.5511, 22.0811], [70.5538, 22.0913], [70.5823, 22.0996], [70.589, 22.1179], [70.5699, 22.1225], [70.5624, 22.1454], [70.568, 22.1606], [70.5875, 22.1669], [70.58, 22.1845], [70.6149, 22.1895], [70.5875, 22.2084], [70.5789, 22.2399], [70.5489, 22.2293], [70.5365, 22.2495], [70.5193, 22.2449], [70.5054, 22.2833], [70.4735, 22.3092], [70.469, 22.3254], [70.4998, 22.3228], [70.5301, 22.3433], [70.5174, 22.3612], [70.487, 22.3622], [70.4735, 22.3785], [70.4934, 22.4123], [70.5076, 22.4133], [70.5058, 22.4282], [70.4585, 22.4193], [70.4454, 22.4338], [70.4619, 22.4388], [70.4559, 22.4494], [70.4656, 22.4697], [70.4878, 22.4498], [70.4986, 22.4518], [70.4994, 22.4899], [70.5335, 22.4584], [70.5526, 22.4624], [70.5403, 22.4793], [70.5868, 22.4905], [70.5748, 22.5131], [70.5354, 22.4949], [70.5286, 22.5148], [70.5425, 22.5337], [70.5658, 22.5337], [70.5714, 22.5201], [70.6017, 22.531], [70.5804, 22.5522], [70.5609, 22.5436], [70.5545, 22.5512], [70.55, 22.5572], [70.5646, 22.6033], [70.5811, 22.6039], [70.5849, 22.6139], [70.604, 22.6066], [70.6047, 22.5844], [70.6396, 22.5801], [70.6194, 22.5327], [70.6254, 22.5108], [70.6437, 22.5174], [70.6434, 22.5085], [70.6591, 22.5035], [70.655, 22.4919], [70.6677, 22.4796], [70.6572, 22.475], [70.6801, 22.4617], [70.6944, 22.4368], [70.7244, 22.4262], [70.7394, 22.4322], [70.7499, 22.4146], [70.7727, 22.4345], [70.7915, 22.4216], [70.8057, 22.4342], [70.7919, 22.4342], [70.7855, 22.4547], [70.7956, 22.475], [70.8136, 22.4819], [70.8211, 22.4703], [70.8714, 22.4594], [70.8909, 22.4428], [70.928, 22.4411], [70.9377, 22.4269], [70.9805, 22.4153], [70.9914, 22.4017], [71.0127, 22.412], [71.0356, 22.3927], [71.0394, 22.3884], [71.0184, 22.3778], [71.0187, 22.3384], [71.0187, 22.3337], [71.0645, 22.3078], [71.057, 22.2787], [71.0817, 22.2558], [71.1151, 22.2551], [71.1076, 22.2462], [71.12, 22.2216], [71.1425, 22.1921], [71.1627, 22.1855], [71.159, 22.1649], [71.1271, 22.1494], [71.1181, 22.1348], [71.1245, 22.1248], [71.144, 22.1245], [71.177, 22.1441], [71.1751, 22.159], [71.1965, 22.1643], [71.192, 22.1752], [71.2171, 22.1872], [71.2332, 22.1639], [71.2494, 22.1696], [71.2771, 22.1596], [71.2966, 22.1683], [71.303, 22.1845], [71.2816, 22.2177], [71.2175, 22.2197], [71.2134, 22.2429], [71.2325, 22.2525], [71.2359, 22.2767], [71.2857, 22.2691], [71.2876, 22.2548], [71.3034, 22.2512], [71.3101, 22.2803], [71.3461, 22.2591], [71.3712, 22.2906], [71.3772, 22.2734], [71.3919, 22.2777], [71.3911, 22.226], [71.3967, 22.2253], [71.4016, 22.2246], [71.4072, 22.224], [71.429, 22.2356], [71.4372, 22.2611], [71.4601, 22.2565], [71.4612, 22.2309], [71.4346, 22.2197], [71.4331, 22.2087], [71.4488, 22.2104], [71.4856, 22.1868], [71.4758, 22.1391], [71.4942, 22.1354], [71.5092, 22.1119], [71.5002, 22.1033], [71.5006, 22.0539], [71.4612, 22.0363], [71.4627, 22.0021], [71.39260019486396, 21.98058524861001]], [[70.80086846283129, 21.774014301393603], [70.7814, 21.7949], [70.7761, 21.8009], [70.766, 21.7806], [70.766, 21.7498], [70.80086846283129, 21.774014301393603]], [[70.51250236528178, 22.45805260654199], [70.5343, 22.4355], [70.5219, 22.4577], [70.5151, 22.459], [70.51250236528178, 22.45805260654199]], [[71.33710190820943, 22.211029563723013], [71.3405, 22.213], [71.3487, 22.218], [71.36, 22.2289], [71.363, 22.2319], [71.36, 22.2352], [71.345, 22.2472], [71.3232, 22.2452], [71.3067, 22.2273], [71.312, 22.2187], [71.3364, 22.2104], [71.33710190820943, 22.211029563723013]]]}}, {"type": "Feature", "properties": {"dt_code": "481", "district": "Bhavnagar", "st_nm": "Gujarat", "st_code": "24", "year": "2011_c"}, "geometry": {"type": "MultiPolygon", "coordinates": [[[[72.35707041969795, 21.79755609473608], [72.3267, 21.8141], [72.3109, 21.841], [72.2926, 21.9673], [72.3289, 22.0134], [72.3751, 22.0287], [72.4238, 22.0064], [72.4444, 21.9627], [72.4381, 21.9275], [72.4002, 21.8841], [72.3893, 21.8191], [72.35707041969795, 21.79755609473608]]], [[[71.67721640818006, 20.996140397429418], [71.666, 21.0313], [71.6405, 21.0286], [71.6375, 21.0588], [71.6101, 21.0548], [71.6082, 21.0694], [71.6273, 21.0724], [71.6285, 21.0767], [71.6251, 21.0979], [71.6228, 21.1129], [71.6086, 21.1271], [71.6022, 21.1334], [71.5902, 21.1453], [71.5546, 21.1589], [71.546, 21.1759], [71.5182, 21.1745], [71.5257, 21.1858], [71.5178, 21.2173], [71.5276, 21.2279], [71.5321, 21.2896], [71.5655, 21.2866], [71.5868, 21.3148], [71.6255, 21.3274], [71.6296, 21.337], [71.63, 21.3887], [71.6165, 21.3891], [71.6116, 21.4043], [71.6146, 21.4411], [71.5332, 21.4431], [71.5246, 21.462], [71.492, 21.4613], [71.4781, 21.4812], [71.5017, 21.5449], [71.546, 21.5588], [71.5583, 21.5834], [71.5572, 21.6278], [71.6228, 21.6324], [71.6213, 21.6477], [71.5898, 21.659], [71.5898, 21.6878], [71.6052, 21.6928], [71.6191, 21.6968], [71.6382, 21.7067], [71.6375, 21.71], [71.624, 21.7286], [71.6172, 21.7309], [71.612, 21.7448], [71.6326, 21.7525], [71.6352, 21.7753], [71.5992, 21.781], [71.5992, 21.7853], [71.5996, 21.8009], [71.6018, 21.8121], [71.6176, 21.8188], [71.6172, 21.8337], [71.6412, 21.8334], [71.6645, 21.8463], [71.6637, 21.8655], [71.684, 21.8702], [71.6903, 21.9093], [71.6761, 21.9438], [71.7001, 21.9524], [71.7113, 21.9806], [71.7357, 21.9982], [71.735, 22.0104], [71.789, 22.0074], [71.7938, 22.0217], [71.8051, 22.022], [71.8677, 22.0094], [71.8782, 22.0237], [71.867, 22.0452], [71.8295, 22.0578], [71.8396, 22.0665], [71.8632, 22.0575], [71.8737, 22.0814], [71.8921, 22.0854], [71.8932, 22.1049], [71.9157, 22.1086], [71.921, 22.1301], [72.0207, 22.1043], [72.0323, 22.1212], [72.0601, 22.1033], [72.0612, 22.0844], [72.0803, 22.0552], [72.1235, 22.0572], [72.1692, 21.9945], [72.1733, 21.9932], [72.2183, 21.9816], [72.2322, 21.9905], [72.2269, 22.0048], [72.2442, 21.9945], [72.2419, 21.9756], [72.2116, 21.962], [72.203, 21.9126], [72.2041, 21.8911], [72.2416, 21.8238], [72.2356, 21.8118], [72.1917, 21.8267], [72.1625, 21.8075], [72.1771, 21.8035], [72.1943, 21.7501], [72.2232, 21.7379], [72.2314, 21.707], [72.2258, 21.6944], [72.2536, 21.6865], [72.2802, 21.6948], [72.2963, 21.6626], [72.3049, 21.6669], [72.2982, 21.6593], [72.3087, 21.6251], [72.2356, 21.456], [72.1081, 21.3025], [72.1115, 21.2929], [72.0826, 21.2452], [72.1122, 21.1987], [72.0173, 21.1536], [72.0098, 21.1347], [71.9888, 21.1397], [72.0263, 21.1788], [72.0095, 21.1861], [71.9933, 21.1589], [71.9787, 21.157], [71.9907, 21.1424], [71.9746, 21.1228], [71.8917, 21.1115], [71.879, 21.09], [71.849, 21.0774], [71.8392, 21.0797], [71.8565, 21.0969], [71.8422, 21.089], [71.8235, 21.0966], [71.822, 21.0804], [71.8373, 21.0747], [71.8118, 21.0678], [71.7961, 21.0482], [71.786, 21.0552], [71.8047, 21.0396], [71.7758, 21.0383], [71.7721, 21.0555], [71.7522, 21.0595], [71.7578, 21.0449], [71.7466, 21.0459], [71.7533, 21.0422], [71.7443, 21.032], [71.7822, 21.0316], [71.7121, 21.0194], [71.67721640818006, 20.996140397429418]], [[71.6539671259329, 21.097933785544082], [71.6532, 21.1102], [71.6483, 21.1162], [71.6345, 21.1036], [71.6438, 21.0983], [71.6345, 21.0946], [71.639, 21.0883], [71.6539671259329, 21.097933785544082]]]]}}, {"type": "Feature", "properties": {"dt_code": "479", "district": "Junagadh", "st_nm": "Gujarat", "st_code": "24", "year": "2011_c"}, "geometry": {"type": "Polygon", "coordinates": [[[70.74312024563672, 21.64138447974583], [70.7701, 21.6434], [70.7776, 21.6623], [70.7937, 21.6663], [70.8102, 21.6391], [70.8282, 21.6348], [70.8642, 21.5989], [70.8946, 21.5349], [70.8875, 21.5277], [70.8489, 21.531], [70.8391, 21.5101], [70.8046, 21.5147], [70.8099, 21.4908], [70.8335, 21.4945], [70.8316, 21.4567], [70.8665, 21.4663], [70.8852, 21.4434], [70.9006, 21.4603], [70.9235, 21.4627], [70.9314, 21.4272], [70.9475, 21.4189], [70.9471, 21.3957], [70.9175, 21.3834], [70.9055, 21.3864], [70.9051, 21.4007], [70.8661, 21.3768], [70.8747, 21.3377], [70.868, 21.3191], [70.9006, 21.3264], [70.9216, 21.3486], [70.9437, 21.3118], [70.9081, 21.2995], [70.8905, 21.2684], [70.8249, 21.2614], [70.805, 21.2352], [70.8099, 21.2256], [70.838, 21.1881], [70.8515, 21.1699], [70.8537, 21.1672], [70.8511, 21.1201], [70.8132, 21.1215], [70.8129, 21.1437], [70.7934, 21.146], [70.7904, 21.1633], [70.7566, 21.1301], [70.7536, 21.1308], [70.7499, 21.1321], [70.7465, 21.1331], [70.7427, 21.1805], [70.7424, 21.1845], [70.7589, 21.2146], [70.7476, 21.2385], [70.7105, 21.2452], [70.7026, 21.2594], [70.6722, 21.2548], [70.5927, 21.281], [70.5418, 21.2836], [70.5346, 21.2806], [70.5324, 21.2839], [70.5279, 21.2906], [70.5399, 21.2365], [70.5729, 21.1984], [70.5755, 21.1957], [70.5496, 21.1752], [70.5031, 21.1871], [70.4904, 21.1437], [70.4645, 21.1261], [70.472, 21.1135], [70.466, 21.0963], [70.448, 21.091], [70.4585, 21.0538], [70.4604, 21.0482], [70.4454, 21.0363], [70.4323, 21.0485], [70.4218, 21.0409], [70.4008, 21.0532], [70.3929, 21.0187], [70.373, 21.0077], [70.3513, 21.0336], [70.3033, 21.0061], [70.2935, 21.0194], [70.2751, 21.018], [70.2403, 20.9925], [70.2215, 21.0028], [70.091, 21.1145], [69.9819, 21.2279], [70.0276, 21.2803], [70.0126, 21.278], [69.9961, 21.2985], [69.9763, 21.2952], [69.9785, 21.336], [69.9571, 21.3433], [69.9508, 21.3552], [69.9481, 21.3599], [69.9414, 21.3728], [69.9459, 21.3794], [69.944, 21.3973], [69.962, 21.406], [69.9609, 21.4116], [69.9579, 21.4136], [69.9871, 21.4235], [69.9815, 21.4351], [70.0209, 21.4444], [70.0303, 21.4345], [70.0516, 21.4451], [70.0408, 21.4753], [69.9961, 21.4743], [69.9819, 21.5306], [70.0025, 21.5436], [69.9643, 21.5916], [69.986, 21.6023], [69.9905, 21.5794], [70.0306, 21.6019], [70.0344, 21.593], [70.0471, 21.5976], [70.0475, 21.5867], [70.0708, 21.585], [70.0685, 21.6102], [70.0385, 21.6125], [70.058, 21.6271], [70.0565, 21.6371], [70.0906, 21.6493], [70.109, 21.645], [70.103, 21.6629], [70.1203, 21.6798], [70.1349, 21.6636], [70.1488, 21.6639], [70.1518, 21.653], [70.127, 21.6434], [70.1386, 21.6122], [70.1656, 21.6125], [70.2279, 21.6384], [70.2448, 21.6132], [70.2654, 21.6132], [70.2718, 21.5757], [70.2463, 21.5674], [70.259, 21.5273], [70.2958, 21.5462], [70.2913, 21.5701], [70.3036, 21.5897], [70.3659, 21.5963], [70.3681, 21.6394], [70.4364, 21.6586], [70.4409, 21.6739], [70.4506, 21.6732], [70.4585, 21.65], [70.4874, 21.6553], [70.4885, 21.6487], [70.5061, 21.656], [70.5061, 21.6669], [70.5523, 21.6729], [70.5538, 21.6477], [70.5448, 21.6454], [70.5508, 21.6348], [70.6006, 21.6298], [70.6081, 21.6208], [70.6344, 21.6348], [70.6422, 21.652], [70.6561, 21.649], [70.6854, 21.6351], [70.7015, 21.6042], [70.724, 21.6109], [70.7304, 21.6364], [70.7364, 21.6411], [70.74312024563672, 21.64138447974583]], [[70.86799139060939, 21.389387818615063], [70.8789, 21.4103], [70.8789, 21.4199], [70.8462, 21.4086], [70.86799139060939, 21.389387818615063]]]}}, {"type": "Feature", "properties": {"dt_code": "477", "district": "Jamnagar", "st_nm": "Gujarat", "st_code": "24", "year": "2011_c"}, "geometry": {"type": "MultiPolygon", "coordinates": [[[[69.8273985158371, 22.495520531157485], [69.8098, 22.4776], [69.7854, 22.4886], [69.8176, 22.5045], [69.8273985158371, 22.495520531157485]]], [[[69.97176905882354, 22.586703533540327], [69.9706, 22.5698], [69.9729, 22.5774], [69.9793, 22.5705], [69.9729, 22.5817], [70.0006, 22.5545], [69.9935, 22.5489], [69.9755, 22.5463], [69.9635, 22.5463], [69.9669, 22.5535], [69.9609, 22.5486], [69.9459, 22.5661], [69.97176905882354, 22.586703533540327]]], [[[70.01601769277781, 22.600961239367464], [70.0374, 22.5884], [70.0385, 22.5738], [70.0018, 22.5545], [69.9853, 22.5884], [69.9999, 22.5718], [69.9901, 22.5967], [70.01601769277781, 22.600961239367464]]], [[[70.07414089839573, 21.738204249548705], [70.0786, 21.7326], [70.052, 21.7034], [70.0483, 21.6991], [70.0396, 21.7034], [70.0239, 21.7113], [70.0198, 21.7133], [70.0198, 21.7458], [70.0078, 21.7545], [70.0108, 21.8049], [69.992, 21.8078], [69.8821, 21.768], [69.8664, 21.7803], [69.8671, 21.7382], [69.8484, 21.7322], [69.8338, 21.7438], [69.8184, 21.7422], [69.8086, 21.7617], [69.8146, 21.8218], [69.8379, 21.8155], [69.9099, 21.8407], [69.9118, 21.8775], [69.9361, 21.893], [69.9193, 21.8997], [69.9151, 21.9275], [69.9335, 21.9607], [69.9031, 21.9653], [69.8769, 22.0104], [69.8536, 22.0197], [69.8705, 22.0379], [69.8574, 22.0439], [69.8585, 22.088], [69.8833, 22.1046], [69.8934, 22.1285], [69.8548, 22.1344], [69.8285, 22.1192], [69.8124, 22.1278], [69.8131, 22.1762], [69.8026, 22.1891], [69.8086, 22.2067], [69.7914, 22.2206], [69.7697, 22.22], [69.7554, 22.2372], [69.7618, 22.2512], [69.7325, 22.3078], [69.7539, 22.3208], [69.7254, 22.3868], [69.7378, 22.4], [69.734, 22.406], [69.7539, 22.4176], [69.7513, 22.4607], [69.7644, 22.4753], [69.7813, 22.4673], [69.7839, 22.4471], [69.7655, 22.4464], [69.7794, 22.4411], [69.7742, 22.4335], [69.7884, 22.4348], [69.782, 22.4153], [69.7921, 22.4309], [69.8056, 22.4236], [69.821, 22.4329], [69.8056, 22.4481], [69.8045, 22.4653], [69.8446, 22.472], [69.8649, 22.46], [69.8645, 22.4637], [69.8713, 22.471], [69.8825, 22.4763], [69.9106, 22.4527], [69.8833, 22.4766], [69.8971, 22.4789], [69.9136, 22.4514], [69.9133, 22.4644], [69.9264, 22.4644], [69.9125, 22.4673], [69.8896, 22.4952], [69.9331, 22.4869], [69.9054, 22.4982], [69.9324, 22.5148], [69.935, 22.5008], [69.9425, 22.5121], [69.944, 22.4998], [69.9489, 22.5075], [69.971, 22.4998], [69.956, 22.5068], [69.9763, 22.5035], [69.9601, 22.5094], [69.9714, 22.5211], [69.9538, 22.5091], [69.9466, 22.528], [69.9594, 22.5227], [69.953, 22.5257], [69.9624, 22.5264], [69.9605, 22.535], [69.9751, 22.5317], [69.9721, 22.54], [69.9845, 22.5413], [69.9755, 22.5426], [70.019, 22.5463], [70.0393, 22.5665], [70.0595, 22.5562], [70.1259, 22.5529], [70.1341, 22.5741], [70.1518, 22.5705], [70.1638, 22.5834], [70.154, 22.5847], [70.1574, 22.5943], [70.1814, 22.5943], [70.1765, 22.6043], [70.2084, 22.6391], [70.1938, 22.6431], [70.2234, 22.661], [70.2125, 22.6779], [70.2223, 22.6858], [70.2189, 22.718], [70.2489, 22.7469], [70.2924, 22.7661], [70.3014, 22.7982], [70.3749, 22.907], [70.397, 22.9183], [70.3985, 22.9053], [70.4109, 22.9266], [70.4146, 22.913], [70.4, 22.8891], [70.415, 22.9133], [70.4113, 22.9269], [70.4191, 22.9186], [70.4161, 22.907], [70.4203, 22.9183], [70.4266, 22.9044], [70.4161, 22.8778], [70.3884, 22.8496], [70.4124, 22.8722], [70.4045, 22.8593], [70.4158, 22.8563], [70.4049, 22.852], [70.4139, 22.846], [70.397, 22.8457], [70.427, 22.842], [70.4146, 22.8344], [70.3914, 22.8394], [70.4139, 22.8341], [70.3966, 22.8334], [70.4098, 22.8297], [70.3966, 22.8218], [70.4038, 22.8162], [70.4146, 22.8274], [70.4229, 22.8288], [70.4214, 22.8188], [70.4495, 22.8433], [70.4563, 22.8357], [70.4649, 22.8606], [70.466, 22.8447], [70.4686, 22.8675], [70.4769, 22.8632], [70.4724, 22.8825], [70.4829, 22.8788], [70.4728, 22.8835], [70.4773, 22.906], [70.4908, 22.8801], [70.4799, 22.9077], [70.4848, 22.913], [70.4941, 22.8964], [70.4998, 22.9037], [70.4836, 22.914], [70.4833, 22.9322], [70.4904, 22.9269], [70.4829, 22.9355], [70.4915, 22.9272], [70.4983, 22.914], [70.4881, 22.9342], [70.499, 22.9226], [70.4968, 22.9342], [70.5099, 22.9368], [70.5474, 22.9266], [70.5789, 22.9176], [70.6055, 22.8811], [70.622, 22.8818], [70.6452, 22.8636], [70.6629, 22.8324], [70.6415, 22.8234], [70.6482, 22.787], [70.6235, 22.7793], [70.6137, 22.7638], [70.6209, 22.7339], [70.6381, 22.7266], [70.6456, 22.7064], [70.6122, 22.6951], [70.6156, 22.6514], [70.6081, 22.6408], [70.5744, 22.6341], [70.565, 22.6036], [70.5811, 22.6039], [70.5646, 22.6033], [70.5504, 22.5589], [70.5545, 22.5512], [70.5594, 22.5453], [70.5804, 22.5522], [70.6017, 22.531], [70.5714, 22.5201], [70.5658, 22.5337], [70.5425, 22.5337], [70.5286, 22.5151], [70.5354, 22.4949], [70.5748, 22.5131], [70.5868, 22.4905], [70.5403, 22.4793], [70.5526, 22.4624], [70.5335, 22.4584], [70.4994, 22.4899], [70.4986, 22.4518], [70.4878, 22.4498], [70.4656, 22.4697], [70.4559, 22.4494], [70.4619, 22.4388], [70.4454, 22.4338], [70.4585, 22.4193], [70.5058, 22.4282], [70.5076, 22.4133], [70.4934, 22.4123], [70.4735, 22.3785], [70.487, 22.3622], [70.5174, 22.3612], [70.5301, 22.3433], [70.4998, 22.3228], [70.469, 22.3254], [70.4735, 22.3092], [70.5054, 22.2833], [70.5193, 22.2449], [70.5365, 22.2495], [70.5489, 22.2293], [70.5789, 22.2399], [70.5875, 22.2084], [70.6149, 22.1895], [70.58, 22.1845], [70.5875, 22.1669], [70.568, 22.1606], [70.5624, 22.1454], [70.5699, 22.1225], [70.589, 22.1179], [70.5823, 22.0996], [70.5538, 22.0913], [70.5511, 22.0811], [70.5616, 22.0731], [70.5466, 22.0608], [70.5496, 22.0462], [70.571, 22.037], [70.5695, 22.0273], [70.5009, 21.9972], [70.5005, 22.0217], [70.5204, 22.019], [70.5301, 22.0442], [70.4611, 22.0545], [70.4525, 22.035], [70.4128, 22.0253], [70.4143, 22.036], [70.3306, 22.0515], [70.3261, 22.0154], [70.2939, 22.0131], [70.2995, 21.9942], [70.2886, 22.0058], [70.2658, 22.0018], [70.2474, 21.9633], [70.2028, 21.9637], [70.2181, 21.9348], [70.2174, 21.906], [70.1964, 21.8927], [70.1765, 21.895], [70.1709, 21.9312], [70.1446, 21.9415], [70.1405, 21.8907], [70.1218, 21.8751], [70.1278, 21.8655], [70.0955, 21.8496], [70.0903, 21.8354], [70.1094, 21.8244], [70.0805, 21.8198], [70.094, 21.8025], [70.0299, 21.7932], [70.0708, 21.7389], [70.07414089839573, 21.738204249548705]], [[70.4663787892108, 22.332717425084844], [70.4619, 22.3503], [70.4555, 22.3543], [70.4218, 22.3738], [70.4506, 22.3941], [70.4394, 22.4143], [70.4045, 22.4033], [70.4083, 22.3708], [70.4098, 22.3612], [70.4401, 22.3569], [70.4488, 22.3277], [70.4663787892108, 22.332717425084844]]], [[[70.398505884586, 22.9053466800491], [70.39738091931598, 22.91860966221388], [70.4093805488629, 22.925904302404504], [70.398505884586, 22.9053466800491]]]]}}, {"type": "Feature", "properties": {"dt_code": "728", "district": "Devbhumi Dwarka", "st_nm": "Gujarat", "st_code": "24", "year": "update2014"}, "geometry": {"type": "MultiPolygon", "coordinates": [[[[69.33953857706999, 22.385769353743953], [69.33278878544985, 22.372506371579174], [69.32341407486632, 22.38112730998628], [69.33953857706999, 22.385769353743953]]], [[[69.62902963988952, 22.45871575565023], [69.6568, 22.4269], [69.6365, 22.4057], [69.5904, 22.4305], [69.5957, 22.4441], [69.62902963988952, 22.45871575565023]]], [[[69.13516988634895, 22.476620781572677], [69.1502, 22.4687], [69.1449, 22.4501], [69.1423, 22.463], [69.1153, 22.4667], [69.1085, 22.4368], [69.0845, 22.4219], [69.0965, 22.4411], [69.0939, 22.4607], [69.13516988634895, 22.476620781572677]]], [[[69.8146489094435, 21.8217610371868], [69.8079, 21.8244], [69.7622, 21.8228], [69.7393, 21.8347], [69.7115, 21.7942], [69.6845, 21.8228], [69.6647, 21.8121], [69.6564, 21.838], [69.6467, 21.8393], [69.6302, 21.8294], [69.6317, 21.8052], [69.6163, 21.8032], [69.6092, 21.8642], [69.6339, 21.8755], [69.656, 21.8695], [69.6722, 21.904], [69.6665, 21.9262], [69.6819, 21.9285], [69.6883, 21.9123], [69.707, 21.9345], [69.725, 21.9378], [69.7198, 21.9736], [69.6902, 21.9796], [69.6853, 21.9597], [69.6497, 21.956], [69.6564, 21.9242], [69.6275, 21.9206], [69.6114, 21.9488], [69.56, 21.9401], [69.5514, 21.9335], [69.5353, 21.8954], [69.5042, 21.9047], [69.4997, 21.8954], [69.4865, 21.8974], [69.4884, 21.8559], [69.4475, 21.8536], [69.4299, 21.8798], [69.3999, 21.8921], [69.3962, 21.8881], [69.3849, 21.8775], [69.3718, 21.8297], [69.3519, 21.839], [69.2173, 21.9577], [68.9661, 22.2342], [68.9987, 22.2094], [69.0028, 22.2253], [68.9915, 22.217], [68.9915, 22.2349], [68.9818, 22.2276], [68.9537, 22.2449], [68.9593, 22.2571], [68.9364, 22.3115], [68.9593, 22.3536], [68.9717, 22.3456], [68.9586, 22.3679], [69.0065, 22.4395], [69.0692, 22.4783], [69.0838, 22.4746], [69.0744, 22.4541], [69.0497, 22.4375], [69.047, 22.4478], [69.038, 22.4428], [69.047, 22.4229], [69.0354, 22.3901], [69.0489, 22.3977], [69.0609, 22.3831], [69.0819, 22.3881], [69.1104, 22.4096], [69.128, 22.3951], [69.1213, 22.3755], [69.1303, 22.3951], [69.1603, 22.412], [69.1569, 22.4053], [69.1689, 22.4073], [69.1824, 22.4196], [69.176, 22.4229], [69.1948, 22.4216], [69.1877, 22.413], [69.1914, 22.409], [69.1877, 22.4023], [69.2012, 22.401], [69.1974, 22.3878], [69.1678, 22.3732], [69.1809, 22.3705], [69.1693, 22.3539], [69.1775, 22.3559], [69.1753, 22.3476], [69.1633, 22.3483], [69.1693, 22.3334], [69.1569, 22.3158], [69.1539, 22.2485], [69.1337, 22.2223], [69.1363, 22.1954], [69.1483, 22.1948], [69.167, 22.2037], [69.1693, 22.215], [69.1787, 22.2127], [69.1903, 22.2435], [69.2128, 22.21], [69.2375, 22.2226], [69.2405, 22.2581], [69.3219, 22.2919], [69.3399, 22.3125], [69.3328, 22.3277], [69.3639, 22.3171], [69.4232, 22.3161], [69.4434, 22.3304], [69.4907, 22.3367], [69.4997, 22.3662], [69.5405, 22.3771], [69.5604, 22.3669], [69.5615, 22.3556], [69.5795, 22.3672], [69.5975, 22.346], [69.6095, 22.3523], [69.6174, 22.3453], [69.6212, 22.3715], [69.6354, 22.3579], [69.6553, 22.3592], [69.6609, 22.396], [69.7022, 22.3984], [69.6958, 22.4126], [69.7055, 22.4335], [69.6965, 22.4534], [69.7134, 22.475], [69.7367, 22.4846], [69.7438, 22.4511], [69.7329, 22.4428], [69.743, 22.4418], [69.7475, 22.4329], [69.7397, 22.4319], [69.7547, 22.4183], [69.734, 22.406], [69.7378, 22.4], [69.7254, 22.3868], [69.7539, 22.3208], [69.7325, 22.3078], [69.7618, 22.2512], [69.7554, 22.2372], [69.7697, 22.22], [69.7914, 22.2206], [69.8086, 22.2067], [69.8026, 22.1891], [69.8131, 22.1762], [69.8124, 22.1278], [69.8285, 22.1192], [69.8548, 22.1344], [69.8934, 22.1285], [69.8833, 22.1046], [69.8585, 22.088], [69.8574, 22.0439], [69.8705, 22.0379], [69.8536, 22.0197], [69.8769, 22.0104], [69.9031, 21.9653], [69.9335, 21.9607], [69.9151, 21.9275], [69.9193, 21.8997], [69.9361, 21.893], [69.9118, 21.8775], [69.9099, 21.8407], [69.8379, 21.8155], [69.815, 21.8241], [69.8146489094435, 21.8217610371868]]]]}}, {"type": "Feature", "properties": {"dt_code": "490", "district": "Navsari", "st_nm": "Gujarat", "st_code": "24", "year": "2011_c"}, "geometry": {"type": "Polygon", "coordinates": [[[73.40703800505376, 20.624445322261536], [73.2589, 20.5797], [73.2188, 20.6022], [73.1869, 20.5916], [73.1524, 20.6055], [73.1153, 20.5939], [73.0729, 20.5999], [73.0658, 20.6268], [73.0729, 20.6526], [73.0328, 20.6649], [73.0287, 20.6765], [73.0474, 20.699], [73.0185, 20.711], [73.0163, 20.7299], [72.9938, 20.7266], [72.9968, 20.7349], [72.9721, 20.7451], [72.9582, 20.7189], [72.9289, 20.7342], [72.8802, 20.7335], [72.8547, 20.7498], [72.8494, 20.7382], [72.8397, 20.8038], [72.8288, 20.8101], [72.7857, 20.9159], [72.7572, 20.9325], [72.7216, 21.0485], [72.7546, 21.0509], [72.7456, 21.0605], [72.7504, 21.0618], [72.7752, 21.0621], [72.7928, 21.0734], [72.8142, 21.0555], [72.8314, 21.0555], [72.8359, 21.0339], [72.8453, 21.0469], [72.8611, 21.0373], [72.8569, 21.0499], [72.8712, 21.0562], [72.8881, 21.0479], [72.8922, 21.0621], [72.9079, 21.0416], [72.9121, 21.0419], [72.9267, 21.0422], [72.9263, 21.0518], [72.9522, 21.0694], [72.9627, 21.0658], [72.9619, 21.0741], [72.9698, 21.0688], [72.9646, 21.0581], [72.9953, 21.0598], [72.9938, 21.0794], [73.0185, 21.0578], [73.0084, 21.0223], [73.0253, 21.0203], [73.065, 20.9746], [73.0883, 20.967], [73.0924, 20.9368], [73.1258, 20.9225], [73.1258, 20.8973], [73.1607, 20.902], [73.17, 20.9], [73.1955, 20.8599], [73.2477, 20.8486], [73.2439, 20.8323], [73.2537, 20.8197], [73.3002, 20.8168], [73.3028, 20.837], [73.3129, 20.8413], [73.3028, 20.8532], [73.3114, 20.8791], [73.3167, 20.8798], [73.3328, 20.8599], [73.3497, 20.8595], [73.3504, 20.8486], [73.3804, 20.8241], [73.3962, 20.8274], [73.4423, 20.8085], [73.4925, 20.8184], [73.4963, 20.8191], [73.482, 20.7965], [73.4892, 20.7561], [73.4843, 20.7524], [73.4674, 20.7412], [73.4674, 20.7362], [73.4674, 20.7233], [73.4494, 20.717], [73.4408, 20.6997], [73.4483, 20.6921], [73.431, 20.6649], [73.392, 20.649], [73.40703800505376, 20.624445322261536]]]}}, {"type": "Feature", "properties": {"dt_code": "470", "district": "Patan", "st_nm": "Gujarat", "st_code": "24", "year": "2011_c"}, "geometry": {"type": "Polygon", "coordinates": [[[71.31910246388905, 23.98362713004549], [71.3356, 23.97], [71.366, 23.9704], [71.3742, 23.9551], [71.3952, 23.9657], [71.4162, 23.9249], [71.4447, 23.9412], [71.4545, 23.9647], [71.4425, 23.981], [71.4792, 24.0251], [71.4912, 24.0148], [71.4875, 23.9753], [71.498, 23.9697], [71.546, 23.9816], [71.5546, 24.0009], [71.5658, 23.9959], [71.5606, 23.9793], [71.5917, 23.9763], [71.5868, 23.9634], [71.6052, 23.9425], [71.6652, 23.9724], [71.6885, 23.9707], [71.6978, 23.9302], [71.7173, 23.9276], [71.7143, 23.8699], [71.7616, 23.8414], [71.7665, 23.8268], [71.7788, 23.8447], [71.8152, 23.855], [71.828, 23.8444], [71.8613, 23.847], [71.8673, 23.8696], [71.8895, 23.8782], [71.9776, 23.8891], [71.9742, 23.9054], [71.9382, 23.9276], [71.9292, 23.9521], [71.9487, 23.973], [71.9288, 23.9793], [71.9255, 24.0092], [71.9491, 24.0078], [71.9611, 23.9909], [71.9885, 23.9932], [71.9956, 23.9816], [72.0001, 23.967], [72.0027, 23.971], [72.0113, 23.9836], [72.0387, 23.98], [72.0466, 23.9926], [72.0503, 23.9992], [72.0275, 24.0191], [72.0132, 24.0685], [72.0286, 24.0672], [72.0316, 24.0529], [72.0608, 24.0324], [72.0901, 24.0413], [72.101, 24.0344], [72.1013, 24.0543], [72.1325, 24.0526], [72.1572, 24.0944], [72.1471, 24.1043], [72.1482, 24.1239], [72.0931, 24.1239], [72.0897, 24.1385], [72.1122, 24.1358], [72.1298, 24.1551], [72.1497, 24.1524], [72.149, 24.1295], [72.1771, 24.1182], [72.2037, 24.1491], [72.2146, 24.1444], [72.2236, 24.1308], [72.2063, 24.1139], [72.2239, 24.0761], [72.2258, 24.0722], [72.2558, 24.0814], [72.2704, 24.0556], [72.2993, 24.0533], [72.3094, 24.0383], [72.3398, 24.0377], [72.3443, 24.0138], [72.3612, 24.0098], [72.3702, 23.9717], [72.4141, 23.9724], [72.4298, 23.9836], [72.4381, 23.967], [72.4624, 23.9704], [72.4801, 23.9541], [72.4864, 23.9349], [72.4827, 23.9342], [72.4688, 23.8997], [72.4673, 23.8924], [72.4448, 23.9077], [72.4429, 23.8958], [72.4231, 23.9011], [72.4032, 23.8749], [72.3807, 23.8672], [72.3567, 23.8835], [72.3282, 23.8805], [72.3259, 23.8523], [72.2929, 23.8493], [72.3181, 23.8119], [72.3012, 23.8029], [72.2948, 23.78], [72.3211, 23.7671], [72.2869, 23.7313], [72.2843, 23.6859], [72.3042, 23.6872], [72.3106, 23.6743], [72.2907, 23.6209], [72.2603, 23.6312], [72.2554, 23.6467], [72.2281, 23.6176], [72.1835, 23.6414], [72.1771, 23.6106], [72.1471, 23.6126], [72.1295, 23.6007], [72.1212, 23.6096], [72.104, 23.594], [72.1077, 23.5711], [72.0612, 23.5655], [72.0721, 23.5841], [72.0578, 23.5973], [72.062, 23.6136], [72.0331, 23.6146], [72.014, 23.6298], [71.981, 23.6182], [71.9821, 23.601], [71.9352, 23.5811], [71.9528, 23.5751], [71.9656, 23.5363], [71.969, 23.5267], [71.9431, 23.5181], [71.9423, 23.4999], [71.9228, 23.4926], [71.8636, 23.4713], [71.837, 23.4183], [71.7938, 23.3918], [71.7612, 23.4037], [71.7601, 23.4266], [71.7777, 23.4544], [71.7717, 23.4677], [71.7263, 23.468], [71.7305, 23.4906], [71.7023, 23.481], [71.6993, 23.4816], [71.6033, 23.4972], [71.5778, 23.4962], [71.5647, 23.4955], [71.5373, 23.4806], [71.534, 23.479], [71.5081, 23.4561], [71.5205, 23.5277], [71.4451, 23.4694], [71.4481, 23.536], [71.4736, 23.5559], [71.4185, 23.5672], [71.4252, 23.6288], [71.3937, 23.6026], [71.3757, 23.6497], [71.351, 23.6564], [71.3045, 23.6454], [71.222, 23.6564], [71.2134, 23.6782], [71.2239, 23.6879], [71.2186, 23.7227], [71.2179, 23.7293], [71.2122, 23.7313], [71.198, 23.7363], [71.1747, 23.7442], [71.1774, 23.7286], [71.1444, 23.73], [71.1522, 23.7127], [71.1624, 23.7214], [71.1807, 23.7157], [71.1489, 23.6836], [71.1496, 23.668], [71.1369, 23.664], [71.1357, 23.6278], [71.0967, 23.6146], [71.0896, 23.6245], [71.0926, 23.6066], [71.081, 23.5987], [71.0765, 23.603], [71.039, 23.6428], [71.0394, 23.6809], [71.0694, 23.6885], [71.057, 23.7373], [71.0727, 23.7303], [71.0536, 23.7436], [71.0559, 23.7867], [71.0446, 23.7903], [71.0431, 23.8046], [71.0611, 23.8052], [71.0694, 23.8168], [71.0634, 23.8248], [71.0742, 23.8298], [71.0637, 23.8384], [71.1001, 23.9024], [71.1762, 23.92], [71.1777, 23.9306], [71.1935, 23.921], [71.2182, 23.9359], [71.2389, 23.9186], [71.2542, 23.9213], [71.2531, 23.9332], [71.2651, 23.921], [71.2741, 23.9342], [71.2996, 23.9276], [71.2887, 23.9481], [71.31910246388905, 23.98362713004549]]]}}, {"type": "Feature", "properties": {"dt_code": "471", "district": "Mehsana", "st_nm": "Gujarat", "st_code": "24", "year": "2011_c"}, "geometry": {"type": "Polygon", "coordinates": [[[72.48644142575073, 23.934885670589935], [72.4872, 23.9319], [72.5247, 23.9438], [72.5348, 23.9349], [72.5843, 23.9359], [72.5911, 23.9773], [72.6507, 23.9939], [72.6484, 24.0267], [72.6398, 24.0237], [72.6368, 24.0423], [72.6199, 24.0539], [72.6372, 24.0758], [72.6522, 24.0838], [72.6702, 24.0712], [72.6859, 24.0728], [72.7144, 24.0984], [72.7298, 24.094], [72.7347, 24.0765], [72.7591, 24.0801], [72.7703, 24.0993], [72.7827, 24.102], [72.8198, 24.0486], [72.8389, 24.0397], [72.8562, 24.0453], [72.8667, 24.0247], [72.8633, 24.0214], [72.8581, 24.0165], [72.8517, 23.973], [72.8187, 23.9481], [72.8303, 23.9316], [72.8048, 23.915], [72.8041, 23.8755], [72.7909, 23.8391], [72.7894, 23.8321], [72.8146, 23.7986], [72.7947, 23.7592], [72.8337, 23.6729], [72.8157, 23.6401], [72.8408, 23.6056], [72.8104, 23.5894], [72.8067, 23.5728], [72.8311, 23.5459], [72.8236, 23.5227], [72.8337, 23.5184], [72.8236, 23.5009], [72.7984, 23.5018], [72.7887, 23.5028], [72.7857, 23.5028], [72.7718, 23.5174], [72.7722, 23.5383], [72.7433, 23.536], [72.7324, 23.5181], [72.7081, 23.5294], [72.6908, 23.5227], [72.6758, 23.5304], [72.6788, 23.5559], [72.6544, 23.5509], [72.6552, 23.5665], [72.6477, 23.5672], [72.6241, 23.5566], [72.6196, 23.5115], [72.5843, 23.5217], [72.5749, 23.4647], [72.5457, 23.4538], [72.5453, 23.4299], [72.5262, 23.4249], [72.5273, 23.4044], [72.5048, 23.3838], [72.5247, 23.3633], [72.5213, 23.3503], [72.4898, 23.34], [72.4718, 23.3444], [72.4842, 23.3201], [72.4591, 23.3135], [72.4752, 23.3026], [72.4508, 23.2979], [72.4373, 23.3105], [72.4122, 23.2807], [72.4231, 23.2575], [72.4332, 23.2638], [72.4459, 23.2552], [72.4467, 23.2445], [72.4264, 23.2439], [72.4482, 23.1958], [72.4227, 23.2091], [72.4152, 23.1869], [72.4024, 23.1875], [72.3841, 23.1636], [72.3976, 23.1477], [72.4178, 23.1554], [72.4276, 23.1434], [72.4174, 23.1305], [72.4009, 23.1338], [72.4028, 23.1255], [72.3706, 23.096], [72.3571, 23.1229], [72.3484, 23.1252], [72.3439, 23.1255], [72.3364, 23.1069], [72.3274, 23.1053], [72.3094, 23.0987], [72.3064, 23.0977], [72.3079, 23.094], [72.3229, 23.0555], [72.2956, 23.0386], [72.2806, 23.0592], [72.2828, 23.0801], [72.2566, 23.0874], [72.2614, 23.1016], [72.2382, 23.1202], [72.2198, 23.1248], [72.1943, 23.1185], [72.1913, 23.1066], [72.1598, 23.1119], [72.1621, 23.1401], [72.188, 23.1441], [72.1677, 23.1975], [72.185, 23.214], [72.1748, 23.2727], [72.1831, 23.282], [72.2003, 23.2794], [72.2089, 23.3135], [72.2483, 23.3318], [72.2648, 23.35], [72.2671, 23.3526], [72.2603, 23.3745], [72.2884, 23.3931], [72.2986, 23.4153], [72.2791, 23.4312], [72.2877, 23.4458], [72.2671, 23.4584], [72.2629, 23.465], [72.2599, 23.4627], [72.2566, 23.4607], [72.2487, 23.4561], [72.2393, 23.4306], [72.2116, 23.4385], [72.2116, 23.4239], [72.191, 23.4163], [72.1718, 23.4272], [72.1718, 23.4442], [72.1531, 23.4511], [72.1092, 23.4498], [72.0878, 23.4594], [72.0518, 23.4432], [72.0267, 23.4766], [72.0275, 23.4836], [72.0301, 23.5072], [71.9986, 23.4985], [71.9896, 23.4896], [71.9986, 23.4989], [71.9798, 23.5025], [71.9795, 23.5198], [71.969, 23.5267], [71.9656, 23.5363], [71.9528, 23.5751], [71.9352, 23.5811], [71.9821, 23.601], [71.981, 23.6182], [72.014, 23.6298], [72.0331, 23.6146], [72.062, 23.6136], [72.0578, 23.5973], [72.0721, 23.5841], [72.0612, 23.5655], [72.1077, 23.5711], [72.104, 23.594], [72.1212, 23.6096], [72.1295, 23.6007], [72.1471, 23.6126], [72.1771, 23.6106], [72.1835, 23.6414], [72.2281, 23.6176], [72.2554, 23.6467], [72.2603, 23.6312], [72.2903, 23.6196], [72.3106, 23.6743], [72.3042, 23.6872], [72.2843, 23.6859], [72.2869, 23.7313], [72.3211, 23.7671], [72.2948, 23.78], [72.3012, 23.8029], [72.3181, 23.8119], [72.2929, 23.8493], [72.3259, 23.8523], [72.3282, 23.8805], [72.3567, 23.8835], [72.3807, 23.8672], [72.4032, 23.8749], [72.4231, 23.9011], [72.4429, 23.8958], [72.4448, 23.9077], [72.4662, 23.8931], [72.4688, 23.8997], [72.4827, 23.9342], [72.48644142575073, 23.934885670589935]]]}}, {"type": "Feature", "properties": {"dt_code": "473", "district": "Gandhinagar", "st_nm": "Gujarat", "st_code": "24", "year": "2011_c"}, "geometry": {"type": "Polygon", "coordinates": [[[72.33644605641418, 23.106944008953715], [72.3439, 23.1255], [72.3484, 23.1252], [72.3571, 23.1229], [72.3706, 23.096], [72.4028, 23.1255], [72.4009, 23.1338], [72.4174, 23.1305], [72.4276, 23.1434], [72.4178, 23.1554], [72.3976, 23.1477], [72.3841, 23.1636], [72.4024, 23.1875], [72.4152, 23.1869], [72.4227, 23.2091], [72.4482, 23.1958], [72.4264, 23.2439], [72.4467, 23.2445], [72.4459, 23.2552], [72.4332, 23.2638], [72.4231, 23.2575], [72.4122, 23.2807], [72.4373, 23.3105], [72.4508, 23.2979], [72.4752, 23.3026], [72.4591, 23.3135], [72.4842, 23.3201], [72.4718, 23.3444], [72.4898, 23.34], [72.5213, 23.3503], [72.5247, 23.3633], [72.5048, 23.3838], [72.5273, 23.4044], [72.5262, 23.4249], [72.5446, 23.4296], [72.5457, 23.4538], [72.5749, 23.4647], [72.5843, 23.5217], [72.6196, 23.5115], [72.6241, 23.5566], [72.6477, 23.5672], [72.6552, 23.5665], [72.6544, 23.5509], [72.6788, 23.5559], [72.6758, 23.5304], [72.6908, 23.5227], [72.7081, 23.5294], [72.7324, 23.5181], [72.7433, 23.536], [72.7722, 23.5383], [72.7718, 23.5174], [72.7857, 23.5028], [72.7984, 23.5018], [72.8097, 23.4843], [72.8164, 23.4743], [72.8183, 23.468], [72.7936, 23.4266], [72.8022, 23.4057], [72.7718, 23.415], [72.7343, 23.4034], [72.7234, 23.3898], [72.7527, 23.3871], [72.7467, 23.3745], [72.7647, 23.3672], [72.7651, 23.3546], [72.8078, 23.3556], [72.7969, 23.3314], [72.8011, 23.3195], [72.8337, 23.3314], [72.8644, 23.3135], [72.8772, 23.3155], [72.9154, 23.3221], [72.9143, 23.2966], [72.8836, 23.2883], [72.8989, 23.281], [72.9203, 23.291], [72.9192, 23.2638], [72.9361, 23.2389], [72.9481, 23.2525], [72.9597, 23.2412], [72.9597, 23.2591], [72.9784, 23.2638], [72.9608, 23.281], [72.9949, 23.2903], [73.0171, 23.278], [73.0126, 23.2737], [72.9998, 23.2701], [72.9942, 23.2552], [72.9878, 23.2382], [72.9814, 23.2223], [72.9833, 23.2134], [72.9777, 23.1782], [72.9844, 23.1749], [72.9713, 23.1633], [73.0129, 23.1603], [73.0133, 23.1441], [73.0257, 23.1384], [73.0264, 23.1351], [73.0227, 23.1315], [73.0028, 23.1308], [73.0073, 23.103], [72.9818, 23.0877], [72.9968, 23.0579], [72.9608, 23.0595], [72.9608, 23.0738], [72.9256, 23.0804], [72.9233, 23.0698], [72.9057, 23.0655], [72.9132, 23.0532], [72.8926, 23.0144], [72.8461, 23.0105], [72.8431, 23.0101], [72.8483, 22.9992], [72.8382, 22.9965], [72.8071, 23.026], [72.8153, 23.0373], [72.7947, 23.0443], [72.7898, 23.0585], [72.7662, 23.0595], [72.7782, 23.0774], [72.7662, 23.0953], [72.7163, 23.0947], [72.7103, 23.1106], [72.6998, 23.1119], [72.6837, 23.1016], [72.6721, 23.1079], [72.6653, 23.0947], [72.6466, 23.101], [72.6106, 23.0914], [72.6188, 23.1149], [72.6087, 23.1288], [72.5828, 23.1298], [72.5783, 23.1182], [72.5629, 23.1159], [72.5626, 23.1371], [72.5404, 23.1321], [72.5487, 23.164], [72.5374, 23.1643], [72.5307, 23.1484], [72.5119, 23.1597], [72.5052, 23.1441], [72.4831, 23.1444], [72.4981, 23.0996], [72.4598, 23.0837], [72.4718, 23.0635], [72.4489, 23.0602], [72.4474, 23.0476], [72.4351, 23.0433], [72.4268, 23.0479], [72.4276, 23.0648], [72.4073, 23.0678], [72.3874, 23.0516], [72.3844, 23.0794], [72.3694, 23.0933], [72.3488, 23.0904], [72.33644605641418, 23.106944008953715]]]}}, {"type": "Feature", "properties": {"dt_code": "474", "district": "Ahmedabad", "st_nm": "Gujarat", "st_code": "24", "year": "2011_c"}, "geometry": {"type": "Polygon", "coordinates": [[[72.06045457683493, 22.10227310997184], [72.0863, 22.0973], [72.1486, 22.1155], [72.1696, 22.1474], [72.1175, 22.152], [72.1115, 22.1696], [72.1302, 22.1765], [72.1317, 22.1988], [72.0871, 22.2177], [72.0856, 22.2289], [72.0721, 22.2289], [72.059, 22.2482], [72.014, 22.2412], [71.9435, 22.2528], [71.9341, 22.271], [71.888, 22.2531], [71.8707, 22.2661], [71.8591, 22.2575], [71.8355, 22.2664], [71.8591, 22.3075], [71.8415, 22.3244], [71.8835, 22.3281], [71.8988, 22.3453], [71.8842, 22.3669], [71.8628, 22.3712], [71.8606, 22.396], [71.9022, 22.4236], [71.9213, 22.3805], [71.9367, 22.3831], [71.9412, 22.3808], [71.9408, 22.3841], [71.9341, 22.4534], [71.9723, 22.4726], [71.9675, 22.4925], [71.9367, 22.4796], [71.9168, 22.4826], [71.9195, 22.5015], [71.9315, 22.5028], [71.9135, 22.5264], [71.9393, 22.5469], [71.9701, 22.539], [71.9671, 22.5154], [72.0335, 22.5068], [72.0391, 22.4833], [72.0511, 22.4756], [72.053, 22.4431], [72.0841, 22.4355], [72.164, 22.4796], [72.1482, 22.4955], [72.1452, 22.5171], [72.1895, 22.5423], [72.1501, 22.5841], [72.104, 22.603], [72.0668, 22.591], [72.0616, 22.6537], [72.023, 22.6802], [72.0575, 22.6941], [72.0676, 22.6749], [72.0942, 22.6756], [72.1081, 22.721], [72.0698, 22.7339], [72.0541, 22.7505], [72.0627, 22.7568], [72.0556, 22.7704], [72.0473, 22.7684], [72.0571, 22.7966], [72.0357, 22.8099], [72.0417, 22.8264], [72.0346, 22.8599], [72.0278, 22.8284], [72.0136, 22.8181], [71.9896, 22.8629], [72.0053, 22.9242], [71.9956, 22.9518], [72.0207, 22.9922], [72.0087, 23.0015], [72.0218, 23.0184], [72.0177, 23.0509], [72.0155, 23.0579], [71.9735, 23.0585], [71.9607, 23.0469], [71.9622, 23.0284], [71.9525, 23.0287], [71.9457, 23.0628], [71.9187, 23.0658], [71.8996, 23.1026], [71.906, 23.1762], [71.9281, 23.1802], [71.9498, 23.2041], [71.9885, 23.2094], [71.9956, 23.2482], [71.9701, 23.2502], [71.9431, 23.2369], [71.9337, 23.2615], [71.9198, 23.2641], [71.9026, 23.2558], [71.897, 23.219], [71.87, 23.2184], [71.8797, 23.2535], [71.8726, 23.2794], [71.8842, 23.3022], [71.8763, 23.3095], [71.8943, 23.3291], [71.8703, 23.3818], [71.888, 23.3908], [71.903, 23.3808], [71.9562, 23.3875], [71.9686, 23.409], [71.9637, 23.4621], [71.9896, 23.4896], [71.9986, 23.4985], [72.0301, 23.5072], [72.0275, 23.4836], [72.0267, 23.4766], [72.0518, 23.4432], [72.0878, 23.4594], [72.1092, 23.4498], [72.1531, 23.4511], [72.1718, 23.4442], [72.1718, 23.4272], [72.191, 23.4163], [72.2116, 23.4239], [72.2116, 23.4385], [72.2393, 23.4306], [72.2487, 23.4561], [72.2566, 23.4607], [72.2599, 23.4627], [72.2629, 23.465], [72.2671, 23.4584], [72.2877, 23.4458], [72.2791, 23.4312], [72.2986, 23.4153], [72.2884, 23.3931], [72.2603, 23.3745], [72.2671, 23.3526], [72.2648, 23.35], [72.2509, 23.3327], [72.2089, 23.3135], [72.2003, 23.2794], [72.1831, 23.282], [72.1748, 23.2727], [72.185, 23.214], [72.1677, 23.1975], [72.188, 23.1441], [72.1621, 23.1401], [72.1598, 23.1119], [72.1913, 23.1066], [72.1943, 23.1185], [72.2198, 23.1248], [72.2378, 23.1202], [72.2614, 23.1016], [72.2566, 23.0874], [72.2828, 23.0801], [72.2806, 23.0592], [72.2956, 23.0386], [72.3229, 23.0555], [72.3079, 23.094], [72.3064, 23.0977], [72.3094, 23.0987], [72.3274, 23.1053], [72.3349, 23.1079], [72.3488, 23.0904], [72.3694, 23.0933], [72.3844, 23.0794], [72.3874, 23.0516], [72.4073, 23.0678], [72.4276, 23.0648], [72.4268, 23.0479], [72.4351, 23.0433], [72.4474, 23.0476], [72.4489, 23.0602], [72.4718, 23.0635], [72.4598, 23.0837], [72.4981, 23.0996], [72.4831, 23.1444], [72.5052, 23.1441], [72.5119, 23.1597], [72.5307, 23.1484], [72.5374, 23.1643], [72.5487, 23.164], [72.5404, 23.1321], [72.5626, 23.1371], [72.5629, 23.1159], [72.5783, 23.1182], [72.5828, 23.1298], [72.6087, 23.1288], [72.6188, 23.1149], [72.6106, 23.0914], [72.6466, 23.101], [72.6653, 23.0947], [72.6721, 23.1079], [72.6837, 23.1016], [72.6998, 23.1119], [72.7103, 23.1106], [72.7163, 23.0947], [72.7662, 23.0953], [72.7782, 23.0774], [72.7662, 23.0595], [72.7898, 23.0585], [72.7947, 23.0443], [72.8153, 23.0373], [72.8071, 23.026], [72.8382, 22.9965], [72.8311, 22.9846], [72.8427, 22.967], [72.8397, 22.965], [72.8044, 22.9412], [72.7913, 22.908], [72.7422, 22.9057], [72.7242, 22.9146], [72.6886, 22.8801], [72.6736, 22.8805], [72.6668, 22.8957], [72.6432, 22.8977], [72.6327, 22.8821], [72.6076, 22.8864], [72.5986, 22.8722], [72.6087, 22.8626], [72.6079, 22.8135], [72.5971, 22.8248], [72.5813, 22.8188], [72.5704, 22.8268], [72.5221, 22.7956], [72.5142, 22.7787], [72.5299, 22.7671], [72.5209, 22.7525], [72.5389, 22.7518], [72.5232, 22.7336], [72.5408, 22.7114], [72.5224, 22.7124], [72.5179, 22.7004], [72.5442, 22.6928], [72.5269, 22.6779], [72.5498, 22.6729], [72.5483, 22.665], [72.5693, 22.6537], [72.5374, 22.652], [72.5356, 22.6262], [72.5119, 22.6328], [72.5104, 22.6288], [72.5059, 22.6132], [72.5086, 22.6106], [72.5044, 22.6079], [72.4658, 22.5774], [72.4411, 22.5655], [72.4268, 22.5715], [72.4302, 22.5526], [72.4388, 22.5091], [72.4081, 22.476], [72.3758, 22.4733], [72.3769, 22.4524], [72.3638, 22.4534], [72.3559, 22.4405], [72.3732, 22.4468], [72.3679, 22.407], [72.3417, 22.3864], [72.3676, 22.3755], [72.3852, 22.3725], [72.3904, 22.3662], [72.3976, 22.3576], [72.4017, 22.3529], [72.3758, 22.3148], [72.3623, 22.2952], [72.3582, 22.2475], [72.3391, 22.2137], [72.3387, 22.1769], [72.3233, 22.1437], [72.3076, 22.1457], [72.2693, 22.0595], [72.2502, 22.0678], [72.2247, 22.0575], [72.2479, 22.0078], [72.2442, 21.9945], [72.2269, 22.0048], [72.2322, 21.9905], [72.2183, 21.9816], [72.1733, 21.9932], [72.1692, 21.9945], [72.1235, 22.0572], [72.0803, 22.0552], [72.0612, 22.0844], [72.0601, 22.1013], [72.06045457683493, 22.10227310997184]]]}}, {"type": "Feature", "properties": {"dt_code": "484", "district": "Panchmahal", "st_nm": "Gujarat", "st_code": "24", "year": "2011_c"}, "geometry": {"type": "Polygon", "coordinates": [[[73.56340817758712, 22.329733254097768], [73.5664, 22.3364], [73.5342, 22.344], [73.5128, 22.3486], [73.5019, 22.3513], [73.4644, 22.3602], [73.4723, 22.3818], [73.458, 22.3811], [73.4378, 22.4], [73.4457, 22.4252], [73.4198, 22.4282], [73.4273, 22.4856], [73.4052, 22.5068], [73.4213, 22.5466], [73.3722, 22.5562], [73.389, 22.6136], [73.3842, 22.6268], [73.3624, 22.6275], [73.368, 22.6477], [73.3973, 22.6434], [73.4003, 22.6567], [73.4168, 22.661], [73.4029, 22.6902], [73.3913, 22.6875], [73.383, 22.7197], [73.3845, 22.7419], [73.4269, 22.7624], [73.4235, 22.7803], [73.4228, 22.7856], [73.404, 22.7936], [73.4048, 22.8132], [73.3845, 22.8115], [73.3834, 22.7946], [73.3774, 22.8012], [73.3808, 22.7578], [73.3504, 22.7923], [73.362, 22.7982], [73.3842, 22.8586], [73.3752, 22.8811], [73.3677, 22.8987], [73.4194, 22.9402], [73.4217, 22.9451], [73.4419, 22.962], [73.4483, 22.969], [73.437, 22.9989], [73.4355, 23.0032], [73.437, 23.0327], [73.4558, 23.0028], [73.4715, 23.0005], [73.476, 22.9826], [73.4952, 22.9952], [73.524, 22.9809], [73.5353, 22.9935], [73.5844, 22.9872], [73.6193, 23.0244], [73.6317, 23.0115], [73.6564, 23.0204], [73.6317, 23.026], [73.6287, 23.0396], [73.6744, 23.1026], [73.7029, 23.0824], [73.7168, 23.0536], [73.6699, 23.033], [73.6688, 23.0207], [73.7164, 23.0234], [73.7239, 23.0363], [73.7412, 23.0115], [73.7689, 23.0439], [73.7674, 23.0555], [73.7449, 23.0691], [73.7738, 23.0754], [73.8094, 23.1086], [73.8424, 23.0867], [73.8604, 23.0602], [73.9028, 23.0502], [73.914, 23.0138], [73.9035, 22.9849], [73.9283, 22.977], [73.8818, 22.9458], [73.9076, 22.9276], [73.8806, 22.9017], [73.854, 22.8417], [73.8401, 22.8443], [73.8499, 22.7926], [73.8311, 22.8026], [73.8255, 22.789], [73.8113, 22.7866], [73.8334, 22.7827], [73.8548, 22.7452], [73.8345, 22.7359], [73.8259, 22.6994], [73.8072, 22.7001], [73.8068, 22.6746], [73.8237, 22.6722], [73.8296, 22.6583], [73.8267, 22.6404], [73.8124, 22.6374], [73.7974, 22.6126], [73.842, 22.6099], [73.8645, 22.5721], [73.8113, 22.5675], [73.803, 22.5489], [73.7554, 22.5472], [73.7412, 22.5366], [73.7288, 22.5154], [73.7228, 22.46], [73.7367, 22.4547], [73.7408, 22.4385], [73.7299, 22.4143], [73.7352, 22.3884], [73.77, 22.3834], [73.7494, 22.3437], [73.7258, 22.3374], [73.7307, 22.288], [73.7168, 22.2899], [73.7138, 22.3032], [73.6988, 22.2996], [73.6973, 22.2863], [73.6534, 22.2883], [73.6347, 22.3025], [73.629, 22.3128], [73.6455, 22.3151], [73.6553, 22.3364], [73.6894, 22.3387], [73.6939, 22.339], [73.6894, 22.346], [73.7037, 22.3486], [73.7052, 22.3586], [73.695, 22.3632], [73.6444, 22.3868], [73.6298, 22.3897], [73.6335, 22.3781], [73.6163, 22.3606], [73.6125, 22.338], [73.6294, 22.3311], [73.62, 22.3261], [73.56340817758712, 22.329733254097768]]]}}, {"type": "Feature", "properties": {"dt_code": "485", "district": "Dahod", "st_nm": "Gujarat", "st_code": "24", "year": "2011_c"}, "geometry": {"type": "Polygon", "coordinates": [[[74.05951786166774, 22.554209227236623], [74.0183, 22.5738], [74.0153, 22.5592], [73.965, 22.536], [73.9361, 22.5383], [73.9069, 22.5088], [73.8908, 22.5051], [73.8788, 22.5035], [73.8728, 22.5055], [73.8439, 22.5234], [73.8034, 22.5486], [73.8113, 22.5675], [73.8645, 22.5721], [73.842, 22.6099], [73.7974, 22.6126], [73.8124, 22.6374], [73.8267, 22.6404], [73.8296, 22.6583], [73.8237, 22.6722], [73.8068, 22.6746], [73.8072, 22.7001], [73.8259, 22.6994], [73.8345, 22.7359], [73.8548, 22.7452], [73.8334, 22.7827], [73.8113, 22.7866], [73.8255, 22.789], [73.8311, 22.8026], [73.8499, 22.7926], [73.8401, 22.8443], [73.854, 22.8417], [73.8806, 22.9017], [73.9076, 22.9276], [73.8818, 22.9458], [73.9283, 22.977], [73.9035, 22.9849], [73.914, 23.0138], [73.9043, 23.0499], [73.908, 23.0526], [73.9065, 23.0811], [73.9444, 23.1046], [73.956, 23.1119], [73.959, 23.1139], [73.998, 23.0857], [74.0205, 23.0927], [74.0036, 23.1172], [73.9755, 23.1242], [73.9781, 23.1371], [73.995, 23.1361], [73.9954, 23.1451], [73.9718, 23.1799], [73.9856, 23.2077], [73.9684, 23.2064], [73.9673, 23.2104], [73.965, 23.217], [73.9646, 23.2247], [73.9853, 23.2184], [73.9928, 23.228], [73.9943, 23.2485], [73.9834, 23.2615], [73.9973, 23.289], [73.9845, 23.3099], [73.998, 23.3357], [74.0288, 23.3318], [74.0333, 23.3059], [74.0449, 23.3089], [74.0381, 23.2933], [74.0921, 23.2979], [74.1386, 23.2661], [74.1409, 23.223], [74.1229, 23.1845], [74.1473, 23.1729], [74.1551, 23.1567], [74.181, 23.1517], [74.2028, 23.1902], [74.247, 23.1842], [74.2691, 23.1636], [74.2931, 23.1172], [74.2838, 23.0943], [74.3186, 23.0731], [74.322, 23.041], [74.3445, 23.0287], [74.3644, 22.9813], [74.3393, 22.9647], [74.3396, 22.9528], [74.3933, 22.8967], [74.4184, 22.9173], [74.4338, 22.9126], [74.4469, 22.9213], [74.4608, 22.908], [74.4761, 22.8523], [74.4649, 22.8165], [74.4338, 22.8079], [74.4353, 22.7823], [74.4019, 22.7316], [74.379, 22.6345], [74.2635, 22.6441], [74.2534, 22.6215], [74.2313, 22.6119], [74.2103, 22.5645], [74.1833, 22.5668], [74.1893, 22.5535], [74.1709, 22.5472], [74.1506, 22.5211], [74.133, 22.5201], [74.112, 22.5396], [74.1015, 22.5343], [74.05951786166774, 22.554209227236623]]]}}, {"type": "Feature", "properties": {"dt_code": "725", "district": "Aravalli", "st_nm": "Gujarat", "st_code": "24", "year": "update2014"}, "geometry": {"type": "Polygon", "coordinates": [[[73.02079992901217, 23.276047031554626], [73.0538, 23.285], [73.0542, 23.2684], [73.0542, 23.2648], [73.0669, 23.2578], [73.0797, 23.2641], [73.0887, 23.2727], [73.0909, 23.2751], [73.0812, 23.2999], [73.1033, 23.3245], [73.1029, 23.3483], [73.0733, 23.3729], [73.0928, 23.3841], [73.092, 23.3755], [73.1145, 23.3712], [73.131, 23.3788], [73.1352, 23.3957], [73.1247, 23.4143], [73.1442, 23.414], [73.1408, 23.4229], [73.1228, 23.4166], [73.1202, 23.4664], [73.1385, 23.4816], [73.1554, 23.4757], [73.1723, 23.5224], [73.1614, 23.5453], [73.1959, 23.5542], [73.1929, 23.5748], [73.2023, 23.5784], [73.2038, 23.5861], [73.2075, 23.6043], [73.209, 23.6106], [73.1862, 23.6358], [73.1982, 23.6497], [73.1595, 23.6501], [73.1573, 23.6756], [73.143, 23.6792], [73.146, 23.6922], [73.1247, 23.7074], [73.1119, 23.6975], [73.1277, 23.725], [73.1483, 23.7353], [73.1322, 23.7446], [73.1404, 23.7767], [73.1595, 23.7814], [73.1775, 23.8205], [73.2027, 23.8235], [73.2255, 23.8563], [73.227, 23.8845], [73.2349, 23.8861], [73.2409, 23.8865], [73.2495, 23.858], [73.2889, 23.8328], [73.3054, 23.859], [73.287, 23.8719], [73.2934, 23.8861], [73.3422, 23.8835], [73.3429, 23.9001], [73.3587, 23.9097], [73.3782, 23.9034], [73.3538, 23.8527], [73.3684, 23.8318], [73.3519, 23.7913], [73.3703, 23.7655], [73.4003, 23.785], [73.413, 23.7794], [73.4243, 23.7615], [73.4479, 23.7529], [73.4494, 23.7346], [73.4715, 23.7197], [73.4734, 23.7051], [73.5075, 23.7031], [73.4967, 23.6491], [73.5087, 23.6444], [73.4937, 23.6322], [73.5233, 23.607], [73.5728, 23.6537], [73.6155, 23.6521], [73.6557, 23.6212], [73.6433, 23.5944], [73.6497, 23.5682], [73.6365, 23.5645], [73.6332, 23.5287], [73.6564, 23.5075], [73.6407, 23.4962], [73.6204, 23.4365], [73.623, 23.4299], [73.6294, 23.4153], [73.6275, 23.4107], [73.6095, 23.3924], [73.5642, 23.346], [73.5574, 23.3175], [73.5252, 23.2853], [73.4742, 23.2691], [73.4723, 23.2886], [73.4513, 23.282], [73.3875, 23.2465], [73.3778, 23.2406], [73.3842, 23.2203], [73.341, 23.2004], [73.3418, 23.1819], [73.3744, 23.1716], [73.3733, 23.1384], [73.3377, 23.1308], [73.3422, 23.1036], [73.326, 23.0821], [73.299, 23.0837], [73.2735, 23.0582], [73.2413, 23.0708], [73.2252, 23.1053], [73.2053, 23.1103], [73.2019, 23.1461], [73.1888, 23.15], [73.1708, 23.1348], [73.1505, 23.1676], [73.1554, 23.1928], [73.134, 23.2054], [73.1209, 23.1869], [73.0699, 23.1597], [73.0197, 23.1689], [73.0171, 23.16], [73.0129, 23.1603], [72.9713, 23.1633], [72.9844, 23.1749], [72.9777, 23.1782], [72.9833, 23.2134], [72.9814, 23.2223], [72.9878, 23.2382], [72.9942, 23.2552], [72.9998, 23.2701], [73.0126, 23.2737], [73.0171, 23.278], [73.02079992901217, 23.276047031554626]]]}}, {"type": "Feature", "properties": {"dt_code": "730", "district": "Mahisagar", "st_nm": "Gujarat", "st_code": "24", "year": "update2014"}, "geometry": {"type": "Polygon", "coordinates": [[[73.90277270071105, 23.05024476019929], [73.8604, 23.0602], [73.8424, 23.0867], [73.8094, 23.1089], [73.7738, 23.0754], [73.7449, 23.0691], [73.7674, 23.0555], [73.7689, 23.0439], [73.7412, 23.0115], [73.7239, 23.0363], [73.7164, 23.0234], [73.6688, 23.0207], [73.6699, 23.033], [73.7168, 23.0536], [73.7029, 23.0824], [73.6744, 23.1026], [73.6287, 23.0396], [73.6317, 23.026], [73.6564, 23.0204], [73.6317, 23.0115], [73.6193, 23.0244], [73.5844, 22.9872], [73.5353, 22.9935], [73.524, 22.9809], [73.4952, 22.9952], [73.476, 22.9826], [73.4715, 23.0005], [73.4558, 23.0028], [73.437, 23.0327], [73.4352, 23.0035], [73.437, 22.9989], [73.4483, 22.969], [73.4419, 22.962], [73.4217, 22.9451], [73.41, 22.9554], [73.3849, 22.9581], [73.3493, 22.9246], [73.3118, 22.9428], [73.2724, 22.9302], [73.2604, 22.9292], [73.2503, 22.9644], [73.275, 22.9783], [73.2417, 23.0184], [73.2439, 23.0383], [73.275, 23.0502], [73.2728, 23.0582], [73.299, 23.0837], [73.326, 23.0821], [73.3422, 23.1036], [73.3377, 23.1308], [73.3733, 23.1384], [73.3744, 23.1716], [73.3418, 23.1819], [73.341, 23.2004], [73.3842, 23.2203], [73.3778, 23.2406], [73.3875, 23.2465], [73.4513, 23.282], [73.4723, 23.2886], [73.4742, 23.2691], [73.5248, 23.285], [73.5574, 23.3175], [73.5642, 23.346], [73.6095, 23.3924], [73.6275, 23.4107], [73.6302, 23.4137], [73.623, 23.4299], [73.6212, 23.4345], [73.6272, 23.4485], [73.6474, 23.4365], [73.6924, 23.4584], [73.7044, 23.4514], [73.7082, 23.4223], [73.7209, 23.41], [73.7558, 23.4541], [73.7862, 23.4302], [73.8289, 23.4475], [73.8304, 23.4263], [73.8731, 23.3795], [73.8919, 23.3341], [73.9358, 23.3397], [73.938, 23.3679], [73.959, 23.3812], [73.9748, 23.3722], [73.9819, 23.3377], [73.9976, 23.3357], [73.9845, 23.3099], [73.9973, 23.289], [73.9834, 23.2615], [73.9943, 23.2485], [73.9928, 23.228], [73.9853, 23.2184], [73.9646, 23.2247], [73.965, 23.217], [73.9673, 23.2104], [73.9684, 23.2067], [73.9856, 23.2077], [73.9718, 23.1799], [73.9954, 23.1451], [73.995, 23.1361], [73.9781, 23.1371], [73.9755, 23.1242], [74.0036, 23.1172], [74.0205, 23.0927], [73.998, 23.0857], [73.9609, 23.1126], [73.956, 23.1119], [73.9444, 23.1046], [73.9065, 23.0811], [73.908, 23.0526], [73.90277270071105, 23.05024476019929]]]}}, {"type": "Feature", "properties": {"dt_code": "472", "district": "Sabarkantha", "st_nm": "Gujarat", "st_code": "24", "year": "2011_c"}, "geometry": {"type": "MultiPolygon", "coordinates": [[[[73.23004346923665, 23.085723237490072], [73.23004346923665, 23.085723237490072]]], [[[72.86667968701886, 24.0247423747563], [72.8986, 24.0254], [72.9233, 24.0407], [72.9274, 24.0884], [72.9466, 24.109], [72.9428, 24.1352], [72.9529, 24.1385], [72.9567, 24.159], [72.9919, 24.1839], [72.9916, 24.2234], [73.0141, 24.2346], [73.0279, 24.2738], [73.0013, 24.289], [72.9968, 24.3079], [72.9672, 24.3132], [72.9593, 24.361], [72.9773, 24.3775], [72.9496, 24.3991], [72.9811, 24.4339], [72.9679, 24.4505], [72.9934, 24.4797], [73.0043, 24.4813], [73.0036, 24.4664], [73.0347, 24.4641], [73.086, 24.4986], [73.0958, 24.4899], [73.0913, 24.475], [73.1018, 24.4707], [73.1029, 24.4329], [73.0767, 24.3964], [73.152, 24.3543], [73.1708, 24.3557], [73.1985, 24.3769], [73.2192, 24.3639], [73.1985, 24.3318], [73.1817, 24.3434], [73.1764, 24.3377], [73.1693, 24.3003], [73.1355, 24.3082], [73.1254, 24.2734], [73.0954, 24.2492], [73.0879, 24.2336], [73.0973, 24.231], [73.0785, 24.2194], [73.0793, 24.2051], [73.0673, 24.1945], [73.125, 24.1249], [73.1535, 24.1126], [73.1588, 24.0984], [73.2139, 24.0775], [73.1933, 24.041], [73.2293, 24.0221], [73.2428, 24.0022], [73.2653, 24.0201], [73.2825, 24.0191], [73.2968, 24.044], [73.3167, 24.0536], [73.3264, 24.1096], [73.3384, 24.0987], [73.3617, 24.1047], [73.3609, 24.0811], [73.4048, 24.041], [73.4082, 24.0082], [73.3988, 23.9899], [73.4149, 23.9856], [73.4205, 23.9266], [73.3905, 23.918], [73.3785, 23.9034], [73.3613, 23.909], [73.3429, 23.9001], [73.3422, 23.8835], [73.2934, 23.8861], [73.287, 23.8719], [73.3054, 23.859], [73.2889, 23.8328], [73.2495, 23.858], [73.2409, 23.8865], [73.2349, 23.8861], [73.227, 23.8845], [73.2255, 23.8563], [73.2027, 23.8235], [73.1775, 23.8205], [73.1595, 23.7814], [73.1404, 23.7767], [73.1322, 23.7446], [73.1483, 23.7353], [73.1277, 23.725], [73.1119, 23.6975], [73.1247, 23.7074], [73.146, 23.6922], [73.143, 23.6792], [73.1573, 23.6756], [73.1595, 23.6501], [73.1982, 23.6497], [73.1862, 23.6358], [73.2079, 23.6116], [73.2075, 23.6043], [73.2038, 23.5861], [73.2023, 23.5784], [73.1929, 23.5748], [73.1959, 23.5542], [73.1614, 23.5453], [73.1723, 23.5224], [73.1554, 23.4757], [73.1385, 23.4816], [73.1202, 23.4664], [73.1228, 23.4166], [73.1408, 23.4229], [73.1442, 23.414], [73.1247, 23.4143], [73.1352, 23.3957], [73.131, 23.3788], [73.1145, 23.3712], [73.092, 23.3755], [73.0928, 23.3841], [73.0733, 23.3729], [73.1029, 23.3483], [73.1033, 23.3245], [73.0819, 23.3026], [73.0909, 23.2751], [73.0887, 23.2727], [73.0797, 23.2641], [73.0669, 23.2578], [73.0542, 23.2648], [73.0542, 23.2684], [73.0538, 23.285], [73.0227, 23.2751], [73.0171, 23.278], [72.9949, 23.2903], [72.9608, 23.281], [72.9784, 23.2638], [72.9597, 23.2591], [72.9597, 23.2412], [72.9481, 23.2525], [72.9361, 23.2389], [72.9192, 23.2638], [72.9203, 23.291], [72.8989, 23.281], [72.8836, 23.2883], [72.9143, 23.2966], [72.9154, 23.3221], [72.8772, 23.3155], [72.8648, 23.3135], [72.8337, 23.3314], [72.8014, 23.3188], [72.7969, 23.3314], [72.8078, 23.3556], [72.7651, 23.3546], [72.7647, 23.3672], [72.7467, 23.3745], [72.7527, 23.3871], [72.7234, 23.3898], [72.7343, 23.4034], [72.7718, 23.415], [72.8022, 23.4057], [72.7936, 23.4266], [72.8183, 23.468], [72.8164, 23.4743], [72.8097, 23.4843], [72.7984, 23.5018], [72.8228, 23.4999], [72.8337, 23.5184], [72.8236, 23.5227], [72.8311, 23.5459], [72.8067, 23.5728], [72.8104, 23.5894], [72.8404, 23.6033], [72.8157, 23.6401], [72.8344, 23.6723], [72.7947, 23.7592], [72.8142, 23.7979], [72.7894, 23.8321], [72.7909, 23.8391], [72.8041, 23.8755], [72.8048, 23.915], [72.8303, 23.9316], [72.8187, 23.9481], [72.8517, 23.973], [72.8581, 24.0165], [72.8633, 24.0214], [72.86667968701886, 24.0247423747563]]]]}}, {"type": "Feature", "properties": {"dt_code": "468", "district": "Kutch", "st_nm": "Gujarat", "st_code": "24", "year": "2011_c"}, "geometry": {"type": "MultiPolygon", "coordinates": [[[[68.53968827008286, 23.347335560690304], [68.5524, 23.349], [68.5543, 23.3291], [68.5356, 23.3208], [68.5202, 23.2886], [68.5149, 23.2969], [68.5243, 23.3109], [68.4999, 23.3218], [68.4977, 23.3327], [68.5206, 23.351], [68.53968827008286, 23.347335560690304]]], [[[71.28797842475171, 24.615939804751246], [71.285, 24.5937], [71.288, 24.5931], [71.3067, 24.5894], [71.2974, 24.5642], [71.2602, 24.5334], [71.2572, 24.5082], [71.2925, 24.5191], [71.3484, 24.5175], [71.3315, 24.4793], [71.3491, 24.4574], [71.3311, 24.4608], [71.3206, 24.4455], [71.3431, 24.4253], [71.3191, 24.4024], [71.3461, 24.3865], [71.366, 24.3915], [71.3619, 24.3838], [71.3735, 24.3785], [71.384, 24.3507], [71.3712, 24.3507], [71.3821, 24.3477], [71.375, 24.3338], [71.3142, 24.3218], [71.2947, 24.3009], [71.3026, 24.2595], [71.2839, 24.2658], [71.2741, 24.2575], [71.2854, 24.2419], [71.2917, 24.2479], [71.2797, 24.2363], [71.2906, 24.225], [71.3101, 24.222], [71.303, 24.2074], [71.3296, 24.1955], [71.3259, 24.1819], [71.3607, 24.1856], [71.3585, 24.173], [71.3435, 24.1773], [71.3375, 24.1637], [71.3289, 24.172], [71.3022, 24.1597], [71.2726, 24.1763], [71.258, 24.1594], [71.2854, 24.1494], [71.273, 24.1411], [71.3019, 24.1212], [71.3326, 24.1163], [71.336, 24.106], [71.3262, 24.1003], [71.3165, 24.0957], [71.3157, 24.0718], [71.3052, 24.0622], [71.3217, 24.0523], [71.2917, 24.0198], [71.285, 23.9916], [71.3094, 23.9932], [71.3191, 23.9836], [71.2887, 23.9481], [71.2996, 23.9276], [71.2741, 23.9342], [71.2651, 23.921], [71.2531, 23.9332], [71.2542, 23.9213], [71.2389, 23.9186], [71.2182, 23.9359], [71.1935, 23.921], [71.1777, 23.9306], [71.1762, 23.92], [71.1001, 23.9024], [71.0637, 23.8384], [71.0742, 23.8298], [71.0634, 23.8248], [71.0694, 23.8168], [71.0611, 23.8052], [71.0431, 23.8046], [71.0446, 23.7903], [71.0559, 23.7867], [71.0536, 23.7436], [71.0727, 23.7303], [71.057, 23.7373], [71.0694, 23.6885], [71.0394, 23.6809], [71.039, 23.6428], [71.0765, 23.603], [71.081, 23.5987], [71.0926, 23.6066], [71.0896, 23.6245], [71.0967, 23.6146], [71.1357, 23.6278], [71.1369, 23.664], [71.1496, 23.668], [71.1489, 23.6836], [71.1807, 23.7157], [71.1624, 23.7214], [71.1522, 23.7127], [71.1444, 23.73], [71.1774, 23.7286], [71.1747, 23.7442], [71.198, 23.7363], [71.2122, 23.7313], [71.2179, 23.7293], [71.2186, 23.7227], [71.2239, 23.6879], [71.2134, 23.6782], [71.222, 23.6564], [71.3045, 23.6454], [71.351, 23.6564], [71.3757, 23.6497], [71.3937, 23.6026], [71.4252, 23.6288], [71.4185, 23.5672], [71.4736, 23.5559], [71.4481, 23.536], [71.4451, 23.4694], [71.5205, 23.5277], [71.5081, 23.4561], [71.5336, 23.4786], [71.5321, 23.4611], [71.5613, 23.4402], [71.57, 23.4117], [71.603, 23.4236], [71.564, 23.3729], [71.6007, 23.3749], [71.5655, 23.3546], [71.5835, 23.3629], [71.6416, 23.3381], [71.6513, 23.3185], [71.6292, 23.2913], [71.6468, 23.2787], [71.6746, 23.293], [71.6757, 23.2747], [71.6603, 23.2744], [71.6596, 23.2601], [71.6971, 23.2482], [71.6536, 23.2366], [71.6708, 23.2263], [71.6577, 23.2074], [71.6768, 23.2018], [71.6892, 23.1819], [71.7091, 23.2008], [71.7207, 23.1985], [71.7173, 23.1935], [71.7031, 23.1729], [71.7241, 23.165], [71.7323, 23.1769], [71.7485, 23.1779], [71.7623, 23.1577], [71.7616, 23.1537], [71.7593, 23.1424], [71.7451, 23.1358], [71.7612, 23.1169], [71.7361, 23.1192], [71.72, 23.0907], [71.7102, 23.095], [71.7083, 23.1156], [71.6697, 23.1431], [71.6105, 23.1447], [71.606, 23.1348], [71.6015, 23.1437], [71.5943, 23.1325], [71.5737, 23.1328], [71.5692, 23.1421], [71.5508, 23.1401], [71.5388, 23.155], [71.5156, 23.1583], [71.4496, 23.1321], [71.4447, 23.1461], [71.3866, 23.1467], [71.3892, 23.1537], [71.3652, 23.1593], [71.3607, 23.1729], [71.3322, 23.161], [71.3199, 23.1862], [71.312, 23.1663], [71.3082, 23.1709], [71.3011, 23.1792], [71.2872, 23.1636], [71.2809, 23.167], [71.2861, 23.1497], [71.2689, 23.1557], [71.2467, 23.1477], [71.2407, 23.1557], [71.2347, 23.1414], [71.2224, 23.1467], [71.2085, 23.1378], [71.2242, 23.159], [71.2066, 23.1825], [71.1762, 23.1888], [71.1635, 23.1772], [71.1515, 23.2028], [71.1222, 23.2058], [71.1095, 23.222], [71.0889, 23.1935], [71.045, 23.1693], [71.0469, 23.1617], [71.0446, 23.1696], [71.0064, 23.1769], [70.9647, 23.1554], [70.964, 23.1746], [70.9539, 23.1709], [70.9599, 23.1454], [70.9531, 23.1451], [70.9692, 23.1394], [70.9531, 23.1421], [70.9584, 23.1361], [70.9497, 23.1318], [70.9456, 23.1404], [70.9299, 23.1381], [70.9445, 23.1504], [70.937, 23.1626], [70.8931, 23.1626], [70.8897, 23.1411], [70.9047, 23.1355], [70.8807, 23.1355], [70.8755, 23.1222], [70.8744, 23.1378], [70.8294, 23.158], [70.8271, 23.15], [70.8579, 23.1302], [70.8354, 23.1122], [70.838, 23.0924], [70.8312, 23.0967], [70.8275, 23.0801], [70.823, 23.1106], [70.8342, 23.1288], [70.8151, 23.1371], [70.8159, 23.165], [70.787, 23.151], [70.7907, 23.1663], [70.7821, 23.1587], [70.7641, 23.1663], [70.7652, 23.1457], [70.7, 23.1229], [70.6887, 23.1172], [70.6842, 23.1404], [70.7127, 23.1547], [70.7037, 23.1726], [70.718, 23.1892], [70.7116, 23.2144], [70.697, 23.2114], [70.6666, 23.229], [70.6467, 23.2137], [70.6359, 23.1855], [70.5826, 23.1776], [70.505, 23.1766], [70.4754, 23.1965], [70.424, 23.2064], [70.4319, 23.215], [70.4248, 23.2164], [70.3123, 23.2154], [70.2943, 23.2074], [70.3089, 23.1812], [70.265, 23.1617], [70.2425, 23.1739], [70.2425, 23.1646], [70.2279, 23.16], [70.2451, 23.1633], [70.2376, 23.1378], [70.2159, 23.1418], [70.2283, 23.1278], [70.2159, 23.1292], [70.2091, 23.1083], [70.1848, 23.0861], [70.1829, 23.0665], [70.1758, 23.0701], [70.1724, 23.0589], [70.1649, 23.0672], [70.1495, 23.037], [70.1589, 23.0347], [70.139, 23.0264], [70.1079, 22.9776], [70.0835, 22.9776], [70.0906, 22.9703], [70.0685, 22.9577], [70.0625, 22.9664], [70.0535, 22.9504], [70.0359, 22.9528], [70.0591, 22.9488], [70.0558, 22.9378], [70.073, 22.9431], [70.0614, 22.9325], [70.085, 22.9325], [70.0801, 22.9199], [70.0081, 22.913], [70.0074, 22.9053], [69.9931, 22.9113], [69.9995, 22.9067], [69.959, 22.899], [69.9624, 22.8934], [69.9271, 22.8957], [69.8986, 22.8712], [69.8776, 22.8738], [69.8008, 22.851], [69.7685, 22.8261], [69.6823, 22.7999], [69.6474, 22.7959], [69.6474, 22.8089], [69.6343, 22.8115], [69.6058, 22.8029], [69.5758, 22.8175], [69.5762, 22.8102], [69.5345, 22.8085], [69.5308, 22.7996], [69.5023, 22.8092], [69.5049, 22.7989], [69.4944, 22.7966], [69.4828, 22.8055], [69.4775, 22.7953], [69.4573, 22.8142], [69.4168, 22.8105], [69.47, 22.7764], [69.4948, 22.7797], [69.4719, 22.7737], [69.4344, 22.788], [69.4438, 22.78], [69.3812, 22.8185], [69.3047, 22.8377], [69.2679, 22.8251], [69.2315, 22.8347], [69.2469, 22.8384], [69.2282, 22.8486], [69.2222, 22.836], [69.1959, 22.8377], [69.1944, 22.8516], [69.1659, 22.8599], [69.1749, 22.8513], [69.1307, 22.8742], [69.1175, 22.8911], [69.125, 22.8934], [69.1115, 22.8914], [69.1089, 22.9], [69.1078, 22.8904], [69.0774, 22.9103], [69.0793, 22.9209], [69.0688, 22.9183], [69.0688, 22.9266], [69.0632, 22.9179], [69.0047, 22.9514], [69.0054, 22.9475], [68.8022, 23.0642], [68.7594, 23.0798], [68.6323, 23.1703], [68.5839, 23.2237], [68.5817, 23.2392], [68.6061, 23.2366], [68.6286, 23.2548], [68.6181, 23.2847], [68.6346, 23.3006], [68.6124, 23.288], [68.6012, 23.2562], [68.5524, 23.2631], [68.5656, 23.2459], [68.5401, 23.2482], [68.5322, 23.2807], [68.5442, 23.3009], [68.5618, 23.3135], [68.5761, 23.3032], [68.5697, 23.3165], [68.6207, 23.3284], [68.5592, 23.3384], [68.5644, 23.3639], [68.5809, 23.3709], [68.5667, 23.3735], [68.5498, 23.3556], [68.5007, 23.3696], [68.4872, 23.3497], [68.4872, 23.3623], [68.4587, 23.3672], [68.4594, 23.3914], [68.4426, 23.4024], [68.4497, 23.4369], [68.4193, 23.4064], [68.3998, 23.42], [68.4133, 23.4601], [68.4429, 23.4727], [68.4182, 23.4727], [68.4804, 23.5178], [68.4564, 23.5115], [68.4478, 23.5221], [68.4519, 23.5377], [68.4366, 23.5387], [68.4414, 23.5058], [68.4159, 23.4866], [68.3263, 23.4962], [68.3102, 23.5788], [68.2993, 23.593], [68.2712, 23.5947], [68.2644, 23.5857], [68.1418, 23.6013], [68.1193, 23.6159], [68.095, 23.653], [68.1006, 23.6782], [68.1572, 23.6845], [68.1722, 23.6962], [68.2026, 23.7661], [68.1977, 23.8357], [68.2086, 23.8749], [68.2521, 23.8964], [68.2802, 23.9306], [68.3319, 23.9239], [68.3387, 23.9661], [68.3582, 23.98], [68.3788, 23.9843], [68.3904, 23.9664], [68.7531, 23.971], [68.7647, 24.296], [68.8082, 24.3135], [68.8307, 24.3119], [68.8476, 24.2393], [68.8648, 24.2127], [68.8802, 24.2164], [68.9068, 24.2797], [68.9454, 24.3026], [68.9848, 24.2277], [69.0032, 24.223], [69.095, 24.2741], [69.1937, 24.2363], [69.3129, 24.2814], [69.3748, 24.2691], [69.4449, 24.2801], [69.4914, 24.2675], [69.5942, 24.293], [69.7314, 24.171], [70.025, 24.171], [70.067, 24.1992], [70.1101, 24.2946], [70.25, 24.3242], [70.3164, 24.3497], [70.3685, 24.3507], [70.4116, 24.3752], [70.5733, 24.422], [70.6025, 24.4077], [70.5804, 24.3629], [70.5616, 24.3537], [70.5845, 24.29], [70.571, 24.2515], [70.6677, 24.2194], [70.8061, 24.2207], [70.9066, 24.2592], [70.8751, 24.2804], [70.874, 24.2946], [70.9471, 24.3484], [70.9857, 24.3653], [71.0199, 24.3477], [71.0491, 24.3563], [71.084, 24.3944], [71.1219, 24.4057], [71.1256, 24.4203], [71.1031, 24.4359], [71.0371, 24.4322], [70.9985, 24.4442], [71.0045, 24.5231], [70.9872, 24.5433], [70.9865, 24.5954], [71.0086, 24.6355], [71.0742, 24.6624], [71.0967, 24.6895], [71.1121, 24.6756], [71.2614, 24.6246], [71.28797842475171, 24.615939804751246]]]]}}, {"type": "Feature", "properties": {"dt_code": "475", "district": "Surendranagar", "st_nm": "Gujarat", "st_code": "24", "year": "2011_c"}, "geometry": {"type": "MultiPolygon", "coordinates": [[[[71.33710190820943, 22.211029563723013], [71.312, 22.2187], [71.3067, 22.2273], [71.3232, 22.2452], [71.345, 22.2472], [71.36, 22.2352], [71.3634, 22.2323], [71.36, 22.2289], [71.3487, 22.218], [71.3405, 22.213], [71.33710190820943, 22.211029563723013]]], [[[71.86283567773403, 22.371180073362698], [71.8497, 22.3612], [71.8456, 22.3582], [71.8317, 22.3606], [71.837, 22.3964], [71.7965, 22.396], [71.7931, 22.3636], [71.7548, 22.3609], [71.7413, 22.3636], [71.7353, 22.3825], [71.7211, 22.3821], [71.7117, 22.399], [71.6738, 22.3844], [71.6502, 22.402], [71.6356, 22.3805], [71.6262, 22.3828], [71.63, 22.344], [71.6018, 22.3397], [71.5921, 22.3546], [71.579, 22.3201], [71.5692, 22.3224], [71.5651, 22.342], [71.5313, 22.343], [71.4953, 22.3039], [71.4458, 22.2893], [71.4372, 22.2611], [71.429, 22.2356], [71.4072, 22.224], [71.4016, 22.2246], [71.3967, 22.2253], [71.3911, 22.226], [71.3919, 22.2777], [71.3772, 22.2734], [71.3712, 22.2906], [71.3461, 22.2591], [71.3101, 22.2803], [71.3034, 22.2512], [71.2876, 22.2548], [71.2857, 22.2691], [71.2359, 22.2767], [71.2325, 22.2525], [71.2134, 22.2429], [71.2175, 22.2197], [71.2816, 22.2177], [71.303, 22.1845], [71.2966, 22.1683], [71.2771, 22.1596], [71.2494, 22.1696], [71.2332, 22.1639], [71.2171, 22.1872], [71.192, 22.1752], [71.1965, 22.1643], [71.1751, 22.159], [71.177, 22.1441], [71.144, 22.1245], [71.1245, 22.1248], [71.1181, 22.1348], [71.1271, 22.1494], [71.159, 22.1649], [71.1627, 22.1855], [71.1425, 22.1921], [71.12, 22.2216], [71.1076, 22.2462], [71.1151, 22.2551], [71.0817, 22.2558], [71.057, 22.2787], [71.0645, 22.3078], [71.0202, 22.333], [71.0187, 22.3384], [71.0184, 22.3778], [71.0394, 22.3884], [71.0356, 22.3927], [71.0127, 22.412], [70.9914, 22.4017], [70.9809, 22.4149], [71.0364, 22.4401], [71.0577, 22.4378], [71.0829, 22.403], [71.0915, 22.4007], [71.0945, 22.4027], [71.1001, 22.4329], [71.126, 22.4382], [71.1174, 22.4511], [71.1312, 22.4607], [71.1297, 22.4813], [71.1639, 22.4849], [71.1639, 22.5045], [71.1342, 22.5459], [71.1155, 22.5479], [71.1005, 22.5128], [71.0615, 22.5376], [71.0945, 22.5632], [71.1024, 22.5831], [71.093, 22.6066], [71.1024, 22.603], [71.0964, 22.6212], [71.1095, 22.6424], [71.1286, 22.6354], [71.1282, 22.6524], [71.1627, 22.6839], [71.1639, 22.7024], [71.126, 22.7425], [71.123, 22.7568], [71.1331, 22.7618], [71.1252, 22.7979], [71.0994, 22.8231], [71.1451, 22.8274], [71.1391, 22.8622], [71.1612, 22.8616], [71.1837, 22.8258], [71.2276, 22.8221], [71.2542, 22.837], [71.2452, 22.8626], [71.2625, 22.8722], [71.2707, 22.9057], [71.2921, 22.9189], [71.2899, 22.9339], [71.303, 22.9478], [71.2936, 22.9737], [71.3165, 22.9872], [71.3146, 23.0138], [71.2955, 23.0184], [71.3022, 23.0446], [71.2917, 23.0678], [71.3401, 23.092], [71.3476, 23.0983], [71.3427, 23.1149], [71.3589, 23.1205], [71.3431, 23.1441], [71.3165, 23.1434], [71.3052, 23.1666], [71.3082, 23.1709], [71.312, 23.1663], [71.3199, 23.1862], [71.3322, 23.161], [71.3607, 23.1729], [71.3652, 23.1593], [71.3892, 23.1537], [71.3866, 23.1467], [71.4447, 23.1461], [71.4496, 23.1321], [71.5156, 23.1583], [71.5388, 23.155], [71.5508, 23.1401], [71.5692, 23.1421], [71.5737, 23.1328], [71.5943, 23.1325], [71.6015, 23.1437], [71.606, 23.1348], [71.6105, 23.1447], [71.6697, 23.1431], [71.7083, 23.1156], [71.7102, 23.095], [71.72, 23.0907], [71.7361, 23.1192], [71.7612, 23.1169], [71.7451, 23.1358], [71.7593, 23.1424], [71.7616, 23.1537], [71.7623, 23.1577], [71.7485, 23.1779], [71.7323, 23.1769], [71.7241, 23.165], [71.7042, 23.1719], [71.7173, 23.1935], [71.7203, 23.1985], [71.7091, 23.2008], [71.6892, 23.1819], [71.6768, 23.2018], [71.6577, 23.2074], [71.6708, 23.2263], [71.6536, 23.2366], [71.6971, 23.2482], [71.6596, 23.2601], [71.6603, 23.2744], [71.6757, 23.2747], [71.6746, 23.293], [71.6468, 23.2787], [71.6292, 23.2913], [71.6513, 23.3185], [71.6416, 23.3381], [71.5835, 23.3629], [71.5655, 23.3546], [71.6007, 23.3749], [71.564, 23.3729], [71.603, 23.4236], [71.57, 23.4117], [71.5613, 23.4402], [71.5321, 23.4611], [71.5336, 23.4786], [71.5373, 23.4806], [71.5647, 23.4955], [71.5778, 23.4962], [71.6033, 23.4972], [71.6993, 23.4816], [71.7023, 23.481], [71.7305, 23.4906], [71.7263, 23.468], [71.7713, 23.468], [71.7777, 23.4544], [71.7601, 23.4266], [71.7612, 23.4037], [71.7938, 23.3918], [71.837, 23.4183], [71.8625, 23.471], [71.9228, 23.4926], [71.942, 23.4995], [71.9431, 23.5181], [71.969, 23.5267], [71.9795, 23.5198], [71.9798, 23.5025], [71.9986, 23.4989], [71.9896, 23.4896], [71.9637, 23.4621], [71.9686, 23.409], [71.9562, 23.3875], [71.903, 23.3808], [71.888, 23.3908], [71.8703, 23.3818], [71.8943, 23.3291], [71.8763, 23.3095], [71.8842, 23.3022], [71.8726, 23.2794], [71.8797, 23.2535], [71.87, 23.2184], [71.897, 23.219], [71.9026, 23.2558], [71.9198, 23.2641], [71.9337, 23.2615], [71.9431, 23.2369], [71.9701, 23.2502], [71.9956, 23.2482], [71.9885, 23.2094], [71.9498, 23.2041], [71.9281, 23.1802], [71.906, 23.1762], [71.8996, 23.1026], [71.9187, 23.0658], [71.9457, 23.0628], [71.9525, 23.0287], [71.9622, 23.0284], [71.9607, 23.0469], [71.9735, 23.0585], [72.0155, 23.0579], [72.0177, 23.0509], [72.0218, 23.0184], [72.0087, 23.0015], [72.0207, 22.9922], [71.9956, 22.9518], [72.0053, 22.9242], [71.9896, 22.8629], [72.0136, 22.8181], [72.0278, 22.8284], [72.0346, 22.8599], [72.0417, 22.8264], [72.0357, 22.8099], [72.0571, 22.7966], [72.0473, 22.7684], [72.0556, 22.7704], [72.0627, 22.7568], [72.0541, 22.7505], [72.0698, 22.7339], [72.1081, 22.721], [72.0942, 22.6756], [72.0676, 22.6749], [72.0575, 22.6941], [72.023, 22.6802], [72.0616, 22.6537], [72.0668, 22.591], [72.104, 22.603], [72.1501, 22.5841], [72.1895, 22.5423], [72.1452, 22.5171], [72.1482, 22.4955], [72.164, 22.4796], [72.0841, 22.4355], [72.053, 22.4431], [72.0511, 22.4756], [72.0391, 22.4833], [72.0335, 22.5068], [71.9671, 22.5154], [71.9708, 22.5386], [71.9393, 22.5469], [71.9135, 22.5264], [71.9315, 22.5028], [71.9195, 22.5015], [71.9168, 22.4826], [71.9367, 22.4796], [71.9675, 22.4925], [71.9723, 22.4726], [71.9341, 22.4534], [71.9408, 22.3841], [71.9412, 22.3808], [71.9367, 22.3831], [71.9213, 22.3805], [71.9022, 22.4236], [71.8606, 22.396], [71.86283567773403, 22.371180073362698]]]]}}, {"type": "Feature", "properties": {"dt_code": "483", "district": "Kheda", "st_nm": "Gujarat", "st_code": "24", "year": "2011_c"}, "geometry": {"type": "Polygon", "coordinates": [[[73.35041475312923, 22.792279757094374], [73.3425, 22.7913], [73.2754, 22.7827], [73.272, 22.78], [73.2582, 22.7697], [73.2518, 22.7193], [73.2694, 22.6663], [73.2199, 22.6258], [73.2184, 22.6285], [73.1944, 22.6703], [73.2015, 22.6832], [73.158, 22.6812], [73.1397, 22.7144], [73.1243, 22.7226], [73.0969, 22.7183], [73.0958, 22.7283], [73.044, 22.7134], [73.0257, 22.7346], [73.0219, 22.7253], [73.0028, 22.723], [73.0092, 22.7054], [72.9976, 22.7001], [72.9848, 22.6537], [72.9627, 22.6338], [72.9297, 22.6291], [72.9173, 22.5947], [72.9136, 22.5937], [72.8674, 22.5824], [72.8592, 22.592], [72.8742, 22.6039], [72.8712, 22.6209], [72.8532, 22.6185], [72.8506, 22.6016], [72.8307, 22.5943], [72.8209, 22.6066], [72.8344, 22.6149], [72.8266, 22.6265], [72.8071, 22.6202], [72.7894, 22.6388], [72.7609, 22.6341], [72.7403, 22.6457], [72.7174, 22.6245], [72.7096, 22.6325], [72.6852, 22.6295], [72.6889, 22.6056], [72.7107, 22.5897], [72.6747, 22.5864], [72.6698, 22.5632], [72.6406, 22.5356], [72.6672, 22.5303], [72.6713, 22.5058], [72.6661, 22.5045], [72.6522, 22.5008], [72.6511, 22.5065], [72.6451, 22.5078], [72.6357, 22.5038], [72.6173, 22.5131], [72.5993, 22.5005], [72.5768, 22.5038], [72.5539, 22.5681], [72.5322, 22.5698], [72.5329, 22.588], [72.5086, 22.6106], [72.5059, 22.6132], [72.5104, 22.6288], [72.5119, 22.6328], [72.5356, 22.6262], [72.5374, 22.652], [72.5693, 22.6537], [72.5483, 22.665], [72.5498, 22.6729], [72.5269, 22.6779], [72.5442, 22.6928], [72.5179, 22.7004], [72.5224, 22.7124], [72.5408, 22.7114], [72.5232, 22.7336], [72.5389, 22.7518], [72.5209, 22.7525], [72.5299, 22.7671], [72.5142, 22.7787], [72.5221, 22.7956], [72.5704, 22.8268], [72.5813, 22.8188], [72.5971, 22.8248], [72.6079, 22.8135], [72.6087, 22.8626], [72.5986, 22.8722], [72.6076, 22.8864], [72.6327, 22.8821], [72.6432, 22.8977], [72.6668, 22.8957], [72.6736, 22.8805], [72.6886, 22.8801], [72.7242, 22.9146], [72.7422, 22.9057], [72.7913, 22.908], [72.8044, 22.9412], [72.8397, 22.965], [72.8427, 22.967], [72.8311, 22.9826], [72.8386, 22.9962], [72.8483, 22.9992], [72.8431, 23.0101], [72.8926, 23.0144], [72.9132, 23.0532], [72.9057, 23.0655], [72.9233, 23.0698], [72.9256, 23.0804], [72.9608, 23.0738], [72.9608, 23.0595], [72.9968, 23.0579], [72.9818, 23.0877], [73.0073, 23.103], [73.0028, 23.1308], [73.0227, 23.1315], [73.0264, 23.1351], [73.0257, 23.1384], [73.0133, 23.1441], [73.0129, 23.1603], [73.0171, 23.16], [73.0189, 23.1689], [73.0699, 23.1597], [73.1209, 23.1869], [73.134, 23.2054], [73.1554, 23.1928], [73.1505, 23.1676], [73.1708, 23.1348], [73.1888, 23.15], [73.2019, 23.1461], [73.2053, 23.1103], [73.2252, 23.1053], [73.2413, 23.0708], [73.2728, 23.0585], [73.275, 23.0502], [73.2439, 23.0383], [73.2417, 23.0184], [73.275, 22.9783], [73.2503, 22.9644], [73.2604, 22.9292], [73.2724, 22.9302], [73.3118, 22.9428], [73.3493, 22.9246], [73.3849, 22.9581], [73.41, 22.9554], [73.4217, 22.9451], [73.4183, 22.9422], [73.3677, 22.8987], [73.3752, 22.8811], [73.3849, 22.8603], [73.3635, 22.7989], [73.35041475312923, 22.792279757094374]], [[73.23004346923665, 23.085723237490072], [73.23004346923665, 23.085723237490072]]]}}, {"type": "Feature", "properties": {"dt_code": "482", "district": "Anand", "st_nm": "Gujarat", "st_code": "24", "year": "2011_c"}, "geometry": {"type": "Polygon", "coordinates": [[[73.21841882811306, 22.628481927359374], [73.2199, 22.6228], [73.1562, 22.5887], [73.1355, 22.5244], [73.0917, 22.5101], [73.0935, 22.4554], [73.065, 22.4282], [73.0729, 22.397], [73.0467, 22.3626], [73.0594, 22.3135], [73.0092, 22.2677], [72.9747, 22.2541], [72.9518, 22.2631], [72.9488, 22.2926], [72.9454, 22.3042], [72.9282, 22.3118], [72.9094, 22.2979], [72.9106, 22.2671], [72.8926, 22.2671], [72.8719, 22.285], [72.8423, 22.282], [72.7557, 22.2316], [72.7373, 22.2754], [72.7017, 22.2807], [72.6871, 22.2717], [72.6822, 22.2813], [72.6589, 22.279], [72.5802, 22.3012], [72.5566, 22.2952], [72.5157, 22.3211], [72.5003, 22.2777], [72.4609, 22.2565], [72.4272, 22.2094], [72.4081, 22.2296], [72.4032, 22.2571], [72.4212, 22.2803], [72.4193, 22.2999], [72.3758, 22.3148], [72.4017, 22.3529], [72.3976, 22.3576], [72.3904, 22.3662], [72.3852, 22.3725], [72.3676, 22.3755], [72.3417, 22.3864], [72.3679, 22.407], [72.3732, 22.4468], [72.3559, 22.4405], [72.3638, 22.4534], [72.3769, 22.4524], [72.3758, 22.4733], [72.4081, 22.476], [72.4388, 22.5091], [72.4302, 22.5526], [72.4264, 22.5705], [72.4411, 22.5655], [72.4658, 22.5774], [72.5037, 22.6059], [72.5086, 22.6106], [72.5329, 22.588], [72.5322, 22.5698], [72.5539, 22.5681], [72.5764, 22.5038], [72.5993, 22.5005], [72.6173, 22.5131], [72.6357, 22.5038], [72.6451, 22.5078], [72.6511, 22.5065], [72.6522, 22.5008], [72.6642, 22.5041], [72.6713, 22.5058], [72.6672, 22.5303], [72.6406, 22.5356], [72.6698, 22.5632], [72.6747, 22.5864], [72.7107, 22.5897], [72.6889, 22.6056], [72.6852, 22.6295], [72.7081, 22.6341], [72.7163, 22.6255], [72.7403, 22.6457], [72.7609, 22.6341], [72.7894, 22.6388], [72.8071, 22.6202], [72.8266, 22.6265], [72.8344, 22.6149], [72.8209, 22.6066], [72.8296, 22.5957], [72.8506, 22.6016], [72.8532, 22.6185], [72.8712, 22.6209], [72.8742, 22.6039], [72.8592, 22.592], [72.8674, 22.5824], [72.9136, 22.5937], [72.9173, 22.5947], [72.9297, 22.6291], [72.9627, 22.6338], [72.9848, 22.6537], [72.9976, 22.7001], [73.0092, 22.7054], [73.0028, 22.723], [73.0219, 22.7253], [73.0249, 22.7339], [73.044, 22.7134], [73.0958, 22.7283], [73.0969, 22.7183], [73.1243, 22.7226], [73.1397, 22.7144], [73.158, 22.6812], [73.2015, 22.6832], [73.1944, 22.6703], [73.21841882811306, 22.628481927359374]]]}}, {"type": "Feature", "properties": {"dt_code": "727", "district": "Morbi", "st_nm": "Gujarat", "st_code": "24", "year": "update2014"}, "geometry": {"type": "MultiPolygon", "coordinates": [[[[70.4663787892108, 22.332717425084844], [70.4488, 22.3277], [70.4401, 22.3569], [70.4098, 22.3612], [70.4083, 22.3708], [70.4045, 22.4033], [70.4394, 22.4143], [70.4506, 22.3941], [70.4229, 22.3748], [70.4555, 22.3543], [70.4619, 22.3503], [70.4663787892108, 22.332717425084844]]], [[[70.51250236528178, 22.45805260654199], [70.5219, 22.4577], [70.5343, 22.4355], [70.51250236528178, 22.45805260654199]]], [[[70.98086290603514, 22.414947914506463], [70.9377, 22.4269], [70.928, 22.4411], [70.8909, 22.4428], [70.8714, 22.4594], [70.8211, 22.4703], [70.8136, 22.4819], [70.7956, 22.475], [70.7855, 22.4547], [70.7919, 22.4342], [70.8057, 22.4342], [70.7915, 22.4216], [70.7727, 22.4345], [70.7499, 22.4146], [70.7394, 22.4322], [70.7244, 22.4262], [70.6944, 22.4368], [70.6801, 22.4617], [70.6572, 22.475], [70.6677, 22.4796], [70.655, 22.4919], [70.6591, 22.5035], [70.6434, 22.5085], [70.6437, 22.5174], [70.6254, 22.5108], [70.6194, 22.5327], [70.6407, 22.5801], [70.6047, 22.5844], [70.604, 22.6066], [70.5849, 22.6139], [70.5811, 22.6039], [70.565, 22.6036], [70.5744, 22.6341], [70.6081, 22.6408], [70.6156, 22.6514], [70.6122, 22.6951], [70.6456, 22.7064], [70.6381, 22.7266], [70.6209, 22.7339], [70.6137, 22.7638], [70.6235, 22.7793], [70.6482, 22.787], [70.6415, 22.8234], [70.6632, 22.8321], [70.6452, 22.8636], [70.622, 22.8818], [70.6055, 22.8811], [70.5789, 22.9176], [70.5474, 22.9266], [70.5099, 22.9368], [70.4968, 22.9342], [70.4799, 22.9375], [70.4323, 22.9674], [70.4788, 22.9753], [70.5414, 22.9601], [70.5613, 23.0294], [70.5718, 23.0376], [70.6017, 23.0347], [70.5969, 23.0612], [70.6291, 23.0628], [70.6381, 23.0814], [70.6887, 23.1172], [70.7, 23.1229], [70.7652, 23.1457], [70.7641, 23.1663], [70.7821, 23.1587], [70.7907, 23.1663], [70.787, 23.151], [70.8159, 23.165], [70.8151, 23.1371], [70.8342, 23.1288], [70.823, 23.1106], [70.8275, 23.0801], [70.8312, 23.0967], [70.838, 23.0924], [70.8354, 23.1122], [70.8579, 23.1302], [70.8271, 23.15], [70.8294, 23.158], [70.8744, 23.1378], [70.8755, 23.1222], [70.8807, 23.1355], [70.9047, 23.1355], [70.8897, 23.1411], [70.8931, 23.1626], [70.937, 23.1626], [70.9445, 23.1504], [70.9299, 23.1381], [70.9456, 23.1404], [70.9497, 23.1318], [70.9584, 23.1361], [70.9531, 23.1421], [70.9692, 23.1394], [70.9531, 23.1451], [70.9599, 23.1454], [70.9539, 23.1709], [70.964, 23.1746], [70.9647, 23.1554], [71.0064, 23.1769], [71.0446, 23.1696], [71.0469, 23.1617], [71.045, 23.1693], [71.0889, 23.1935], [71.1095, 23.222], [71.1222, 23.2058], [71.1515, 23.2028], [71.1635, 23.1772], [71.1762, 23.1888], [71.2066, 23.1825], [71.2242, 23.159], [71.2085, 23.1378], [71.2224, 23.1467], [71.2347, 23.1414], [71.2407, 23.1557], [71.2467, 23.1477], [71.2689, 23.1557], [71.2861, 23.1497], [71.2801, 23.1666], [71.2872, 23.1636], [71.3004, 23.1792], [71.3082, 23.1709], [71.306, 23.1676], [71.3165, 23.1434], [71.3431, 23.1441], [71.3589, 23.1205], [71.3427, 23.1149], [71.3476, 23.0983], [71.3401, 23.092], [71.2917, 23.0678], [71.3022, 23.0446], [71.2955, 23.0184], [71.3146, 23.0138], [71.3165, 22.9872], [71.2936, 22.9737], [71.303, 22.9478], [71.2899, 22.9339], [71.2921, 22.9189], [71.2707, 22.9057], [71.2625, 22.8722], [71.2452, 22.8626], [71.2542, 22.837], [71.2276, 22.8221], [71.1837, 22.8258], [71.1612, 22.8616], [71.1391, 22.8622], [71.1451, 22.8274], [71.0994, 22.8231], [71.1252, 22.7979], [71.1331, 22.7618], [71.123, 22.7568], [71.126, 22.7425], [71.1639, 22.7024], [71.1627, 22.6839], [71.1282, 22.6524], [71.1286, 22.6354], [71.1095, 22.6424], [71.0964, 22.6212], [71.1024, 22.603], [71.093, 22.6066], [71.1024, 22.5831], [71.0945, 22.5632], [71.0615, 22.5376], [71.1005, 22.5128], [71.1155, 22.5479], [71.1342, 22.5459], [71.1639, 22.5045], [71.1639, 22.4849], [71.1297, 22.4813], [71.1312, 22.4607], [71.1174, 22.4511], [71.126, 22.4382], [71.1001, 22.4329], [71.0945, 22.4027], [71.0915, 22.4007], [71.0829, 22.403], [71.0577, 22.4378], [71.0379, 22.4408], [70.98086290603514, 22.414947914506463]]]]}}, {"type": "Feature", "properties": {"dt_code": "469", "district": "Banaskantha", "st_nm": "Gujarat", "st_code": "24", "year": "2011_c"}, "geometry": {"type": "Polygon", "coordinates": [[[72.99680066991831, 24.307907043974293], [73.0013, 24.289], [73.0279, 24.2738], [73.0141, 24.2346], [72.9916, 24.2234], [72.9919, 24.1839], [72.9567, 24.159], [72.9529, 24.1385], [72.9428, 24.1352], [72.9466, 24.109], [72.9274, 24.0884], [72.9233, 24.0407], [72.8986, 24.0254], [72.8667, 24.0247], [72.8562, 24.0453], [72.8389, 24.0397], [72.8206, 24.0476], [72.7827, 24.102], [72.7703, 24.0993], [72.7591, 24.0801], [72.7347, 24.0765], [72.7298, 24.094], [72.7144, 24.0984], [72.6859, 24.0728], [72.6702, 24.0712], [72.6522, 24.0838], [72.6372, 24.0758], [72.6199, 24.0539], [72.6368, 24.0423], [72.6398, 24.0237], [72.6484, 24.0267], [72.6507, 23.9939], [72.5911, 23.9773], [72.5843, 23.9359], [72.5348, 23.9349], [72.5247, 23.9438], [72.4872, 23.9319], [72.4864, 23.9349], [72.4804, 23.9531], [72.4651, 23.9697], [72.4381, 23.967], [72.4298, 23.9836], [72.4141, 23.9724], [72.3702, 23.9717], [72.3612, 24.0098], [72.3443, 24.0138], [72.3398, 24.0377], [72.3094, 24.0383], [72.2993, 24.0533], [72.2704, 24.0556], [72.2558, 24.0814], [72.2258, 24.0722], [72.2239, 24.0761], [72.2063, 24.1139], [72.2236, 24.1308], [72.2146, 24.1444], [72.2037, 24.1491], [72.1771, 24.1182], [72.149, 24.1295], [72.1497, 24.1524], [72.1298, 24.1551], [72.1122, 24.1358], [72.0897, 24.1385], [72.0931, 24.1239], [72.1482, 24.1239], [72.1471, 24.1043], [72.1572, 24.0944], [72.1325, 24.0526], [72.1013, 24.0543], [72.101, 24.0344], [72.0901, 24.0413], [72.0608, 24.0324], [72.0316, 24.0529], [72.0286, 24.0672], [72.0132, 24.0685], [72.0275, 24.0191], [72.0503, 23.9995], [72.0466, 23.9926], [72.0398, 23.9803], [72.0121, 23.985], [72.0027, 23.971], [72.0001, 23.967], [71.9956, 23.9816], [71.9885, 23.9932], [71.9611, 23.9909], [71.9491, 24.0078], [71.9255, 24.0092], [71.9288, 23.9793], [71.9487, 23.973], [71.9292, 23.9521], [71.9382, 23.9276], [71.9742, 23.9054], [71.9776, 23.8891], [71.8895, 23.8782], [71.8673, 23.8696], [71.8613, 23.847], [71.828, 23.8444], [71.8152, 23.855], [71.7788, 23.8447], [71.7665, 23.8268], [71.7616, 23.8414], [71.7143, 23.8699], [71.7173, 23.9276], [71.6978, 23.9302], [71.6885, 23.9707], [71.6796, 23.9713], [71.6821, 23.9759], [71.682, 23.9856], [71.6825, 23.9889], [71.6846, 23.9926], [71.689, 23.9968], [71.6912, 23.9989], [71.6925, 24.0032], [71.6925, 24.0071], [71.6896, 24.011], [71.6847, 24.0138], [71.6788, 24.0165], [71.6717, 24.0158], [71.665, 24.0134], [71.6626, 24.0156], [71.6614, 24.0188], [71.6581, 24.0195], [71.6561, 24.0281], [71.6553, 24.0321], [71.6599, 24.0341], [71.6644, 24.0344], [71.6704, 24.0382], [71.6773, 24.0412], [71.6791, 24.0459], [71.6812, 24.0515], [71.6812, 24.0577], [71.684, 24.0637], [71.6931, 24.0631], [71.7012, 24.0634], [71.7061, 24.0652], [71.7094, 24.0656], [71.7193, 24.0612], [71.7263, 24.0576], [71.7334, 24.0525], [71.7384, 24.0565], [71.7415, 24.0596], [71.7457, 24.064], [71.7486, 24.0665], [71.7545, 24.0653], [71.7577, 24.064], [71.768, 24.0647], [71.7755, 24.0663], [71.7809, 24.0675], [71.7868, 24.0661], [71.7941, 24.0656], [71.7993, 24.065], [71.8039, 24.0648], [71.809, 24.0635], [71.8142, 24.0608], [71.818, 24.063], [71.8211, 24.0655], [71.8248, 24.0662], [71.8287, 24.0675], [71.832, 24.068], [71.8362, 24.0685], [71.8399, 24.069], [71.843, 24.0707], [71.8482, 24.0729], [71.8521, 24.0745], [71.8542, 24.0779], [71.8531, 24.0842], [71.8531, 24.0872], [71.8522, 24.0901], [71.8459, 24.0946], [71.8422, 24.0958], [71.8442, 24.1037], [71.8524, 24.1105], [71.8557, 24.1148], [71.8568, 24.1177], [71.857, 24.1224], [71.8554, 24.1292], [71.8569, 24.1341], [71.8591, 24.1376], [71.861, 24.1402], [71.8646, 24.1428], [71.868, 24.1429], [71.8717, 24.1403], [71.8813, 24.1393], [71.8896, 24.1411], [71.9016, 24.1475], [71.9109, 24.1492], [71.9224, 24.1477], [71.9312, 24.1498], [71.927, 24.156], [71.9235, 24.1631], [71.9255, 24.1666], [71.9273, 24.169], [71.9295, 24.1743], [71.93, 24.1774], [71.9286, 24.1816], [71.9297, 24.1878], [71.9306, 24.1962], [71.9309, 24.2003], [71.9307, 24.2053], [71.9293, 24.2084], [71.9482, 24.2161], [71.9594, 24.2168], [71.9712, 24.2204], [71.9823, 24.2277], [71.9843, 24.2361], [71.9818, 24.2461], [71.987, 24.249], [71.9979, 24.2575], [72.0108, 24.2578], [72.0237, 24.2562], [72.0326, 24.2565], [72.0463, 24.2654], [72.052, 24.2722], [72.0522, 24.2823], [72.0428, 24.2873], [72.0248, 24.2908], [72.0205, 24.2969], [72.0233, 24.3027], [72.0267, 24.3078], [72.0351, 24.3114], [72.0354, 24.3166], [72.0405, 24.3207], [72.0342, 24.3299], [72.0291, 24.3421], [72.0454, 24.3403], [72.0501, 24.3513], [72.0426, 24.3559], [72.0298, 24.3538], [72.0254, 24.355], [72.0204, 24.3621], [72.0193, 24.3725], [72.0254, 24.3755], [72.0321, 24.3775], [72.0424, 24.3743], [72.0454, 24.3781], [72.0489, 24.3845], [72.0494, 24.3891], [72.034, 24.3975], [72.0319, 24.4061], [72.0244, 24.4099], [72.0227, 24.4126], [72.0229, 24.4162], [72.0248, 24.4211], [72.0285, 24.4311], [72.0292, 24.4411], [72.0294, 24.4459], [72.007, 24.4491], [71.9768, 24.4406], [71.9665, 24.4391], [71.9562, 24.439], [71.9488, 24.4449], [71.9461, 24.4494], [71.9458, 24.475], [71.9416, 24.4755], [71.9424, 24.4809], [71.9411, 24.4923], [71.9346, 24.4992], [71.9309, 24.5101], [71.9318, 24.5173], [71.9319, 24.5206], [71.9345, 24.5248], [71.9355, 24.5289], [71.9339, 24.5339], [71.9309, 24.5364], [71.926, 24.5371], [71.9231, 24.545], [71.9216, 24.552], [71.9229, 24.5594], [71.9181, 24.565], [71.9127, 24.5666], [71.9076, 24.5673], [71.9031, 24.5679], [71.9007, 24.5699], [71.8948, 24.5813], [71.8932, 24.5866], [71.8889, 24.5871], [71.8855, 24.5848], [71.8801, 24.5822], [71.8708, 24.5794], [71.8608, 24.5809], [71.8523, 24.5858], [71.8487, 24.5893], [71.8485, 24.5952], [71.8495, 24.5998], [71.8527, 24.6081], [71.8655, 24.6305], [71.8576, 24.6663], [71.8718, 24.6816], [71.9187, 24.672], [71.9153, 24.6494], [71.9397, 24.6338], [71.9881, 24.6574], [71.984, 24.6859], [71.9937, 24.6949], [72.0125, 24.6905], [72.0582, 24.7124], [72.0848, 24.7068], [72.0897, 24.6587], [72.1246, 24.6385], [72.1505, 24.6435], [72.1647, 24.6212], [72.1966, 24.6146], [72.1947, 24.6229], [72.2303, 24.6405], [72.2547, 24.6249], [72.2708, 24.6375], [72.3049, 24.6176], [72.3203, 24.6176], [72.3353, 24.6332], [72.3473, 24.6285], [72.3361, 24.5987], [72.3136, 24.5937], [72.2974, 24.609], [72.2761, 24.6073], [72.2464, 24.5854], [72.2648, 24.5602], [72.2858, 24.5652], [72.2948, 24.5466], [72.3289, 24.5523], [72.3308, 24.5692], [72.3537, 24.5636], [72.3886, 24.5075], [72.4163, 24.5211], [72.4414, 24.5148], [72.4302, 24.48], [72.4572, 24.4147], [72.5003, 24.417], [72.4932, 24.4591], [72.5044, 24.4581], [72.5202, 24.5002], [72.5337, 24.5039], [72.5389, 24.5195], [72.5761, 24.4787], [72.6833, 24.4637], [72.6893, 24.4117], [72.7249, 24.3673], [72.8059, 24.3629], [72.8536, 24.3712], [72.8911, 24.357], [72.9106, 24.3371], [72.9593, 24.361], [72.9672, 24.3132], [72.99680066991831, 24.307907043974293]]]}}, {"type": "Feature", "properties": {"dt_code": "746", "district": "Vav-Tharad", "st_nm": "Gujarat", "st_code": "24", "year": "update2025"}, "geometry": {"type": "Polygon", "coordinates": [[[71.66521677863314, 23.97235359520543], [71.6052, 23.9425], [71.5868, 23.9634], [71.5917, 23.9763], [71.5606, 23.9793], [71.5658, 23.9959], [71.5546, 24.0009], [71.546, 23.9816], [71.498, 23.9697], [71.4875, 23.9753], [71.4912, 24.0148], [71.4792, 24.0251], [71.4425, 23.981], [71.4545, 23.9647], [71.4447, 23.9412], [71.4162, 23.9249], [71.3952, 23.9657], [71.3742, 23.9551], [71.366, 23.9704], [71.3356, 23.97], [71.3191, 23.9836], [71.3094, 23.9932], [71.285, 23.9916], [71.2917, 24.0198], [71.3217, 24.0523], [71.3052, 24.0622], [71.3157, 24.0718], [71.3165, 24.0957], [71.3262, 24.1003], [71.3364, 24.105], [71.3337, 24.1163], [71.3019, 24.1212], [71.273, 24.1411], [71.2854, 24.1494], [71.258, 24.1594], [71.2726, 24.1763], [71.3022, 24.1597], [71.3289, 24.172], [71.3375, 24.1637], [71.3435, 24.1773], [71.3585, 24.173], [71.3607, 24.1856], [71.3259, 24.1819], [71.3296, 24.1955], [71.303, 24.2074], [71.3101, 24.222], [71.2906, 24.225], [71.2797, 24.2363], [71.2917, 24.2479], [71.2854, 24.2419], [71.2741, 24.2575], [71.2839, 24.2658], [71.3026, 24.2595], [71.2947, 24.3009], [71.3142, 24.3218], [71.375, 24.3338], [71.3821, 24.3477], [71.3712, 24.3507], [71.384, 24.3507], [71.3735, 24.3785], [71.3619, 24.3838], [71.366, 24.3915], [71.3461, 24.3865], [71.3191, 24.4024], [71.3431, 24.4253], [71.3206, 24.4455], [71.3311, 24.4608], [71.3491, 24.4574], [71.3315, 24.4793], [71.3484, 24.5175], [71.2925, 24.5191], [71.2572, 24.5082], [71.2602, 24.5334], [71.2974, 24.5642], [71.3064, 24.5884], [71.288, 24.5931], [71.285, 24.5937], [71.288, 24.6159], [71.3139, 24.6481], [71.348, 24.661], [71.3585, 24.6309], [71.3772, 24.6259], [71.4777, 24.6796], [71.5306, 24.6832], [71.5418, 24.676], [71.5733, 24.6839], [71.5902, 24.6673], [71.6078, 24.6769], [71.6555, 24.6392], [71.708, 24.6617], [71.7365, 24.6604], [71.7916, 24.6773], [71.8103, 24.6561], [71.8058, 24.6266], [71.8512, 24.6097], [71.8513, 24.602], [71.8485, 24.5952], [71.8487, 24.5893], [71.8523, 24.5858], [71.8608, 24.5809], [71.8708, 24.5794], [71.8793, 24.5801], [71.8855, 24.5848], [71.8886, 24.587], [71.8927, 24.587], [71.8948, 24.5813], [71.8993, 24.572], [71.9031, 24.5679], [71.9076, 24.5673], [71.9127, 24.5666], [71.9179, 24.5651], [71.9228, 24.5599], [71.9216, 24.552], [71.9231, 24.545], [71.9253, 24.5389], [71.9306, 24.5365], [71.9337, 24.5342], [71.9355, 24.5292], [71.9346, 24.525], [71.9319, 24.5206], [71.9319, 24.5174], [71.9309, 24.5101], [71.9346, 24.4992], [71.941, 24.4926], [71.9424, 24.481], [71.9416, 24.4755], [71.9453, 24.4755], [71.9461, 24.4494], [71.9477, 24.4461], [71.9546, 24.4401], [71.9665, 24.4391], [71.9768, 24.4406], [72.0068, 24.449], [72.029, 24.4465], [72.0292, 24.4411], [72.0285, 24.4313], [72.0248, 24.4211], [72.0229, 24.4162], [72.0227, 24.4126], [72.0244, 24.4099], [72.0316, 24.4065], [72.0329, 24.3999], [72.0491, 24.3896], [72.0489, 24.3847], [72.0455, 24.3781], [72.043, 24.3745], [72.0321, 24.3775], [72.0254, 24.3755], [72.0193, 24.3725], [72.0204, 24.3621], [72.0254, 24.355], [72.0298, 24.3538], [72.0422, 24.3559], [72.0498, 24.352], [72.0459, 24.3407], [72.0291, 24.3421], [72.0342, 24.3299], [72.0405, 24.3214], [72.0354, 24.3166], [72.0354, 24.3119], [72.0267, 24.3078], [72.0233, 24.3027], [72.0205, 24.2969], [72.0248, 24.2908], [72.0426, 24.2873], [72.052, 24.2828], [72.0521, 24.2725], [72.0464, 24.2655], [72.0328, 24.2566], [72.0238, 24.2562], [72.0108, 24.2578], [71.9979, 24.2575], [71.987, 24.2491], [71.9818, 24.2461], [71.9843, 24.2364], [71.9825, 24.228], [71.9713, 24.2204], [71.9595, 24.2169], [71.9482, 24.2161], [71.9293, 24.2084], [71.9306, 24.2055], [71.9309, 24.2004], [71.9307, 24.1962], [71.9297, 24.1878], [71.9286, 24.1816], [71.93, 24.1777], [71.9295, 24.1745], [71.928, 24.1712], [71.9255, 24.1666], [71.9235, 24.1631], [71.927, 24.156], [71.9315, 24.1506], [71.9226, 24.1477], [71.9109, 24.1492], [71.9016, 24.1475], [71.8897, 24.1412], [71.8814, 24.1393], [71.872, 24.1402], [71.868, 24.1429], [71.8646, 24.1428], [71.861, 24.1402], [71.8591, 24.1376], [71.8569, 24.1341], [71.8557, 24.1309], [71.857, 24.1225], [71.8568, 24.1179], [71.8558, 24.1149], [71.8525, 24.1105], [71.8442, 24.1037], [71.842, 24.0978], [71.8458, 24.0947], [71.8506, 24.0918], [71.8531, 24.0874], [71.8531, 24.0842], [71.8543, 24.0782], [71.8523, 24.0747], [71.8482, 24.0729], [71.843, 24.0707], [71.8401, 24.069], [71.8362, 24.0685], [71.832, 24.068], [71.8287, 24.0675], [71.8249, 24.0662], [71.8211, 24.0655], [71.818, 24.063], [71.8147, 24.0608], [71.809, 24.0635], [71.8039, 24.0648], [71.7993, 24.065], [71.7941, 24.0656], [71.7896, 24.0658], [71.7809, 24.0675], [71.7755, 24.0663], [71.768, 24.0647], [71.7603, 24.0629], [71.7545, 24.0653], [71.7514, 24.066], [71.7457, 24.064], [71.7415, 24.0596], [71.7384, 24.0565], [71.7359, 24.0538], [71.7263, 24.0576], [71.7193, 24.0612], [71.7094, 24.0656], [71.7061, 24.0652], [71.7021, 24.0637], [71.6931, 24.0631], [71.684, 24.0637], [71.6812, 24.0577], [71.6812, 24.0517], [71.6791, 24.0459], [71.6775, 24.0415], [71.6704, 24.0382], [71.6646, 24.0344], [71.6599, 24.0341], [71.6566, 24.0338], [71.6561, 24.0281], [71.6581, 24.0195], [71.6611, 24.0191], [71.6626, 24.0156], [71.665, 24.0134], [71.6716, 24.0157], [71.6785, 24.0165], [71.6846, 24.0138], [71.6894, 24.0111], [71.6924, 24.0075], [71.6925, 24.0034], [71.6912, 23.999], [71.689, 23.9968], [71.6846, 23.9926], [71.6825, 23.9889], [71.682, 23.9856], [71.6822, 23.9761], [71.68, 23.9716], [71.66521677863314, 23.97235359520543]]]}}]}