{"type": "FeatureCollection", "features": [{"type": "Feature", "properties": {}, "geometry": {"type": "Polygon", "coordinates": [[[-180, -90], [-180, 90], [180, 90], [180, -90], [-180, -90]], [[70.86097, 20.752918], [70.8624, 20.7496], [70.8599, 20.7479], [70.8576, 20.7457], [70.8576, 20.7421], [70.8596, 20.7393], [70.8607, 20.7362], [70.8618, 20.7332], [70.8635, 20.7307], [70.8657, 20.7285], [70.8685, 20.7271], [70.8715, 20.7257], [70.8721, 20.7224], [70.8707, 20.7193], [70.8669, 20.7217], [70.8663, 20.7259], [70.8619, 20.7255], [70.8588, 20.7238], [70.8553, 20.7249], [70.8498, 20.7239], [70.8466, 20.7229], [70.8446, 20.7263], [70.8403, 20.7285], [70.851, 20.7445], [70.8543, 20.75], [70.8574, 20.7521], [70.8604, 20.7526], [70.86097, 20.752918]], [[72.84597, 20.763201], [72.849, 20.7626], [72.8521, 20.7618], [72.8546, 20.7599], [72.8562, 20.7574], [72.8574, 20.754], [72.8549, 20.7521], [72.851, 20.7526], [72.8476, 20.7535], [72.8457, 20.756], [72.8443, 20.7588], [72.8443, 20.7629], [72.84597, 20.763201]], [[71.388474, 20.867085], [71.3876, 20.8635], [71.3871, 20.8668], [71.388474, 20.867085]], [[71.516251, 20.914305], [71.5182, 20.9107], [71.519, 20.9076], [71.5218, 20.9063], [71.5251, 20.9063], [71.5284, 20.906], [71.5304, 20.9035], [71.5263, 20.9035], [71.5226, 20.9037], [71.5193, 20.9035], [71.5157, 20.9046], [71.5121, 20.9035], [71.509, 20.9029], [71.5079, 20.9057], [71.5104, 20.9074], [71.5129, 20.9093], [71.5126, 20.9124], [71.5154, 20.9138], [71.516251, 20.914305]], [[71.649017, 20.977921], [71.6485, 20.9746], [71.6443, 20.9746], [71.646, 20.9774], [71.649017, 20.977921]], [[71.686531, 20.996529], [71.6876, 20.9935], [71.6849, 20.9921], [71.6813, 20.9918], [71.6787, 20.9896], [71.6774, 20.9868], [71.6743, 20.9849], [71.674, 20.9887], [71.6732, 20.9918], [71.676, 20.9937], [71.6787, 20.9951], [71.6818, 20.996], [71.686531, 20.996529]], [[71.703751, 20.999582], [71.7046, 20.9965], [71.6985, 20.9962], [71.6954, 20.9968], [71.6979, 20.9988], [71.703751, 20.999582]], [[71.710419, 20.999582], [71.714, 20.9988], [71.7113, 20.9971], [71.7082, 20.9965], [71.7085, 20.9996], [71.710419, 20.999582]], [[72.647636, 21.076248], [72.6499, 21.074], [72.654, 21.0743], [72.6554, 21.0715], [72.6563, 21.0685], [72.6579, 21.0657], [72.6537, 21.0665], [72.6501, 21.0671], [72.6479, 21.0696], [72.6454, 21.0715], [72.6454, 21.0751], [72.647636, 21.076248]], [[72.679306, 21.098751], [72.6807, 21.0954], [72.6787, 21.0981], [72.679306, 21.098751]], [[72.672081, 21.115141], [72.6724, 21.1076], [72.6729, 21.1043], [72.6743, 21.1013], [72.6765, 21.099], [72.6732, 21.099], [72.671, 21.1013], [72.6699, 21.1046], [72.6696, 21.1079], [72.6696, 21.111], [72.6701, 21.114], [72.672081, 21.115141]], [[72.70208, 21.12236], [72.7024, 21.1179], [72.7032, 21.1146], [72.7007, 21.1126], [72.6985, 21.1151], [72.6982, 21.119], [72.7004, 21.1212], [72.70208, 21.12236]], [[72.676529, 21.155701], [72.6801, 21.1546], [72.6826, 21.1529], [72.6857, 21.1521], [72.6885, 21.1507], [72.6915, 21.1499], [72.6946, 21.1485], [72.6979, 21.1474], [72.7012, 21.1468], [72.7035, 21.1446], [72.7068, 21.1429], [72.7099, 21.1413], [72.7101, 21.1376], [72.7079, 21.1354], [72.7049, 21.1338], [72.7043, 21.1304], [72.7029, 21.1276], [72.7018, 21.1235], [72.6993, 21.1212], [72.6971, 21.1187], [72.6971, 21.1143], [72.6982, 21.1104], [72.6979, 21.1074], [72.6963, 21.1049], [72.6946, 21.1018], [72.6929, 21.0987], [72.6915, 21.096], [72.6907, 21.0926], [72.689, 21.0899], [72.6862, 21.0926], [72.6851, 21.0954], [72.6829, 21.0979], [72.6804, 21.1001], [72.6779, 21.1018], [72.6762, 21.1043], [72.6751, 21.1074], [72.674, 21.1115], [72.6735, 21.1185], [72.6732, 21.1215], [72.6718, 21.1246], [72.671, 21.1282], [72.6699, 21.1318], [72.6682, 21.1351], [72.6665, 21.1382], [72.6657, 21.1415], [72.6649, 21.1485], [72.6679, 21.1507], [72.6693, 21.1535], [72.6721, 21.1549], [72.676529, 21.155701]], [[72.102913, 21.274311], [72.1032, 21.2704], [72.1012, 21.2679], [72.099, 21.2654], [72.1001, 21.2685], [72.1021, 21.2729], [72.102913, 21.274311]], [[72.587906, 21.33931], [72.5874, 21.3362], [72.5871, 21.3399], [72.587906, 21.33931]], [[72.583191, 21.365419], [72.5829, 21.3624], [72.5804, 21.3607], [72.5796, 21.3643], [72.583191, 21.365419]], [[72.600418, 21.387081], [72.6004, 21.3838], [72.6001, 21.3793], [72.5985, 21.3765], [72.596, 21.3746], [72.5938, 21.3724], [72.5918, 21.3701], [72.5893, 21.3682], [72.5907, 21.371], [72.5899, 21.374], [72.5915, 21.3768], [72.5932, 21.3793], [72.5949, 21.3818], [72.5968, 21.3843], [72.599, 21.3865], [72.600418, 21.387081]], [[72.628197, 21.41736], [72.6276, 21.414], [72.6265, 21.411], [72.6249, 21.4085], [72.6232, 21.406], [72.6218, 21.4032], [72.619, 21.4013], [72.6168, 21.3987], [72.6151, 21.396], [72.6121, 21.3965], [72.6132, 21.3993], [72.6149, 21.4018], [72.6168, 21.4043], [72.6193, 21.4065], [72.6215, 21.4088], [72.6232, 21.4118], [72.626, 21.4132], [72.6271, 21.4163], [72.628197, 21.41736]], [[72.635971, 21.417641], [72.6363, 21.4143], [72.634, 21.4121], [72.6338, 21.4151], [72.635971, 21.417641]], [[72.675972, 21.44681], [72.676, 21.4432], [72.6735, 21.4413], [72.671, 21.4396], [72.6676, 21.4387], [72.6637, 21.4396], [72.6651, 21.4424], [72.6676, 21.444], [72.6704, 21.4454], [72.6751, 21.4463], [72.675972, 21.44681]], [[69.724297, 21.56403], [69.7237, 21.5607], [69.7229, 21.5571], [69.7218, 21.554], [69.719, 21.5551], [69.7188, 21.5582], [69.7204, 21.5613], [69.7232, 21.5629], [69.724297, 21.56403]], [[69.72847, 21.612083], [69.7315, 21.611], [69.7349, 21.6096], [69.7357, 21.6065], [69.7357, 21.6035], [69.7374, 21.601], [69.7365, 21.5957], [69.7387, 21.5935], [69.7357, 21.5935], [69.7335, 21.5957], [69.7324, 21.5987], [69.7304, 21.6013], [69.7293, 21.6043], [69.7268, 21.6063], [69.7249, 21.6087], [69.7276, 21.6107], [69.72847, 21.612083]], [[72.353195, 21.61347], [72.354, 21.6096], [72.3557, 21.6071], [72.3574, 21.604], [72.3601, 21.6021], [72.3629, 21.601], [72.3626, 21.5979], [72.3651, 21.5963], [72.3643, 21.5932], [72.3651, 21.5901], [72.3635, 21.5874], [72.3621, 21.5826], [72.3596, 21.5807], [72.3549, 21.5815], [72.3538, 21.5851], [72.3521, 21.5876], [72.3512, 21.5907], [72.3504, 21.5943], [72.349, 21.5971], [72.3485, 21.6001], [72.346, 21.6018], [72.3463, 21.6057], [72.3465, 21.6096], [72.3507, 21.6118], [72.353195, 21.61347]], [[72.584587, 21.62903], [72.584, 21.626], [72.5835, 21.629], [72.584587, 21.62903]], [[72.609306, 21.62875], [72.6085, 21.6257], [72.6076, 21.6224], [72.6074, 21.619], [72.6051, 21.6218], [72.6054, 21.6249], [72.6062, 21.6285], [72.6096, 21.629], [72.609306, 21.62875]], [[72.595703, 21.63903], [72.5951, 21.6357], [72.5954, 21.6307], [72.5987, 21.6315], [72.6021, 21.6307], [72.6046, 21.6327], [72.6071, 21.6346], [72.6107, 21.6354], [72.6093, 21.6327], [72.6065, 21.6315], [72.6035, 21.6296], [72.6021, 21.6268], [72.6029, 21.6235], [72.6026, 21.6204], [72.5999, 21.6185], [72.5971, 21.6196], [72.5938, 21.619], [72.5907, 21.6204], [72.591, 21.6238], [72.5901, 21.6268], [72.5885, 21.6296], [72.5885, 21.6329], [72.5904, 21.6354], [72.5924, 21.6382], [72.595703, 21.63903]], [[72.602364, 21.64097], [72.6001, 21.6388], [72.5971, 21.639], [72.6001, 21.6399], [72.602364, 21.64097]], [[72.722641, 21.665972], [72.7251, 21.6643], [72.7279, 21.6626], [72.7312, 21.661], [72.7343, 21.6607], [72.7374, 21.6599], [72.741, 21.6593], [72.744, 21.6582], [72.7474, 21.6579], [72.7499, 21.656], [72.751, 21.6529], [72.7487, 21.6507], [72.7468, 21.6482], [72.7446, 21.646], [72.7399, 21.6449], [72.7371, 21.6438], [72.736, 21.6471], [72.7329, 21.6465], [72.7301, 21.6451], [72.7268, 21.644], [72.7235, 21.6435], [72.7204, 21.6438], [72.7168, 21.6446], [72.7154, 21.6476], [72.7162, 21.651], [72.7138, 21.6529], [72.7121, 21.6557], [72.7104, 21.6582], [72.7118, 21.661], [72.714, 21.6632], [72.7165, 21.6649], [72.7204, 21.6657], [72.722641, 21.665972]], [[72.274307, 21.749582], [72.2754, 21.7465], [72.2774, 21.744], [72.2796, 21.7415], [72.281, 21.7387], [72.2815, 21.7354], [72.2821, 21.731], [72.2807, 21.7274], [72.2815, 21.7235], [72.2826, 21.7207], [72.284, 21.7171], [72.2851, 21.7138], [72.2865, 21.7107], [72.2879, 21.7076], [72.2854, 21.7093], [72.2838, 21.7118], [72.2821, 21.7149], [72.2807, 21.7179], [72.2785, 21.7201], [72.2768, 21.7226], [72.2749, 21.7251], [72.2732, 21.7276], [72.2712, 21.7304], [72.2693, 21.7329], [72.2685, 21.736], [72.2676, 21.739], [72.2693, 21.7415], [72.2712, 21.7443], [72.2724, 21.7479], [72.274307, 21.749582]], [[72.354858, 21.943199], [72.3562, 21.9404], [72.3568, 21.9354], [72.3579, 21.9321], [72.3576, 21.9285], [72.3599, 21.9262], [72.3562, 21.9251], [72.3549, 21.9282], [72.3526, 21.926], [72.3496, 21.9276], [72.3479, 21.9304], [72.3496, 21.9329], [72.3507, 21.9357], [72.3512, 21.9396], [72.3529, 21.9421], [72.354858, 21.943199]], [[72.214027, 22.005421], [72.2162, 22.0026], [72.2135, 22.0013], [72.2107, 22.0029], [72.2124, 22.0054], [72.214027, 22.005421]], [[72.472641, 22.208195], [72.4724, 22.2051], [72.4696, 22.2035], [72.4699, 22.2065], [72.472641, 22.208195]], [[72.384308, 22.215694], [72.3874, 22.2149], [72.3901, 22.2135], [72.3918, 22.2107], [72.3876, 22.2101], [72.3874, 22.2132], [72.3843, 22.2146], [72.384308, 22.215694]], [[72.370697, 22.23514], [72.3693, 22.2324], [72.3704, 22.2296], [72.3704, 22.2263], [72.3682, 22.224], [72.3701, 22.2201], [72.3704, 22.2168], [72.3712, 22.2135], [72.3726, 22.2107], [72.3749, 22.2085], [72.3763, 22.2054], [72.3726, 22.2049], [72.3696, 22.2063], [72.3668, 22.2076], [72.3649, 22.2101], [72.364, 22.2132], [72.3635, 22.2235], [72.3649, 22.2265], [72.366, 22.2293], [72.3671, 22.2324], [72.3693, 22.2346], [72.370697, 22.23514]], [[69.310417, 22.306252], [69.3121, 22.3035], [69.3093, 22.3046], [69.310417, 22.306252]], [[69.452637, 22.358194], [69.4551, 22.3565], [69.4576, 22.3549], [69.4574, 22.3518], [69.454, 22.3513], [69.4499, 22.3507], [69.4468, 22.3515], [69.4432, 22.3526], [69.4399, 22.3538], [69.4396, 22.3568], [69.4435, 22.3571], [69.4471, 22.3565], [69.4501, 22.3579], [69.452637, 22.358194]], [[69.184029, 22.36764], [69.1857, 22.3651], [69.1829, 22.3663], [69.184029, 22.36764]], [[69.195419, 22.374584], [69.1963, 22.3707], [69.1949, 22.3679], [69.1899, 22.3693], [69.1926, 22.371], [69.1946, 22.3746], [69.195419, 22.374584]], [[69.335419, 22.38903], [69.3379, 22.3871], [69.3399, 22.3843], [69.3404, 22.381], [69.3374, 22.3799], [69.3349, 22.3776], [69.3329, 22.3749], [69.329, 22.3749], [69.3262, 22.3765], [69.3243, 22.3796], [69.3229, 22.3824], [69.3285, 22.3838], [69.3315, 22.3863], [69.3343, 22.3882], [69.335419, 22.38903]], [[69.483192, 22.398748], [69.4863, 22.3971], [69.4879, 22.3943], [69.4887, 22.3907], [69.4863, 22.3885], [69.4829, 22.3879], [69.4804, 22.3901], [69.4807, 22.3938], [69.4826, 22.3987], [69.483192, 22.398748]], [[69.279312, 22.420141], [69.2765, 22.4182], [69.279, 22.4199], [69.279312, 22.420141]], [[69.142082, 22.45764], [69.1418, 22.4543], [69.1413, 22.4574], [69.142082, 22.45764]], [[69.62764, 22.459583], [69.6304, 22.4576], [69.6335, 22.456], [69.6357, 22.4538], [69.6387, 22.4526], [69.6418, 22.4507], [69.644, 22.4482], [69.6454, 22.4454], [69.6468, 22.4426], [69.6471, 22.4393], [69.6479, 22.436], [69.6451, 22.4346], [69.6476, 22.4324], [69.6507, 22.4318], [69.6543, 22.4312], [69.6565, 22.4288], [69.6568, 22.4257], [69.6546, 22.4235], [69.6515, 22.4224], [69.6485, 22.4215], [69.6471, 22.4188], [69.6449, 22.4165], [69.6421, 22.4154], [69.6413, 22.4124], [69.6393, 22.4101], [69.6374, 22.4076], [69.6346, 22.4065], [69.6318, 22.4076], [69.629, 22.409], [69.626, 22.4101], [69.6232, 22.4112], [69.6204, 22.4124], [69.6176, 22.4138], [69.6151, 22.4157], [69.6121, 22.4165], [69.6087, 22.4174], [69.6062, 22.4193], [69.604, 22.4215], [69.6001, 22.4224], [69.5976, 22.4243], [69.5949, 22.4257], [69.5926, 22.4279], [69.5915, 22.4318], [69.5901, 22.4349], [69.5882, 22.4388], [69.5899, 22.4415], [69.5924, 22.4438], [69.5949, 22.4457], [69.5976, 22.4471], [69.6007, 22.4479], [69.6038, 22.449], [69.6065, 22.4504], [69.6113, 22.4513], [69.614, 22.4526], [69.6165, 22.4549], [69.6196, 22.4568], [69.6224, 22.4582], [69.6254, 22.4593], [69.62764, 22.459583]], [[69.302086, 22.47403], [69.3035, 22.4713], [69.3071, 22.4718], [69.3129, 22.4718], [69.3187, 22.4724], [69.3218, 22.471], [69.3246, 22.4696], [69.326, 22.4668], [69.3273, 22.464], [69.3276, 22.4604], [69.3268, 22.4571], [69.3246, 22.4549], [69.3221, 22.4526], [69.3182, 22.451], [69.3107, 22.4515], [69.3076, 22.4521], [69.3043, 22.4532], [69.3012, 22.4529], [69.2996, 22.4557], [69.2971, 22.4574], [69.294, 22.4585], [69.294, 22.4615], [69.2957, 22.4649], [69.2973, 22.4679], [69.2985, 22.4707], [69.3004, 22.4732], [69.302086, 22.47403]], [[69.136803, 22.477638], [69.1424, 22.4771], [69.1449, 22.4751], [69.1485, 22.474], [69.149, 22.471], [69.1496, 22.4679], [69.1471, 22.466], [69.1465, 22.4629], [69.1435, 22.4626], [69.1407, 22.4643], [69.1374, 22.4624], [69.1354, 22.4649], [69.1326, 22.4662], [69.1285, 22.4657], [69.1257, 22.4668], [69.1232, 22.4685], [69.1199, 22.4676], [69.1171, 22.4665], [69.1137, 22.4654], [69.111, 22.464], [69.1087, 22.4618], [69.1082, 22.4579], [69.109, 22.454], [69.1087, 22.4488], [69.1076, 22.446], [69.1071, 22.4424], [69.1074, 22.4393], [69.1065, 22.4363], [69.1046, 22.4337], [69.1015, 22.4326], [69.0985, 22.4318], [69.0951, 22.4312], [69.0926, 22.4293], [69.0901, 22.4274], [69.0893, 22.4237], [69.0865, 22.4215], [69.0835, 22.4226], [69.084, 22.4265], [69.0857, 22.429], [69.0849, 22.4321], [69.0876, 22.4335], [69.0899, 22.4357], [69.0907, 22.4388], [69.0943, 22.4401], [69.0949, 22.4435], [69.0935, 22.4463], [69.0926, 22.4493], [69.0938, 22.4521], [69.0929, 22.4554], [69.0924, 22.459], [69.096, 22.4615], [69.0996, 22.4621], [69.1024, 22.4638], [69.1049, 22.4657], [69.1079, 22.4662], [69.1107, 22.4674], [69.1135, 22.4688], [69.1162, 22.4701], [69.119, 22.4715], [69.1221, 22.4729], [69.1246, 22.4749], [69.1288, 22.4757], [69.1318, 22.4765], [69.1351, 22.4774], [69.136803, 22.477638]], [[69.089027, 22.490694], [69.0876, 22.4879], [69.0854, 22.4857], [69.0857, 22.4887], [69.0885, 22.4904], [69.089027, 22.490694]], [[69.324287, 22.527639], [69.3268, 22.526], [69.3301, 22.5246], [69.3329, 22.5257], [69.3399, 22.5257], [69.3432, 22.5251], [69.3457, 22.5268], [69.3487, 22.5268], [69.3518, 22.526], [69.3546, 22.524], [69.3568, 22.5218], [69.3587, 22.5193], [69.3604, 22.5165], [69.3629, 22.5146], [69.3632, 22.5115], [69.3601, 22.5104], [69.3571, 22.5096], [69.3546, 22.5074], [69.3524, 22.5051], [69.3493, 22.504], [69.3463, 22.5046], [69.3435, 22.5057], [69.3404, 22.5071], [69.3351, 22.5074], [69.3321, 22.509], [69.3296, 22.5107], [69.3271, 22.5124], [69.3243, 22.5138], [69.3218, 22.5157], [69.3193, 22.5176], [69.3165, 22.5193], [69.3154, 22.5229], [69.3171, 22.5254], [69.3204, 22.5265], [69.324287, 22.527639]], [[69.944862, 22.53236], [69.9476, 22.531], [69.9446, 22.5299], [69.944862, 22.53236]], [[69.405136, 22.53264], [69.4057, 22.529], [69.406, 22.5254], [69.4032, 22.5243], [69.4018, 22.5282], [69.4029, 22.5312], [69.405136, 22.53264]], [[69.957359, 22.535973], [69.9551, 22.5337], [69.9571, 22.536], [69.957359, 22.535973]], [[69.960419, 22.543751], [69.9635, 22.5424], [69.961, 22.5407], [69.9582, 22.5385], [69.9554, 22.5371], [69.9568, 22.5399], [69.9582, 22.5426], [69.960419, 22.543751]], [[69.95208, 22.55125], [69.9543, 22.549], [69.9563, 22.5465], [69.9571, 22.5435], [69.9551, 22.5407], [69.9538, 22.5379], [69.9512, 22.5363], [69.9482, 22.5354], [69.9446, 22.5363], [69.9415, 22.5374], [69.9388, 22.539], [69.9382, 22.5421], [69.9385, 22.5457], [69.9399, 22.5485], [69.9426, 22.5504], [69.95208, 22.55125]], [[69.918747, 22.553196], [69.9212, 22.5512], [69.9235, 22.549], [69.9265, 22.5476], [69.9293, 22.5465], [69.9321, 22.5449], [69.9321, 22.5404], [69.9321, 22.5365], [69.9343, 22.534], [69.9313, 22.5326], [69.9343, 22.5326], [69.936, 22.5279], [69.9371, 22.5318], [69.9404, 22.5301], [69.9424, 22.5276], [69.9437, 22.5249], [69.944, 22.5218], [69.9426, 22.519], [69.9379, 22.5182], [69.9337, 22.5185], [69.9307, 22.519], [69.9282, 22.5171], [69.9254, 22.516], [69.9224, 22.5146], [69.9193, 22.5135], [69.9163, 22.5124], [69.9124, 22.5118], [69.9096, 22.5129], [69.9054, 22.5135], [69.9007, 22.5143], [69.8974, 22.514], [69.8946, 22.5126], [69.8918, 22.514], [69.889, 22.5154], [69.8865, 22.5174], [69.8843, 22.5196], [69.8812, 22.5201], [69.8763, 22.5207], [69.8732, 22.5213], [69.8701, 22.5224], [69.8674, 22.5237], [69.8646, 22.5251], [69.8624, 22.5293], [69.8651, 22.5307], [69.8685, 22.5307], [69.8729, 22.5296], [69.8768, 22.5285], [69.8796, 22.5274], [69.8826, 22.5263], [69.8854, 22.5249], [69.8893, 22.524], [69.8924, 22.5243], [69.8951, 22.5229], [69.8976, 22.5246], [69.8996, 22.5271], [69.8982, 22.5301], [69.8985, 22.5337], [69.8988, 22.5382], [69.9007, 22.541], [69.8999, 22.5451], [69.9021, 22.5474], [69.9049, 22.549], [69.9068, 22.546], [69.9101, 22.5465], [69.9115, 22.5493], [69.9079, 22.5496], [69.9104, 22.5518], [69.9135, 22.5526], [69.9168, 22.5529], [69.918747, 22.553196]], [[70.024307, 22.553196], [70.0229, 22.5504], [70.0204, 22.5482], [70.0157, 22.5479], [70.0129, 22.549], [70.0151, 22.5512], [70.0199, 22.5518], [70.0229, 22.5526], [70.024307, 22.553196]], [[70.011253, 22.553751], [70.0096, 22.551], [70.0062, 22.5499], [70.0004, 22.549], [69.9962, 22.5485], [69.9987, 22.5507], [70.0021, 22.5524], [70.0082, 22.5518], [70.011253, 22.553751]], [[70.023476, 22.558472], [70.0251, 22.556], [70.0224, 22.5546], [70.0196, 22.5535], [70.0157, 22.5532], [70.0126, 22.554], [70.0146, 22.5565], [70.0176, 22.5579], [70.023476, 22.558472]], [[70.039581, 22.567921], [70.041, 22.5651], [70.0385, 22.5668], [70.039581, 22.567921]], [[70.044586, 22.572359], [70.0454, 22.569], [70.0421, 22.5674], [70.0424, 22.5704], [70.044586, 22.572359]], [[70.181808, 22.58375], [70.1832, 22.581], [70.1801, 22.5815], [70.181808, 22.58375]], [[70.009033, 22.593201], [70.0121, 22.5918], [70.0157, 22.5907], [70.0188, 22.5896], [70.0224, 22.5888], [70.0246, 22.5865], [70.0254, 22.5829], [70.0265, 22.5796], [70.0276, 22.576], [70.0279, 22.5707], [70.0265, 22.5679], [70.0243, 22.5657], [70.0218, 22.564], [70.019, 22.5621], [70.0165, 22.5601], [70.014, 22.5582], [70.0113, 22.5568], [70.0085, 22.5549], [70.0015, 22.5538], [69.9987, 22.5524], [69.9951, 22.551], [69.9932, 22.5485], [69.9896, 22.5479], [69.986, 22.5468], [69.9826, 22.5465], [69.9793, 22.5471], [69.9751, 22.5479], [69.9721, 22.5468], [69.9685, 22.546], [69.9638, 22.5454], [69.9613, 22.5474], [69.9587, 22.549], [69.9571, 22.5538], [69.9565, 22.5571], [69.9568, 22.5607], [69.9576, 22.5638], [69.9587, 22.5668], [69.9601, 22.5699], [69.9615, 22.5729], [69.9629, 22.5757], [69.9651, 22.5779], [69.9688, 22.5785], [69.9729, 22.5782], [69.9754, 22.5801], [69.979, 22.581], [69.9826, 22.5818], [69.9851, 22.5835], [69.9885, 22.5837], [69.9921, 22.5843], [69.994, 22.5871], [69.9962, 22.5893], [69.9993, 22.5899], [70.0021, 22.5918], [70.009033, 22.593201]], [[69.948471, 22.606251], [69.951, 22.6046], [69.954, 22.6054], [69.9568, 22.6043], [69.9596, 22.6029], [69.9626, 22.601], [69.9624, 22.5979], [69.9599, 22.5963], [69.9571, 22.5951], [69.954, 22.5951], [69.9515, 22.5968], [69.949, 22.5988], [69.949, 22.6038], [69.948471, 22.606251]], [[70.215973, 22.646811], [70.2185, 22.6449], [70.221, 22.6432], [70.2204, 22.6401], [70.2179, 22.6418], [70.2171, 22.6451], [70.215973, 22.646811]], [[70.235695, 22.684584], [70.2385, 22.6832], [70.2354, 22.6826], [70.235695, 22.684584]], [[70.246803, 22.691805], [70.2468, 22.6888], [70.2443, 22.6868], [70.2421, 22.6893], [70.2443, 22.6915], [70.246803, 22.691805]], [[70.244026, 22.720139], [70.2446, 22.7171], [70.2462, 22.7146], [70.2435, 22.7124], [70.2438, 22.7168], [70.2432, 22.7201], [70.244026, 22.720139]], [[69.642639, 22.764862], [69.6454, 22.7635], [69.6476, 22.7613], [69.6501, 22.7596], [69.6526, 22.7576], [69.6557, 22.756], [69.6596, 22.7551], [69.6626, 22.7551], [69.6657, 22.7535], [69.6657, 22.7504], [69.6621, 22.7507], [69.6593, 22.7518], [69.6562, 22.7529], [69.6529, 22.7538], [69.6504, 22.7557], [69.6474, 22.7557], [69.6462, 22.7585], [69.6426, 22.7585], [69.6399, 22.7601], [69.6371, 22.7613], [69.6335, 22.7607], [69.631, 22.7624], [69.634, 22.7635], [69.6368, 22.7646], [69.6415, 22.7646], [69.642639, 22.764862]], [[69.636528, 22.779861], [69.6374, 22.7765], [69.6351, 22.7793], [69.636528, 22.779861]], [[70.455139, 22.995701], [70.4549, 22.9915], [70.4535, 22.9885], [70.4512, 22.9862], [70.4485, 22.9846], [70.446, 22.9829], [70.4435, 22.9813], [70.441, 22.9796], [70.4376, 22.9782], [70.4337, 22.9785], [70.434, 22.9818], [70.4365, 22.9837], [70.439, 22.9854], [70.4421, 22.9874], [70.4446, 22.9893], [70.4474, 22.9907], [70.4499, 22.9926], [70.4526, 22.994], [70.455139, 22.995701]], [[70.441528, 23.049583], [70.4401, 23.0468], [70.4379, 23.0446], [70.4362, 23.0421], [70.434, 23.0399], [70.4321, 23.0374], [70.4299, 23.0352], [70.4276, 23.0332], [70.4249, 23.0315], [70.4224, 23.0299], [70.4201, 23.0279], [70.4179, 23.0257], [70.416, 23.0232], [70.4149, 23.0265], [70.4157, 23.0296], [70.4171, 23.0324], [70.4185, 23.0352], [70.4204, 23.0376], [70.4226, 23.0399], [70.4249, 23.0421], [70.4274, 23.044], [70.429, 23.0465], [70.4318, 23.0476], [70.436, 23.0487], [70.441, 23.0493], [70.441528, 23.049583]], [[70.448471, 23.052084], [70.4476, 23.0476], [70.4463, 23.0449], [70.4451, 23.0421], [70.444, 23.0388], [70.4432, 23.0357], [70.4418, 23.0329], [70.4407, 23.0296], [70.4396, 23.0263], [70.4385, 23.0232], [70.4374, 23.0201], [70.436, 23.0174], [70.4346, 23.0143], [70.4329, 23.0115], [70.4313, 23.0088], [70.4296, 23.006], [70.4274, 23.0038], [70.4257, 23.0012], [70.4238, 22.9988], [70.4218, 22.9965], [70.4196, 22.9943], [70.4171, 22.9926], [70.4149, 22.9901], [70.4126, 22.9929], [70.4115, 22.9962], [70.4104, 22.999], [70.411, 23.0029], [70.4115, 23.0063], [70.4121, 23.011], [70.4126, 23.0143], [70.4137, 23.0171], [70.4151, 23.0202], [70.4171, 23.0226], [70.419, 23.0251], [70.4215, 23.0274], [70.424, 23.0293], [70.4265, 23.031], [70.4293, 23.0329], [70.4315, 23.0351], [70.4335, 23.0374], [70.4354, 23.0399], [70.4374, 23.0424], [70.4396, 23.0446], [70.4415, 23.0471], [70.444, 23.049], [70.4465, 23.051], [70.448471, 23.052084]], [[70.452362, 23.052361], [70.4501, 23.0501], [70.4521, 23.0524], [70.452362, 23.052361]], [[70.45903, 23.05764], [70.4599, 23.0546], [70.4576, 23.0524], [70.4565, 23.0496], [70.454, 23.0476], [70.4518, 23.0454], [70.4496, 23.0432], [70.4507, 23.0465], [70.4524, 23.049], [70.4535, 23.0518], [70.4558, 23.054], [70.4524, 23.0535], [70.4496, 23.0524], [70.4518, 23.0546], [70.4546, 23.056], [70.4579, 23.0571], [70.45903, 23.05764]], [[70.45208, 23.060696], [70.4496, 23.0585], [70.4463, 23.0579], [70.449, 23.0596], [70.45208, 23.060696]], [[70.469582, 23.061251], [70.4668, 23.0587], [70.4639, 23.0571], [70.461, 23.0557], [70.4626, 23.0585], [70.4654, 23.0596], [70.4682, 23.061], [70.469582, 23.061251]], [[70.482361, 23.065418], [70.4821, 23.0621], [70.4804, 23.0596], [70.4782, 23.0574], [70.4757, 23.0557], [70.4732, 23.0537], [70.4707, 23.0518], [70.4685, 23.0496], [70.4657, 23.0479], [70.4635, 23.0457], [70.4613, 23.0435], [70.4593, 23.0412], [70.4576, 23.0382], [70.456, 23.0351], [70.4543, 23.0324], [70.4529, 23.0293], [70.4515, 23.0265], [70.4488, 23.0251], [70.4468, 23.0279], [70.4479, 23.0307], [70.4493, 23.0335], [70.4507, 23.0365], [70.4518, 23.0393], [70.4529, 23.0424], [70.4549, 23.0449], [70.4565, 23.0479], [70.4596, 23.0476], [70.4599, 23.051], [70.4618, 23.0537], [70.4643, 23.0557], [70.4668, 23.0574], [70.4699, 23.0585], [70.4724, 23.0607], [70.4751, 23.0621], [70.4779, 23.0638], [70.4807, 23.0651], [70.482361, 23.065418]], [[68.609016, 23.231253], [68.611, 23.2287], [68.6121, 23.2257], [68.6132, 23.2226], [68.6101, 23.2218], [68.6064, 23.2224], [68.6043, 23.2246], [68.6032, 23.2285], [68.6057, 23.2307], [68.609016, 23.231253]], [[68.594307, 23.262083], [68.5976, 23.2607], [68.5946, 23.2596], [68.594307, 23.262083]], [[68.65847, 23.27125], [68.6601, 23.2687], [68.6571, 23.2687], [68.65847, 23.27125]], [[68.628746, 23.29014], [68.6293, 23.2871], [68.6282, 23.2901], [68.628746, 23.29014]], [[68.705139, 23.31181], [68.7079, 23.3104], [68.7087, 23.3068], [68.7054, 23.3076], [68.7026, 23.309], [68.705139, 23.31181]], [[68.558197, 23.313751], [68.5599, 23.311], [68.5612, 23.3076], [68.5624, 23.3046], [68.5638, 23.3018], [68.5668, 23.3021], [68.5699, 23.3007], [68.5707, 23.2976], [68.5726, 23.2951], [68.5729, 23.2982], [68.5715, 23.301], [68.5751, 23.3038], [68.5782, 23.3024], [68.5818, 23.3012], [68.5849, 23.2999], [68.586, 23.2968], [68.5876, 23.2996], [68.5854, 23.3018], [68.5843, 23.3049], [68.5821, 23.3076], [68.5851, 23.3079], [68.5882, 23.3062], [68.5907, 23.3043], [68.5932, 23.3024], [68.5954, 23.2998], [68.5987, 23.3001], [68.6024, 23.2999], [68.6057, 23.2987], [68.6087, 23.2974], [68.6121, 23.2965], [68.6082, 23.2957], [68.6101, 23.2929], [68.611, 23.2899], [68.6101, 23.2854], [68.611, 23.2821], [68.6124, 23.279], [68.6137, 23.2763], [68.6149, 23.2715], [68.6113, 23.2715], [68.6074, 23.2732], [68.6074, 23.2696], [68.6024, 23.2682], [68.6012, 23.2724], [68.5996, 23.2696], [68.5957, 23.2682], [68.5921, 23.2671], [68.5896, 23.2654], [68.5865, 23.264], [68.5835, 23.2632], [68.5801, 23.2626], [68.576, 23.2621], [68.5729, 23.2613], [68.571, 23.2576], [68.574, 23.2571], [68.5776, 23.2576], [68.579, 23.2549], [68.5826, 23.2554], [68.5843, 23.2529], [68.5813, 23.2518], [68.576, 23.2518], [68.5729, 23.2513], [68.5751, 23.2493], [68.5751, 23.2462], [68.5718, 23.246], [68.5696, 23.2482], [68.5682, 23.251], [68.5651, 23.2518], [68.5618, 23.2526], [68.5587, 23.2535], [68.5574, 23.2563], [68.5546, 23.2576], [68.5521, 23.2593], [68.5496, 23.261], [68.5471, 23.2626], [68.5457, 23.2654], [68.5421, 23.2651], [68.5404, 23.2693], [68.5382, 23.2729], [68.5387, 23.2796], [68.5399, 23.2826], [68.5421, 23.2851], [68.5451, 23.2843], [68.5479, 23.2826], [68.5454, 23.279], [68.5482, 23.2776], [68.5515, 23.2779], [68.5537, 23.2757], [68.5563, 23.274], [68.5576, 23.2768], [68.5607, 23.2768], [68.5635, 23.2782], [68.5638, 23.2812], [68.5662, 23.2838], [68.5665, 23.2806], [68.5682, 23.2849], [68.5651, 23.2868], [68.5607, 23.2868], [68.5582, 23.2885], [68.5563, 23.291], [68.5549, 23.2938], [68.5535, 23.2968], [68.5537, 23.3015], [68.5543, 23.3062], [68.5549, 23.3099], [68.5563, 23.3126], [68.558197, 23.313751]], [[68.642639, 23.31403], [68.6443, 23.3115], [68.6457, 23.3085], [68.6419, 23.309], [68.6387, 23.3104], [68.6371, 23.3074], [68.6335, 23.3076], [68.6324, 23.3104], [68.6338, 23.3132], [68.6368, 23.3121], [68.6399, 23.3118], [68.6421, 23.314], [68.642639, 23.31403]], [[68.632637, 23.31764], [68.634, 23.314], [68.6312, 23.3121], [68.6312, 23.3157], [68.632637, 23.31764]], [[68.639862, 23.318472], [68.6426, 23.3168], [68.6396, 23.3163], [68.639862, 23.318472]], [[68.58847, 23.319031], [68.5912, 23.3176], [68.5929, 23.3151], [68.5965, 23.3149], [68.5999, 23.3157], [68.6026, 23.3143], [68.6051, 23.3124], [68.6074, 23.3104], [68.6054, 23.3138], [68.6085, 23.3165], [68.6087, 23.3135], [68.6101, 23.3107], [68.6124, 23.3085], [68.6143, 23.306], [68.6154, 23.3032], [68.6179, 23.3012], [68.6171, 23.2982], [68.614, 23.2982], [68.6101, 23.2996], [68.6068, 23.2998], [68.6035, 23.301], [68.6004, 23.3012], [68.5979, 23.3029], [68.5954, 23.3049], [68.5943, 23.3079], [68.5918, 23.3096], [68.589, 23.311], [68.5865, 23.3129], [68.5835, 23.3146], [68.5837, 23.3176], [68.5865, 23.3188], [68.58847, 23.319031]], [[68.627083, 23.321812], [68.6293, 23.3185], [68.6299, 23.3137], [68.6275, 23.3115], [68.6271, 23.3149], [68.6271, 23.3182], [68.6263, 23.3213], [68.627083, 23.321812]], [[68.626808, 23.325972], [68.629, 23.3238], [68.626, 23.3238], [68.626808, 23.325972]], [[68.542076, 23.34153], [68.5443, 23.3393], [68.5418, 23.3374], [68.5413, 23.3404], [68.542076, 23.34153]], [[68.55014, 23.34153], [68.5479, 23.339], [68.5499, 23.3415], [68.55014, 23.34153]], [[68.556808, 23.34181], [68.5554, 23.339], [68.5529, 23.3407], [68.5565, 23.3418], [68.556808, 23.34181]], [[68.505974, 23.342361], [68.5088, 23.341], [68.5124, 23.3399], [68.5154, 23.3401], [68.5193, 23.3415], [68.5215, 23.3388], [68.5257, 23.3379], [68.5279, 23.3354], [68.5285, 23.3315], [68.5257, 23.3304], [68.5274, 23.3276], [68.5299, 23.3257], [68.5338, 23.3249], [68.536, 23.3226], [68.5343, 23.3199], [68.5374, 23.319], [68.5357, 23.3165], [68.5304, 23.3165], [68.5193, 23.3171], [68.5163, 23.3176], [68.5132, 23.3182], [68.5104, 23.3193], [68.5076, 23.3207], [68.5051, 23.3226], [68.5024, 23.324], [68.5043, 23.3279], [68.5054, 23.3307], [68.506, 23.3337], [68.5032, 23.3321], [68.5035, 23.3357], [68.5029, 23.339], [68.5037, 23.3421], [68.505974, 23.342361]], [[68.525139, 23.34403], [68.529, 23.3438], [68.5318, 23.3424], [68.5321, 23.3393], [68.5293, 23.341], [68.526, 23.3415], [68.5232, 23.3426], [68.525139, 23.34403]], [[68.563751, 23.344862], [68.5626, 23.3418], [68.5632, 23.3449], [68.563751, 23.344862]], [[68.631531, 23.351805], [68.6324, 23.3485], [68.6343, 23.3457], [68.6349, 23.3426], [68.6324, 23.3443], [68.6315, 23.3476], [68.6285, 23.3487], [68.6304, 23.3513], [68.631531, 23.351805]], [[68.473198, 23.35681], [68.4757, 23.3551], [68.4721, 23.3551], [68.473198, 23.35681]], [[68.573471, 23.360418], [68.5738, 23.3574], [68.5751, 23.3543], [68.571, 23.3554], [68.5699, 23.3582], [68.5726, 23.3596], [68.573471, 23.360418]], [[68.589027, 23.374311], [68.5912, 23.3721], [68.5935, 23.3701], [68.5954, 23.3676], [68.5971, 23.3649], [68.5974, 23.3618], [68.5943, 23.3615], [68.5957, 23.3587], [68.5987, 23.3571], [68.6021, 23.3582], [68.6043, 23.356], [68.6065, 23.3538], [68.6096, 23.3524], [68.6099, 23.3557], [68.6093, 23.3593], [68.6076, 23.3629], [68.6101, 23.361], [68.6107, 23.3576], [68.6135, 23.3557], [68.6168, 23.3546], [68.6185, 23.3513], [68.6174, 23.3485], [68.6149, 23.3504], [68.616, 23.3474], [68.6171, 23.3446], [68.6179, 23.3404], [68.6199, 23.3379], [68.6204, 23.3329], [68.6193, 23.3296], [68.6168, 23.3279], [68.6162, 23.3329], [68.6115, 23.3324], [68.6104, 23.3354], [68.6093, 23.3382], [68.6065, 23.3396], [68.604, 23.3415], [68.6018, 23.3438], [68.5993, 23.3457], [68.6004, 23.3426], [68.6018, 23.3399], [68.604, 23.3376], [68.6057, 23.3349], [68.6074, 23.3324], [68.6043, 23.3332], [68.6015, 23.3346], [68.5996, 23.3371], [68.596, 23.3385], [68.5929, 23.3404], [68.5907, 23.3426], [68.589, 23.3451], [68.5874, 23.3476], [68.5857, 23.3501], [68.5843, 23.3532], [68.5807, 23.3532], [68.5776, 23.3524], [68.5774, 23.356], [68.5793, 23.3535], [68.579, 23.3565], [68.579, 23.3596], [68.5774, 23.3626], [68.5751, 23.3604], [68.5729, 23.3626], [68.5713, 23.3651], [68.5701, 23.3687], [68.5687, 23.3715], [68.5707, 23.3738], [68.5746, 23.3729], [68.5782, 23.3729], [68.581, 23.3715], [68.5863, 23.3735], [68.5865, 23.3701], [68.589, 23.3718], [68.589027, 23.374311]], [[68.502914, 23.383472], [68.5035, 23.3804], [68.5051, 23.3774], [68.5026, 23.3793], [68.5024, 23.3824], [68.502914, 23.383472]], [[68.504585, 23.384583], [68.5051, 23.3813], [68.5038, 23.3843], [68.504585, 23.384583]], [[68.536247, 23.38542], [68.5365, 23.3824], [68.5399, 23.3824], [68.5429, 23.381], [68.5396, 23.3801], [68.5365, 23.3804], [68.5349, 23.3832], [68.536247, 23.38542]], [[68.579308, 23.38542], [68.5818, 23.3838], [68.584, 23.3815], [68.5863, 23.379], [68.5871, 23.376], [68.5846, 23.3779], [68.5835, 23.3807], [68.5807, 23.3821], [68.5782, 23.3838], [68.579308, 23.38542]], [[68.535141, 23.387638], [68.5338, 23.3849], [68.5324, 23.3821], [68.5338, 23.3788], [68.5365, 23.3774], [68.534, 23.3756], [68.5368, 23.3743], [68.5354, 23.3715], [68.5329, 23.3732], [68.5321, 23.3762], [68.5315, 23.3804], [68.5307, 23.3849], [68.5335, 23.3863], [68.535141, 23.387638]], [[68.554016, 23.404032], [68.5568, 23.4026], [68.5529, 23.4021], [68.554016, 23.404032]], [[68.537361, 23.404861], [68.5417, 23.4046], [68.5443, 23.4029], [68.5474, 23.4015], [68.5504, 23.4021], [68.5507, 23.399], [68.5537, 23.3993], [68.5549, 23.396], [68.5535, 23.3932], [68.554, 23.3899], [68.5563, 23.3876], [68.5579, 23.3849], [68.5593, 23.3818], [68.5554, 23.3826], [68.556, 23.3796], [68.559, 23.3785], [68.5632, 23.3776], [68.5668, 23.3765], [68.5654, 23.3738], [68.5632, 23.3715], [68.5612, 23.369], [68.5599, 23.3663], [68.5587, 23.3635], [68.5565, 23.3612], [68.5532, 23.3601], [68.5532, 23.3632], [68.5529, 23.3665], [68.5496, 23.366], [68.5507, 23.3701], [68.554, 23.3696], [68.5568, 23.3707], [68.5582, 23.3735], [68.5607, 23.3754], [68.5565, 23.3762], [68.554, 23.3785], [68.5535, 23.3815], [68.5524, 23.3843], [68.5504, 23.3868], [68.549, 23.3903], [68.5474, 23.3929], [68.5457, 23.3954], [68.5426, 23.3951], [68.5429, 23.3915], [68.5437, 23.3882], [68.5426, 23.3913], [68.5401, 23.3932], [68.5413, 23.3968], [68.5443, 23.3974], [68.5424, 23.3999], [68.5393, 23.4001], [68.5387, 23.3968], [68.5362, 23.3949], [68.5335, 23.3932], [68.534, 23.3901], [68.5293, 23.391], [68.529, 23.394], [68.5321, 23.3949], [68.5351, 23.396], [68.5354, 23.3999], [68.5385, 23.4001], [68.5396, 23.4029], [68.5371, 23.4049], [68.537361, 23.404861]], [[68.460983, 23.405142], [68.4638, 23.4037], [68.4668, 23.404], [68.4625, 23.4024], [68.4604, 23.4051], [68.460983, 23.405142]], [[68.523476, 23.404581], [68.5238, 23.401], [68.526, 23.3987], [68.5251, 23.3954], [68.5263, 23.3924], [68.5271, 23.3882], [68.524, 23.3885], [68.5224, 23.3913], [68.5207, 23.394], [68.5201, 23.3988], [68.5215, 23.4015], [68.5229, 23.4046], [68.523476, 23.404581]], [[68.47097, 23.405701], [68.474, 23.404], [68.471, 23.404], [68.47097, 23.405701]], [[68.429863, 23.407085], [68.4324, 23.4049], [68.4296, 23.406], [68.429863, 23.407085]], [[68.463196, 23.409031], [68.4638, 23.406], [68.4624, 23.4088], [68.463196, 23.409031]], [[68.409027, 23.409309], [68.4099, 23.4057], [68.4088, 23.4093], [68.409027, 23.409309]], [[68.55764, 23.408751], [68.556, 23.4062], [68.5532, 23.4046], [68.5554, 23.4068], [68.5574, 23.4093], [68.55764, 23.408751]], [[68.414581, 23.409861], [68.4168, 23.4076], [68.4201, 23.4068], [68.4196, 23.4037], [68.4215, 23.4013], [68.421, 23.4049], [68.4235, 23.4032], [68.4224, 23.4001], [68.4187, 23.4004], [68.416, 23.4021], [68.4135, 23.4037], [68.4146, 23.4065], [68.4132, 23.4096], [68.414581, 23.409861]], [[68.549576, 23.41375], [68.5482, 23.411], [68.546, 23.4088], [68.5437, 23.4068], [68.5449, 23.4096], [68.5474, 23.4115], [68.5493, 23.4143], [68.549576, 23.41375]], [[68.400421, 23.421249], [68.4024, 23.4185], [68.4004, 23.416], [68.3988, 23.419], [68.400421, 23.421249]], [[68.399864, 23.428473], [68.401, 23.4254], [68.4007, 23.4221], [68.3982, 23.424], [68.3985, 23.4271], [68.399864, 23.428473]], [[68.516808, 23.43292], [68.5163, 23.4299], [68.5137, 23.4315], [68.516808, 23.43292]], [[68.501251, 23.44375], [68.5013, 23.4393], [68.4996, 23.4418], [68.501251, 23.44375]], [[68.501251, 23.45348], [68.5021, 23.4501], [68.5007, 23.4465], [68.4982, 23.444], [68.4957, 23.4465], [68.4968, 23.4496], [68.4993, 23.4513], [68.501251, 23.45348]], [[68.506813, 23.456541], [68.509, 23.4543], [68.5113, 23.4521], [68.514, 23.4507], [68.5168, 23.4496], [68.5193, 23.4479], [68.521, 23.4451], [68.5238, 23.4438], [68.526, 23.4413], [68.5265, 23.4382], [68.5243, 23.4404], [68.5229, 23.4432], [68.5199, 23.4443], [68.5176, 23.4468], [68.5135, 23.4479], [68.5151, 23.4449], [68.5182, 23.4438], [68.5207, 23.4421], [68.5215, 23.4388], [68.5188, 23.4404], [68.5179, 23.4371], [68.5157, 23.4335], [68.5151, 23.4368], [68.5121, 23.4368], [68.5124, 23.4335], [68.5115, 23.4304], [68.5082, 23.4318], [68.5051, 23.4307], [68.504, 23.4337], [68.5051, 23.4368], [68.5049, 23.4407], [68.504, 23.4438], [68.5032, 23.4471], [68.5054, 23.4493], [68.5049, 23.4524], [68.5035, 23.4554], [68.506813, 23.456541]], [[68.407913, 23.45792], [68.4068, 23.4546], [68.4046, 23.4524], [68.4015, 23.4535], [68.4049, 23.4554], [68.4071, 23.4576], [68.407913, 23.45792]], [[68.499031, 23.475973], [68.499, 23.4729], [68.4985, 23.4693], [68.4999, 23.4665], [68.5001, 23.4635], [68.5018, 23.4604], [68.5021, 23.4571], [68.499, 23.4579], [68.499, 23.4618], [68.4982, 23.4649], [68.4979, 23.4687], [68.4965, 23.4715], [68.4951, 23.4754], [68.499031, 23.475973]], [[68.472862, 23.480419], [68.4757, 23.479], [68.4785, 23.4777], [68.4826, 23.4771], [68.4851, 23.4754], [68.4868, 23.4726], [68.4865, 23.4687], [68.4879, 23.466], [68.4899, 23.4632], [68.4918, 23.4604], [68.4937, 23.4579], [68.4946, 23.4549], [68.4937, 23.4513], [68.4921, 23.4488], [68.4912, 23.4451], [68.4904, 23.4387], [68.4899, 23.4354], [68.4899, 23.4274], [68.489, 23.4235], [68.4882, 23.4199], [68.4874, 23.4163], [68.4865, 23.4118], [68.4857, 23.4079], [68.4854, 23.4046], [68.4821, 23.4029], [68.4793, 23.404], [68.4763, 23.404], [68.4735, 23.4054], [68.4707, 23.4065], [68.4668, 23.406], [68.4635, 23.4071], [68.4651, 23.4099], [68.4643, 23.4129], [68.4615, 23.4143], [68.4593, 23.4165], [68.459, 23.4196], [68.4624, 23.4196], [68.4632, 23.4229], [68.4618, 23.4265], [68.4613, 23.4296], [68.4621, 23.4329], [68.459, 23.4332], [68.4599, 23.4368], [68.4626, 23.4382], [68.4654, 23.4396], [68.4674, 23.4421], [68.464, 23.4429], [68.4607, 23.4438], [68.4615, 23.4468], [68.4618, 23.4499], [68.4618, 23.4535], [68.4649, 23.4546], [68.4682, 23.454], [68.4713, 23.4535], [68.4729, 23.4576], [68.4715, 23.4549], [68.4685, 23.4546], [68.4679, 23.4579], [68.4649, 23.4557], [68.4621, 23.4546], [68.4593, 23.4535], [68.4565, 23.4518], [68.4535, 23.451], [68.4504, 23.4501], [68.4482, 23.4476], [68.4451, 23.446], [68.4424, 23.444], [68.441, 23.441], [68.4399, 23.4382], [68.4382, 23.4354], [68.4357, 23.4337], [68.4315, 23.4332], [68.4285, 23.4337], [68.4285, 23.4372], [68.4254, 23.4388], [68.4201, 23.4399], [68.4193, 23.4365], [68.4201, 23.4335], [68.4243, 23.4332], [68.4276, 23.4337], [68.429, 23.431], [68.4265, 23.429], [68.4246, 23.4265], [68.4215, 23.4257], [68.4221, 23.4224], [68.419, 23.4229], [68.4199, 23.426], [68.4199, 23.4293], [68.4168, 23.4293], [68.4139, 23.4301], [68.4132, 23.4332], [68.4135, 23.4363], [68.4129, 23.4401], [68.4121, 23.4435], [68.4153, 23.4443], [68.4179, 23.446], [68.4207, 23.4446], [68.4232, 23.4467], [68.4262, 23.4457], [68.4274, 23.4429], [68.4293, 23.4404], [68.4335, 23.4396], [68.4351, 23.4424], [68.4346, 23.446], [68.4332, 23.4488], [68.4362, 23.4499], [68.436, 23.4529], [68.4399, 23.454], [68.4432, 23.4543], [68.4454, 23.4568], [68.4493, 23.4576], [68.4512, 23.4601], [68.4529, 23.4626], [68.4499, 23.4615], [68.446, 23.4615], [68.4446, 23.4643], [68.4451, 23.4679], [68.4482, 23.4676], [68.4512, 23.4696], [68.4546, 23.4696], [68.4574, 23.4676], [68.456, 23.4707], [68.4587, 23.4693], [68.4604, 23.4746], [68.4587, 23.4774], [68.464, 23.4788], [68.4679, 23.4782], [68.4707, 23.4793], [68.472862, 23.480419]], [[68.498466, 23.489031], [68.4974, 23.4857], [68.4974, 23.4815], [68.4968, 23.4785], [68.494, 23.4765], [68.4907, 23.4757], [68.4882, 23.4738], [68.4857, 23.4757], [68.4832, 23.4774], [68.4835, 23.4804], [68.4854, 23.4832], [68.4871, 23.4857], [68.4912, 23.4865], [68.4951, 23.4868], [68.4976, 23.4885], [68.498466, 23.489031]], [[68.506531, 23.492649], [68.509, 23.4907], [68.5062, 23.4921], [68.506531, 23.492649]], [[68.486809, 23.495419], [68.4876, 23.4924], [68.4887, 23.4893], [68.4871, 23.4865], [68.486, 23.4904], [68.486, 23.494], [68.486809, 23.495419]], [[68.46653, 23.497923], [68.4693, 23.4965], [68.4701, 23.4932], [68.4726, 23.491], [68.4729, 23.4871], [68.4704, 23.4854], [68.4704, 23.4824], [68.4701, 23.4793], [68.4668, 23.4801], [68.4638, 23.4804], [68.4596, 23.4796], [68.459, 23.4832], [68.4587, 23.4874], [68.461, 23.4899], [68.464, 23.489], [68.4651, 23.4918], [68.4638, 23.4965], [68.46653, 23.497923]], [[68.480698, 23.501251], [68.4832, 23.4993], [68.4846, 23.4965], [68.4851, 23.4929], [68.4851, 23.4887], [68.4868, 23.486], [68.4851, 23.4835], [68.4832, 23.481], [68.4815, 23.4785], [68.4779, 23.4785], [68.4751, 23.4801], [68.4754, 23.484], [68.4799, 23.4857], [68.4837, 23.4854], [68.4849, 23.4882], [68.484, 23.4913], [68.4818, 23.489], [68.4776, 23.4887], [68.4751, 23.4868], [68.4749, 23.4899], [68.4735, 23.4926], [68.4735, 23.4962], [68.4768, 23.4949], [68.4785, 23.4924], [68.4815, 23.4915], [68.4824, 23.4954], [68.4793, 23.4962], [68.4788, 23.4993], [68.480698, 23.501251]], [[68.467918, 23.524033], [68.4704, 23.5215], [68.4701, 23.5182], [68.4668, 23.5196], [68.466, 23.5163], [68.4632, 23.5176], [68.4654, 23.5201], [68.4665, 23.5229], [68.467918, 23.524033]], [[68.475136, 23.528761], [68.474, 23.526], [68.4746, 23.5221], [68.4718, 23.521], [68.4693, 23.5229], [68.4701, 23.5263], [68.4724, 23.5285], [68.475136, 23.528761]], [[68.473473, 23.537083], [68.4749, 23.5343], [68.4757, 23.531], [68.4721, 23.531], [68.4718, 23.5346], [68.473473, 23.537083]], [[68.482361, 23.550423], [68.4829, 23.5474], [68.4821, 23.5504], [68.482361, 23.550423]], [[68.479309, 23.55542], [68.4815, 23.5512], [68.4793, 23.5479], [68.479, 23.5446], [68.4762, 23.5429], [68.4765, 23.5399], [68.474, 23.5379], [68.4707, 23.5388], [68.4676, 23.5374], [68.4651, 23.5351], [68.4624, 23.5335], [68.4599, 23.5315], [68.4568, 23.5307], [68.4538, 23.5293], [68.4563, 23.5315], [68.4582, 23.534], [68.4618, 23.5338], [68.4596, 23.536], [68.456, 23.536], [68.4535, 23.5379], [68.4565, 23.5371], [68.4585, 23.5396], [68.4574, 23.5426], [68.4604, 23.5438], [68.4635, 23.5454], [68.466, 23.5474], [68.4688, 23.5487], [68.4701, 23.5524], [68.4732, 23.5538], [68.4771, 23.5546], [68.479309, 23.55542]], [[68.223473, 23.58625], [68.2265, 23.5857], [68.2237, 23.5843], [68.223473, 23.58625]], [[68.255142, 23.590139], [68.2562, 23.5862], [68.2551, 23.5829], [68.2518, 23.5824], [68.2507, 23.5854], [68.2449, 23.5871], [68.2474, 23.589], [68.254, 23.5899], [68.255142, 23.590139]], [[68.216248, 23.591249], [68.2168, 23.5882], [68.2149, 23.5907], [68.216248, 23.591249]], [[68.482086, 23.596809], [68.4843, 23.5946], [68.4854, 23.5918], [68.4854, 23.5888], [68.4846, 23.5849], [68.4837, 23.5804], [68.4851, 23.5776], [68.4849, 23.5746], [68.4824, 23.5724], [68.481, 23.5696], [68.4799, 23.5663], [68.4815, 23.5637], [68.4793, 23.561], [68.4771, 23.5632], [68.474, 23.5632], [68.4746, 23.5593], [68.4713, 23.5576], [68.4696, 23.5549], [68.4674, 23.5526], [68.4649, 23.551], [68.4632, 23.5538], [68.461, 23.5512], [68.4599, 23.5482], [68.4571, 23.5471], [68.4543, 23.5457], [68.4524, 23.5432], [68.4496, 23.5421], [68.4463, 23.5404], [68.4446, 23.5379], [68.4426, 23.5351], [68.4413, 23.5324], [68.4404, 23.5293], [68.4396, 23.526], [68.4379, 23.5235], [68.4349, 23.5224], [68.4337, 23.519], [68.4332, 23.5154], [68.4326, 23.5077], [68.4296, 23.5085], [68.4287, 23.5135], [68.4293, 23.5165], [68.4304, 23.5193], [68.4301, 23.5224], [68.4304, 23.5257], [68.431, 23.5293], [68.4301, 23.5326], [68.4301, 23.5429], [68.4326, 23.5449], [68.4351, 23.5465], [68.4357, 23.5496], [68.4346, 23.5532], [68.4351, 23.5565], [68.4374, 23.5585], [68.4413, 23.5585], [68.4421, 23.5621], [68.4449, 23.5635], [68.4482, 23.5654], [68.451, 23.564], [68.4526, 23.5613], [68.454, 23.5646], [68.4546, 23.5682], [68.4551, 23.5715], [68.4576, 23.5732], [68.4601, 23.5751], [68.464, 23.5757], [68.4679, 23.5765], [68.4704, 23.5785], [68.4699, 23.5815], [68.4671, 23.5829], [68.4676, 23.5799], [68.464, 23.579], [68.4624, 23.5815], [68.4635, 23.5843], [68.4654, 23.5871], [68.4671, 23.5896], [68.469, 23.5921], [68.4721, 23.5929], [68.4751, 23.5924], [68.4779, 23.5904], [68.4807, 23.5915], [68.4804, 23.5968], [68.482086, 23.596809]], [[68.458473, 23.600418], [68.4615, 23.6001], [68.4649, 23.599], [68.4662, 23.5954], [68.4674, 23.5921], [68.466, 23.589], [68.4643, 23.586], [68.4621, 23.5837], [68.4615, 23.5796], [68.4618, 23.5765], [68.4585, 23.5757], [68.4554, 23.5749], [68.4524, 23.5751], [68.449, 23.574], [68.4463, 23.5757], [68.4443, 23.5782], [68.4463, 23.5807], [68.4496, 23.5801], [68.4504, 23.5771], [68.4532, 23.5785], [68.4546, 23.5813], [68.4563, 23.5849], [68.4568, 23.5879], [68.4538, 23.5885], [68.4529, 23.5915], [68.4524, 23.5954], [68.4538, 23.5988], [68.458473, 23.600418]], [[68.482086, 23.606531], [68.4846, 23.6049], [68.4849, 23.6018], [68.4829, 23.5993], [68.4799, 23.5988], [68.4788, 23.6026], [68.4796, 23.6057], [68.482086, 23.606531]], [[68.456253, 23.624861], [68.4618, 23.6238], [68.4649, 23.6229], [68.4662, 23.6196], [68.4665, 23.616], [68.466, 23.6126], [68.4657, 23.6074], [68.4662, 23.6038], [68.4638, 23.6015], [68.461, 23.6029], [68.4576, 23.6043], [68.4543, 23.604], [68.4515, 23.6026], [68.4488, 23.6007], [68.4476, 23.5974], [68.4468, 23.5943], [68.446, 23.5907], [68.4424, 23.5885], [68.4385, 23.589], [68.439, 23.5924], [68.441, 23.5949], [68.4413, 23.5985], [68.4407, 23.6021], [68.4399, 23.6054], [68.4371, 23.6068], [68.4371, 23.6104], [68.436, 23.6135], [68.4346, 23.6162], [68.4362, 23.619], [68.4396, 23.6196], [68.4437, 23.6196], [68.4482, 23.6218], [68.451, 23.6232], [68.4554, 23.6238], [68.456253, 23.624861]], [[68.484581, 23.627918], [68.486, 23.6251], [68.484, 23.6226], [68.4865, 23.6243], [68.4893, 23.6257], [68.4904, 23.6226], [68.4901, 23.6193], [68.4893, 23.6143], [68.4901, 23.611], [68.491, 23.6079], [68.491, 23.6043], [68.4876, 23.6043], [68.4849, 23.6057], [68.481, 23.6074], [68.4785, 23.6049], [68.4779, 23.6001], [68.4796, 23.5968], [68.4796, 23.5938], [68.4796, 23.5907], [68.4765, 23.5915], [68.4743, 23.5938], [68.4704, 23.5938], [68.4674, 23.5935], [68.4671, 23.5968], [68.4685, 23.6001], [68.4696, 23.6049], [68.4685, 23.6079], [68.4682, 23.611], [68.469, 23.614], [68.4704, 23.6168], [68.4729, 23.6185], [68.4757, 23.6201], [68.4796, 23.6201], [68.4812, 23.6232], [68.481, 23.6265], [68.484581, 23.627918]], [[68.477913, 23.722361], [68.4807, 23.7212], [68.4799, 23.7179], [68.4771, 23.7168], [68.4746, 23.7151], [68.4715, 23.716], [68.4726, 23.719], [68.4749, 23.7215], [68.477913, 23.722361]], [[68.467361, 23.739861], [68.4704, 23.7385], [68.4729, 23.7368], [68.4757, 23.7351], [68.479, 23.7337], [68.484, 23.7329], [68.4868, 23.7313], [68.4868, 23.7282], [68.4782, 23.7279], [68.4735, 23.7288], [68.4704, 23.7282], [68.4671, 23.7285], [68.4632, 23.7276], [68.4607, 23.7257], [68.459, 23.7285], [68.4593, 23.7315], [68.4571, 23.7337], [68.4587, 23.7362], [68.4607, 23.7385], [68.464, 23.7396], [68.467361, 23.739861]], [[68.486809, 23.745972], [68.4863, 23.7412], [68.4851, 23.7382], [68.4824, 23.736], [68.4818, 23.739], [68.4832, 23.7418], [68.4849, 23.7446], [68.486809, 23.745972]], [[68.21653, 23.77931], [68.2196, 23.7776], [68.2213, 23.7737], [68.2226, 23.7701], [68.2232, 23.7665], [68.224, 23.7632], [68.2224, 23.7604], [68.2199, 23.7585], [68.2179, 23.756], [68.2151, 23.7576], [68.2151, 23.7607], [68.2162, 23.7649], [68.2151, 23.7679], [68.2149, 23.7735], [68.2154, 23.7774], [68.21653, 23.77931]], [[68.349312, 23.80014], [68.349, 23.7932], [68.3485, 23.7879], [68.3479, 23.784], [68.3471, 23.781], [68.3454, 23.7785], [68.3424, 23.7774], [68.3396, 23.7785], [68.3399, 23.7826], [68.341, 23.7863], [68.3418, 23.7893], [68.3432, 23.7924], [68.3446, 23.7951], [68.346, 23.7979], [68.349, 23.8001], [68.349312, 23.80014]], [[68.358467, 23.80514], [68.3618, 23.804], [68.3646, 23.8024], [68.3668, 23.8001], [68.369, 23.7979], [68.3712, 23.7957], [68.3737, 23.794], [68.3765, 23.7926], [68.3793, 23.791], [68.3824, 23.7899], [68.3876, 23.7888], [68.3907, 23.7876], [68.394, 23.7865], [68.3971, 23.7854], [68.4013, 23.7849], [68.4046, 23.7863], [68.4074, 23.7876], [68.4096, 23.7901], [68.4112, 23.7926], [68.4137, 23.7943], [68.4185, 23.7951], [68.4215, 23.7946], [68.424, 23.7965], [68.4262, 23.7929], [68.4251, 23.7896], [68.4257, 23.7854], [68.4257, 23.7818], [68.4249, 23.7785], [68.4229, 23.776], [68.4212, 23.7735], [68.4201, 23.7707], [68.419, 23.7671], [68.4185, 23.7635], [68.4143, 23.7618], [68.4112, 23.7613], [68.4085, 23.759], [68.406, 23.7571], [68.4035, 23.7551], [68.4021, 23.7524], [68.3993, 23.751], [68.4035, 23.7518], [68.4051, 23.7554], [68.4076, 23.7574], [68.4104, 23.7588], [68.4132, 23.7604], [68.4168, 23.761], [68.4171, 23.7571], [68.416, 23.7535], [68.4157, 23.7504], [68.4157, 23.746], [68.4163, 23.7401], [68.4168, 23.736], [68.4176, 23.7326], [68.4182, 23.7288], [68.4185, 23.7243], [68.4171, 23.7196], [68.4154, 23.7171], [68.4146, 23.7135], [68.4132, 23.7104], [68.4112, 23.7079], [68.4096, 23.7049], [68.4082, 23.7021], [68.4079, 23.6988], [68.4071, 23.6954], [68.4062, 23.6921], [68.4049, 23.689], [68.4032, 23.6863], [68.4021, 23.6832], [68.4013, 23.6801], [68.3999, 23.6771], [68.3988, 23.674], [68.3976, 23.671], [68.396, 23.6679], [68.3957, 23.6643], [68.3943, 23.6615], [68.391, 23.6601], [68.3904, 23.6571], [68.3901, 23.654], [68.3879, 23.6518], [68.386, 23.6493], [68.3843, 23.6465], [68.3815, 23.6446], [68.3788, 23.6432], [68.3754, 23.6432], [68.3757, 23.6471], [68.3765, 23.6507], [68.3782, 23.6532], [68.3799, 23.656], [68.3815, 23.659], [68.3832, 23.6615], [68.3843, 23.6643], [68.3857, 23.6671], [68.3865, 23.6701], [68.3868, 23.6737], [68.3879, 23.6765], [68.3887, 23.6804], [68.3893, 23.6835], [68.3882, 23.6804], [68.3874, 23.6771], [68.3863, 23.6737], [68.3854, 23.6701], [68.384, 23.6674], [68.3832, 23.6643], [68.3821, 23.6613], [68.3807, 23.6585], [68.379, 23.656], [68.3774, 23.6535], [68.376, 23.6507], [68.3751, 23.6471], [68.3746, 23.6418], [68.3735, 23.6388], [68.3721, 23.6357], [68.3699, 23.6335], [68.3671, 23.6324], [68.3646, 23.6301], [68.3618, 23.6285], [68.3587, 23.6276], [68.3582, 23.6243], [68.3565, 23.6215], [68.3532, 23.6215], [68.3532, 23.6168], [68.3499, 23.6165], [68.349, 23.6129], [68.3504, 23.6101], [68.3512, 23.6049], [68.3496, 23.6024], [68.3476, 23.5996], [68.3454, 23.5974], [68.3429, 23.5957], [68.3396, 23.5951], [68.3371, 23.5932], [68.3343, 23.5918], [68.3318, 23.5899], [68.3274, 23.589], [68.324, 23.5882], [68.3182, 23.589], [68.3146, 23.5899], [68.3157, 23.5871], [68.3171, 23.584], [68.3135, 23.5832], [68.3099, 23.5835], [68.309, 23.5865], [68.3063, 23.5885], [68.3054, 23.5915], [68.3046, 23.5957], [68.3021, 23.5938], [68.2999, 23.5912], [68.2999, 23.5882], [68.3026, 23.5868], [68.3074, 23.5849], [68.3046, 23.5835], [68.3007, 23.5843], [68.2999, 23.5813], [68.2971, 23.5801], [68.291, 23.5788], [68.2876, 23.5796], [68.2849, 23.581], [68.2829, 23.5837], [68.2799, 23.5832], [68.2776, 23.5854], [68.276, 23.5885], [68.2746, 23.5918], [68.2749, 23.5954], [68.2782, 23.5974], [68.2796, 23.5946], [68.2785, 23.5918], [68.2796, 23.5888], [68.2802, 23.5926], [68.2812, 23.5954], [68.2818, 23.5985], [68.2838, 23.601], [68.2871, 23.6013], [68.2904, 23.6001], [68.2893, 23.6029], [68.2868, 23.6046], [68.2835, 23.6057], [68.2862, 23.6071], [68.2857, 23.611], [68.2826, 23.6115], [68.2796, 23.6118], [68.2765, 23.6121], [68.2749, 23.6149], [68.2732, 23.6179], [68.2729, 23.6218], [68.2746, 23.6243], [68.2763, 23.6268], [68.2774, 23.6299], [68.2807, 23.6301], [68.2835, 23.6285], [68.2865, 23.6276], [68.2896, 23.6274], [68.2935, 23.6282], [68.2971, 23.629], [68.3001, 23.6296], [68.3046, 23.6301], [68.3068, 23.6279], [68.3093, 23.626], [68.3118, 23.624], [68.3099, 23.6265], [68.3076, 23.6288], [68.304, 23.6307], [68.2982, 23.6307], [68.2943, 23.6296], [68.2882, 23.6288], [68.2851, 23.6299], [68.2821, 23.6315], [68.2771, 23.6326], [68.2757, 23.6293], [68.274, 23.6268], [68.2712, 23.6254], [68.269, 23.6229], [68.2674, 23.6201], [68.2685, 23.6168], [68.2693, 23.6129], [68.2696, 23.6099], [68.2685, 23.6071], [68.2663, 23.6049], [68.2643, 23.6026], [68.2599, 23.6024], [68.2565, 23.6013], [68.2535, 23.6013], [68.2507, 23.6026], [68.2474, 23.6035], [68.2449, 23.6051], [68.2421, 23.6063], [68.2418, 23.6032], [68.2396, 23.601], [68.2418, 23.5988], [68.2443, 23.5971], [68.2468, 23.5954], [68.251, 23.5938], [68.2532, 23.596], [68.2562, 23.5957], [68.2546, 23.5929], [68.2518, 23.5915], [68.2474, 23.5907], [68.2443, 23.591], [68.2424, 23.5938], [68.239, 23.5926], [68.2376, 23.5954], [68.2365, 23.5912], [68.2335, 23.5912], [68.2335, 23.5879], [68.2307, 23.589], [68.2274, 23.589], [68.2229, 23.589], [68.2204, 23.5907], [68.2213, 23.5938], [68.2235, 23.5963], [68.2257, 23.5985], [68.2243, 23.6015], [68.2249, 23.6046], [68.2279, 23.6043], [68.226, 23.6068], [68.2224, 23.6065], [68.221, 23.6038], [68.2182, 23.6054], [68.2162, 23.6024], [68.2124, 23.601], [68.2093, 23.6013], [68.2054, 23.6021], [68.2054, 23.599], [68.2049, 23.596], [68.2018, 23.5949], [68.199, 23.5965], [68.1974, 23.599], [68.196, 23.6018], [68.1943, 23.6043], [68.1935, 23.6074], [68.1904, 23.6079], [68.1888, 23.6104], [68.1871, 23.6149], [68.1865, 23.6187], [68.1865, 23.6229], [68.1874, 23.626], [68.1888, 23.6288], [68.1904, 23.6315], [68.1926, 23.6338], [68.1946, 23.6363], [68.1965, 23.6388], [68.199, 23.6407], [68.201, 23.6432], [68.2026, 23.646], [68.2063, 23.6476], [68.2057, 23.6446], [68.2074, 23.6421], [68.2115, 23.6435], [68.2104, 23.6407], [68.2132, 23.6418], [68.2162, 23.6429], [68.2193, 23.6435], [68.221, 23.6462], [68.224, 23.646], [68.226, 23.6435], [68.2288, 23.6421], [68.2337, 23.6415], [68.2382, 23.6415], [68.2415, 23.6424], [68.2451, 23.6418], [68.2476, 23.6437], [68.2507, 23.6443], [68.2551, 23.6449], [68.2571, 23.6426], [68.2588, 23.6399], [68.2582, 23.6449], [68.2615, 23.6451], [68.2649, 23.6454], [68.2707, 23.6462], [68.2738, 23.6471], [68.2776, 23.6482], [68.2843, 23.649], [68.2874, 23.6485], [68.2904, 23.6476], [68.2996, 23.6474], [68.3043, 23.6479], [68.3085, 23.6482], [68.311, 23.6501], [68.3074, 23.6496], [68.3029, 23.649], [68.2993, 23.6485], [68.2899, 23.6482], [68.2874, 23.6501], [68.2843, 23.6515], [68.2804, 23.6521], [68.2779, 23.6504], [68.2746, 23.6493], [68.2707, 23.6485], [68.2665, 23.6479], [68.2621, 23.6468], [68.2549, 23.646], [68.2518, 23.6457], [68.2476, 23.6454], [68.244, 23.6443], [68.2401, 23.6437], [68.2357, 23.6429], [68.2312, 23.6429], [68.2371, 23.6449], [68.2382, 23.6479], [68.2415, 23.6468], [68.2449, 23.6476], [68.2485, 23.6471], [68.2532, 23.6468], [68.2585, 23.6476], [68.2621, 23.6482], [68.266, 23.6501], [68.2696, 23.6496], [68.2699, 23.6526], [68.2718, 23.6557], [68.2732, 23.6585], [68.2751, 23.661], [68.2774, 23.6632], [68.2804, 23.664], [68.281, 23.6674], [68.2818, 23.6704], [68.2843, 23.6721], [68.2868, 23.674], [68.2893, 23.6757], [68.2918, 23.6776], [68.2949, 23.679], [68.2979, 23.6799], [68.3015, 23.679], [68.3046, 23.6793], [68.3015, 23.6796], [68.2988, 23.681], [68.2974, 23.684], [68.2996, 23.6863], [68.3015, 23.6888], [68.3037, 23.691], [68.306, 23.6932], [68.3079, 23.6957], [68.3099, 23.6985], [68.3115, 23.7013], [68.3126, 23.7043], [68.3138, 23.7071], [68.3132, 23.711], [68.3146, 23.7138], [68.3168, 23.716], [68.319, 23.7182], [68.3215, 23.7199], [68.324, 23.7215], [68.3268, 23.7226], [68.3296, 23.7237], [68.3296, 23.7207], [68.3312, 23.7179], [68.3329, 23.7154], [68.3335, 23.7124], [68.334, 23.7154], [68.3324, 23.7179], [68.3307, 23.7207], [68.331, 23.7237], [68.3346, 23.7251], [68.3363, 23.7276], [68.3379, 23.7304], [68.339, 23.7343], [68.339, 23.7379], [68.3393, 23.7426], [68.3424, 23.7421], [68.3451, 23.7404], [68.3462, 23.7371], [68.3474, 23.734], [68.3499, 23.7318], [68.349, 23.7349], [68.3485, 23.7382], [68.3471, 23.741], [68.3507, 23.7424], [68.3474, 23.7432], [68.3443, 23.7432], [68.341, 23.7449], [68.341, 23.7479], [68.3418, 23.7513], [68.3385, 23.7518], [68.3374, 23.7546], [68.3349, 23.7563], [68.3351, 23.7593], [68.3368, 23.7618], [68.339, 23.764], [68.3407, 23.7665], [68.3421, 23.7693], [68.3435, 23.7721], [68.3451, 23.7751], [68.3468, 23.7776], [68.3479, 23.7807], [68.349, 23.7846], [68.3493, 23.7888], [68.3499, 23.7921], [68.3496, 23.7965], [68.3501, 23.7996], [68.3521, 23.8021], [68.3546, 23.804], [68.358467, 23.80514]], [[68.605141, 23.809586], [68.6065, 23.8065], [68.6068, 23.8035], [68.6046, 23.8012], [68.6021, 23.799], [68.6015, 23.796], [68.5982, 23.7968], [68.5951, 23.7968], [68.594, 23.7999], [68.5938, 23.8029], [68.5971, 23.804], [68.5996, 23.8057], [68.6015, 23.8082], [68.605141, 23.809586]], [[68.307907, 23.82375], [68.311, 23.8226], [68.3132, 23.8204], [68.3146, 23.8177], [68.316, 23.8143], [68.3174, 23.8115], [68.3179, 23.8082], [68.3201, 23.806], [68.3218, 23.8032], [68.3201, 23.8007], [68.3185, 23.7976], [68.3174, 23.7943], [68.316, 23.7915], [68.3149, 23.7885], [68.3143, 23.7851], [68.3143, 23.781], [68.3143, 23.7779], [68.3146, 23.7704], [68.3151, 23.7665], [68.3157, 23.7632], [68.3168, 23.7596], [68.3179, 23.7568], [68.3187, 23.7535], [68.3199, 23.7479], [68.321, 23.7449], [68.3221, 23.7421], [68.3235, 23.7393], [68.324, 23.7351], [68.3215, 23.7332], [68.3182, 23.7321], [68.3146, 23.7318], [68.3074, 23.7304], [68.3037, 23.7296], [68.2999, 23.7285], [68.2971, 23.7268], [68.2935, 23.7268], [68.2904, 23.7282], [68.2882, 23.7304], [68.2862, 23.7337], [68.2882, 23.736], [68.2915, 23.7368], [68.2937, 23.739], [68.2943, 23.7424], [68.2924, 23.7449], [68.2901, 23.7474], [68.2882, 23.7499], [68.2871, 23.7532], [68.286, 23.7501], [68.2874, 23.7471], [68.2896, 23.7449], [68.2918, 23.7426], [68.2924, 23.7396], [68.2893, 23.7385], [68.2868, 23.7368], [68.2849, 23.7321], [68.2865, 23.7296], [68.2887, 23.7274], [68.2915, 23.7263], [68.2943, 23.7249], [68.2937, 23.7218], [68.2915, 23.7196], [68.289, 23.7174], [68.2868, 23.7151], [68.2849, 23.7126], [68.2832, 23.7099], [68.2801, 23.7112], [68.2782, 23.7087], [68.2749, 23.7085], [68.2721, 23.7071], [68.2729, 23.7038], [68.2746, 23.7013], [68.2721, 23.7032], [68.2688, 23.7043], [68.2663, 23.706], [68.264, 23.7082], [68.2621, 23.7107], [68.2599, 23.7132], [68.2579, 23.7157], [68.2585, 23.7188], [68.261, 23.7207], [68.2632, 23.7229], [68.2646, 23.7257], [68.2654, 23.7288], [68.2657, 23.7326], [68.2646, 23.7354], [68.2635, 23.7385], [68.2654, 23.741], [68.2679, 23.7426], [68.2682, 23.746], [68.269, 23.7493], [68.2676, 23.7521], [68.2649, 23.7535], [68.2646, 23.7565], [68.2643, 23.7599], [68.2657, 23.7626], [68.2668, 23.7654], [68.2674, 23.7712], [68.2688, 23.774], [68.2701, 23.7768], [68.2712, 23.7799], [68.2718, 23.7843], [68.2724, 23.7885], [68.2732, 23.7915], [68.2749, 23.7943], [68.2774, 23.7962], [68.2804, 23.7974], [68.2838, 23.7985], [68.2876, 23.7993], [68.2907, 23.7999], [68.2937, 23.8015], [68.2965, 23.8029], [68.2979, 23.8101], [68.2962, 23.8126], [68.2926, 23.8138], [68.2904, 23.816], [68.2926, 23.8182], [68.2957, 23.8193], [68.2985, 23.8207], [68.3015, 23.8218], [68.3043, 23.8229], [68.307907, 23.82375]], [[68.496529, 23.830973], [68.5001, 23.8301], [68.5035, 23.829], [68.5062, 23.8271], [68.5085, 23.8249], [68.5107, 23.8226], [68.5132, 23.8207], [68.5157, 23.8188], [68.5193, 23.8185], [68.5196, 23.8146], [68.519, 23.811], [68.5201, 23.8079], [68.5218, 23.8051], [68.5226, 23.8021], [68.5199, 23.8004], [68.5176, 23.7982], [68.5154, 23.796], [68.514, 23.7932], [68.5126, 23.7904], [68.509, 23.7896], [68.5068, 23.7918], [68.5043, 23.7935], [68.5001, 23.7946], [68.5032, 23.7926], [68.5057, 23.7907], [68.5079, 23.7885], [68.511, 23.7876], [68.5129, 23.7849], [68.5143, 23.7821], [68.5157, 23.7793], [68.5182, 23.7774], [68.521, 23.7763], [68.5221, 23.7707], [68.521, 23.7671], [68.5199, 23.7643], [68.519, 23.761], [68.5176, 23.7568], [68.5163, 23.754], [68.5129, 23.7521], [68.509, 23.7513], [68.5062, 23.7532], [68.5035, 23.7551], [68.5004, 23.7563], [68.4965, 23.7574], [68.4932, 23.7582], [68.4901, 23.7593], [68.4932, 23.7574], [68.4962, 23.7565], [68.499, 23.7554], [68.5024, 23.7546], [68.5049, 23.7526], [68.5068, 23.7501], [68.5068, 23.7471], [68.5043, 23.7454], [68.5018, 23.7435], [68.499, 23.7421], [68.4971, 23.7396], [68.4949, 23.7374], [68.4915, 23.7374], [68.4876, 23.7371], [68.4879, 23.7407], [68.4887, 23.746], [68.4876, 23.7493], [68.4851, 23.7513], [68.4812, 23.7526], [68.4765, 23.7529], [68.4735, 23.754], [68.471, 23.756], [68.4693, 23.759], [68.4679, 23.7618], [68.4665, 23.7646], [68.4657, 23.7676], [68.4665, 23.7721], [68.4662, 23.7754], [68.4654, 23.771], [68.4643, 23.7679], [68.4646, 23.7649], [68.466, 23.7615], [68.4674, 23.7588], [68.469, 23.7563], [68.4704, 23.7529], [68.4726, 23.7507], [68.4751, 23.749], [68.4779, 23.7479], [68.479, 23.7443], [68.4774, 23.7415], [68.4729, 23.7404], [68.4699, 23.7404], [68.4671, 23.7418], [68.4646, 23.7435], [68.4587, 23.7435], [68.4557, 23.7424], [68.4515, 23.7418], [68.4479, 23.7413], [68.4454, 23.7396], [68.4407, 23.7404], [68.4374, 23.7393], [68.4371, 23.7432], [68.439, 23.7457], [68.4404, 23.7488], [68.4424, 23.7515], [68.444, 23.754], [68.4457, 23.7565], [68.4479, 23.7588], [68.449, 23.7621], [68.4499, 23.7651], [68.4515, 23.7676], [68.4535, 23.7701], [68.4557, 23.7724], [68.456, 23.7754], [68.4551, 23.7812], [68.4546, 23.786], [68.4524, 23.7882], [68.4501, 23.7904], [68.4496, 23.7938], [68.4499, 23.7971], [68.449, 23.801], [68.4482, 23.804], [68.4485, 23.8071], [68.4521, 23.8085], [68.4549, 23.8071], [68.4543, 23.8135], [68.4563, 23.816], [68.459, 23.8177], [68.4629, 23.819], [68.4707, 23.8196], [68.474, 23.8204], [68.4771, 23.8215], [68.4796, 23.8232], [68.4824, 23.8249], [68.4846, 23.8271], [68.4871, 23.829], [68.4899, 23.8304], [68.4935, 23.8304], [68.496529, 23.830973]], [[68.707077, 23.85125], [68.7101, 23.8501], [68.7054, 23.849], [68.7026, 23.8504], [68.7065, 23.851], [68.707077, 23.85125]], [[68.699303, 23.853201], [68.6985, 23.8501], [68.6954, 23.849], [68.6963, 23.8521], [68.699303, 23.853201]], [[68.533203, 23.873751], [68.5343, 23.8701], [68.5346, 23.8657], [68.5326, 23.8632], [68.5296, 23.8618], [68.5274, 23.8596], [68.524, 23.8585], [68.5254, 23.8612], [68.5271, 23.8637], [68.5287, 23.8668], [68.5299, 23.8696], [68.5315, 23.8724], [68.533203, 23.873751]], [[68.395691, 23.878197], [68.3982, 23.8765], [68.4015, 23.8754], [68.4043, 23.8743], [68.4071, 23.8729], [68.411, 23.8718], [68.4149, 23.871], [68.4179, 23.8701], [68.4207, 23.8685], [68.4229, 23.8663], [68.4246, 23.8632], [68.4257, 23.8599], [68.4249, 23.8563], [68.4257, 23.8532], [68.4271, 23.8504], [68.429, 23.8479], [68.4313, 23.8457], [68.4335, 23.8435], [68.436, 23.8415], [68.4385, 23.8396], [68.439, 23.8354], [68.4376, 23.8324], [68.436, 23.8299], [68.4346, 23.8271], [68.4324, 23.8249], [68.4301, 23.8229], [68.4287, 23.8199], [68.4276, 23.8168], [68.4268, 23.8129], [68.4249, 23.8101], [68.4221, 23.8085], [68.4196, 23.8068], [68.4165, 23.806], [68.4135, 23.8074], [68.4107, 23.8087], [68.4085, 23.811], [68.4079, 23.8143], [68.4101, 23.8165], [68.4121, 23.8188], [68.409, 23.8179], [68.4068, 23.8157], [68.4065, 23.8118], [68.4082, 23.8093], [68.411, 23.8074], [68.4135, 23.8057], [68.416, 23.8037], [68.4149, 23.8007], [68.4126, 23.7985], [68.411, 23.7957], [68.4082, 23.7943], [68.4051, 23.7938], [68.4024, 23.7954], [68.4001, 23.7976], [68.3982, 23.8001], [68.3962, 23.8029], [68.3943, 23.8054], [68.3926, 23.8085], [68.3918, 23.8121], [68.391, 23.816], [68.391, 23.8199], [68.3913, 23.8235], [68.3918, 23.8282], [68.3904, 23.831], [68.3887, 23.8337], [68.3865, 23.836], [68.3838, 23.8374], [68.3796, 23.8382], [68.3826, 23.8362], [68.3857, 23.8349], [68.3879, 23.8324], [68.3893, 23.8293], [68.3899, 23.8193], [68.3896, 23.8163], [68.3896, 23.8118], [68.3907, 23.8087], [68.3921, 23.8054], [68.394, 23.8029], [68.3957, 23.8004], [68.3979, 23.7982], [68.3996, 23.7957], [68.4013, 23.7932], [68.4013, 23.7901], [68.3971, 23.7899], [68.394, 23.7904], [68.3899, 23.7913], [68.3871, 23.7924], [68.3838, 23.7938], [68.381, 23.7949], [68.3782, 23.796], [68.3771, 23.7999], [68.3763, 23.8032], [68.374, 23.8054], [68.3715, 23.8074], [68.3682, 23.8096], [68.3649, 23.8101], [68.3607, 23.8104], [68.3574, 23.8107], [68.3538, 23.8107], [68.3504, 23.8096], [68.3476, 23.8079], [68.3451, 23.8057], [68.3424, 23.804], [68.3401, 23.8018], [68.3379, 23.7996], [68.3357, 23.7974], [68.334, 23.7949], [68.3335, 23.7918], [68.3318, 23.7893], [68.3285, 23.7888], [68.3274, 23.7918], [68.3257, 23.7943], [68.3251, 23.7979], [68.3276, 23.8001], [68.3299, 23.8021], [68.3324, 23.804], [68.3343, 23.8065], [68.3368, 23.8085], [68.339, 23.8107], [68.3415, 23.8126], [68.3438, 23.8149], [68.346, 23.8171], [68.3474, 23.821], [68.3479, 23.8246], [68.3465, 23.8274], [68.344, 23.8293], [68.3429, 23.8357], [68.344, 23.8388], [68.3465, 23.841], [68.349, 23.8426], [68.3518, 23.8438], [68.3546, 23.8454], [68.356, 23.8482], [68.3585, 23.8501], [68.3613, 23.8515], [68.3643, 23.8526], [68.3671, 23.8543], [68.3701, 23.8557], [68.3724, 23.8579], [68.3757, 23.8574], [68.3737, 23.8601], [68.3743, 23.8643], [68.3751, 23.8676], [68.3763, 23.8704], [68.3774, 23.8735], [68.3801, 23.8749], [68.3832, 23.8743], [68.3876, 23.874], [68.3904, 23.8751], [68.3932, 23.8771], [68.395691, 23.878197]], [[68.248192, 23.880421], [68.2513, 23.8796], [68.2532, 23.8771], [68.2549, 23.8738], [68.2538, 23.871], [68.2532, 23.8679], [68.2521, 23.864], [68.2504, 23.8612], [68.2479, 23.8593], [68.2451, 23.8576], [68.2426, 23.8557], [68.2399, 23.8538], [68.2382, 23.8513], [68.2365, 23.8488], [68.2351, 23.846], [68.234, 23.8429], [68.2301, 23.8438], [68.2271, 23.8449], [68.2246, 23.8468], [68.2185, 23.8471], [68.216, 23.8488], [68.216, 23.8521], [68.2157, 23.8557], [68.2154, 23.8593], [68.2138, 23.8618], [68.2149, 23.8649], [68.2168, 23.8674], [68.2199, 23.8682], [68.2229, 23.8696], [68.2262, 23.871], [68.2293, 23.8721], [68.2324, 23.8735], [68.2354, 23.8746], [68.2385, 23.876], [68.2412, 23.8774], [68.2438, 23.8793], [68.248192, 23.880421]], [[68.449303, 23.938473], [68.4524, 23.9371], [68.4549, 23.9351], [68.4568, 23.9324], [68.4557, 23.9296], [68.454, 23.9268], [68.4529, 23.9232], [68.4504, 23.9212], [68.4476, 23.9198], [68.4446, 23.9199], [68.4479, 23.919], [68.4504, 23.9174], [68.4515, 23.9143], [68.4482, 23.9151], [68.4454, 23.9138], [68.4493, 23.9135], [68.4518, 23.9112], [68.4512, 23.9079], [68.4471, 23.9057], [68.4446, 23.9074], [68.4468, 23.9051], [68.4504, 23.9046], [68.451, 23.9001], [68.4485, 23.8985], [68.4485, 23.8929], [68.4496, 23.8899], [68.4504, 23.8868], [68.4515, 23.8837], [68.4501, 23.881], [68.4474, 23.8796], [68.4443, 23.8782], [68.4429, 23.8751], [68.4421, 23.8712], [68.4393, 23.8696], [68.4365, 23.8682], [68.4329, 23.8671], [68.429, 23.8663], [68.426, 23.8646], [68.4246, 23.8674], [68.4221, 23.8693], [68.4196, 23.871], [68.4204, 23.8746], [68.4201, 23.8776], [68.4179, 23.8799], [68.4151, 23.8815], [68.4126, 23.8835], [68.4112, 23.8863], [68.414, 23.8876], [68.416, 23.8899], [68.4185, 23.8918], [68.4215, 23.8926], [68.4254, 23.8935], [68.4285, 23.8943], [68.4246, 23.8951], [68.421, 23.8943], [68.4182, 23.8932], [68.4154, 23.8915], [68.4132, 23.8893], [68.4107, 23.8876], [68.4088, 23.8851], [68.4104, 23.8824], [68.4132, 23.8813], [68.4157, 23.8793], [68.4176, 23.8768], [68.4176, 23.8738], [68.4143, 23.8726], [68.411, 23.8729], [68.4082, 23.874], [68.4054, 23.8754], [68.4024, 23.8765], [68.3996, 23.8779], [68.3965, 23.879], [68.3935, 23.8801], [68.391, 23.8785], [68.3885, 23.8763], [68.3785, 23.8763], [68.3757, 23.8751], [68.3743, 23.8724], [68.3732, 23.8696], [68.3729, 23.866], [68.3726, 23.8615], [68.3712, 23.8587], [68.3688, 23.8568], [68.366, 23.8557], [68.3629, 23.8543], [68.3599, 23.8526], [68.3574, 23.851], [68.3551, 23.8485], [68.3529, 23.8463], [68.3499, 23.8463], [68.351, 23.8504], [68.3521, 23.8535], [68.354, 23.856], [68.3551, 23.8593], [68.3562, 23.8621], [68.3565, 23.8657], [68.3568, 23.8721], [68.3562, 23.8763], [68.3554, 23.8793], [68.3549, 23.8826], [68.3565, 23.8851], [68.3551, 23.8879], [68.3562, 23.8907], [68.3585, 23.8929], [68.3618, 23.8926], [68.3649, 23.8924], [68.3674, 23.8904], [68.3662, 23.8932], [68.3618, 23.8932], [68.3585, 23.894], [68.3562, 23.8915], [68.3549, 23.8885], [68.3554, 23.8849], [68.3526, 23.8865], [68.3515, 23.8893], [68.3504, 23.8962], [68.3521, 23.8987], [68.354, 23.9013], [68.3565, 23.9029], [68.3599, 23.9043], [68.3629, 23.9054], [68.366, 23.906], [68.3696, 23.9065], [68.3729, 23.9068], [68.376, 23.9065], [68.3818, 23.906], [68.3863, 23.9062], [68.3899, 23.9071], [68.3932, 23.9082], [68.3965, 23.9099], [68.3993, 23.911], [68.4026, 23.9121], [68.406, 23.9129], [68.409, 23.9146], [68.4115, 23.9163], [68.4149, 23.9174], [68.4176, 23.9193], [68.4201, 23.921], [68.4218, 23.9238], [68.4235, 23.9265], [68.4251, 23.929], [68.4268, 23.9318], [68.4293, 23.934], [68.4326, 23.9349], [68.4362, 23.9357], [68.4396, 23.9351], [68.4432, 23.9354], [68.446, 23.9368], [68.449303, 23.938473]], [[68.535416, 23.945972], [68.5371, 23.9432], [68.5385, 23.9404], [68.5399, 23.9376], [68.5418, 23.9351], [68.5443, 23.9332], [68.5485, 23.9324], [68.5518, 23.9321], [68.5571, 23.9318], [68.559, 23.9285], [68.5579, 23.9238], [68.5615, 23.9229], [68.5649, 23.9226], [68.5713, 23.9229], [68.5796, 23.9235], [68.5826, 23.9229], [68.5854, 23.9218], [68.5879, 23.9201], [68.5888, 23.9168], [68.5854, 23.916], [68.5821, 23.9151], [68.5793, 23.9135], [68.5765, 23.9115], [68.5743, 23.9093], [68.5715, 23.9079], [68.5693, 23.9057], [68.5671, 23.9035], [68.5657, 23.9004], [68.5665, 23.8971], [68.5649, 23.8943], [68.5626, 23.8921], [68.5604, 23.8899], [68.5585, 23.8874], [68.5565, 23.8851], [68.5549, 23.8824], [68.5526, 23.8804], [68.5501, 23.8785], [68.549, 23.8757], [68.5471, 23.8732], [68.5432, 23.8718], [68.5407, 23.8699], [68.5382, 23.8679], [68.5376, 23.871], [68.5362, 23.874], [68.5326, 23.8763], [68.531, 23.8738], [68.529, 23.8715], [68.5279, 23.8676], [68.5263, 23.8649], [68.5243, 23.8626], [68.5226, 23.8596], [68.5221, 23.8563], [68.5176, 23.8568], [68.5146, 23.8574], [68.5135, 23.8604], [68.5107, 23.8621], [68.5082, 23.8637], [68.5054, 23.8649], [68.5026, 23.8663], [68.5001, 23.8685], [68.5004, 23.8726], [68.5024, 23.8751], [68.4996, 23.8738], [68.4987, 23.8704], [68.4974, 23.8676], [68.4937, 23.8668], [68.4907, 23.8668], [68.4899, 23.871], [68.489, 23.8749], [68.4882, 23.8785], [68.4871, 23.8846], [68.4863, 23.8876], [68.4865, 23.8907], [68.4896, 23.8918], [68.4924, 23.8932], [68.4954, 23.8943], [68.4985, 23.8957], [68.5013, 23.8974], [68.5038, 23.8993], [68.506, 23.9015], [68.511, 23.9026], [68.514, 23.9026], [68.516, 23.9001], [68.5182, 23.8979], [68.5204, 23.8954], [68.5235, 23.894], [68.5221, 23.8968], [68.5201, 23.8993], [68.5182, 23.9018], [68.5154, 23.9035], [68.5168, 23.9062], [68.5193, 23.9079], [68.5218, 23.9096], [68.5243, 23.9115], [68.5263, 23.914], [68.529, 23.9157], [68.531, 23.9185], [68.5321, 23.9226], [68.534, 23.9201], [68.536, 23.9176], [68.5354, 23.9207], [68.5338, 23.924], [68.5324, 23.9274], [68.5318, 23.9315], [68.5301, 23.934], [68.5279, 23.9363], [68.5263, 23.9393], [68.5271, 23.9424], [68.5296, 23.9443], [68.5326, 23.9451], [68.535416, 23.945972]], [[68.525696, 23.94953], [68.5243, 23.9468], [68.5215, 23.9454], [68.5188, 23.9474], [68.516, 23.9488], [68.525696, 23.94953]], [[68.482086, 23.99264], [68.4865, 23.9921], [68.4887, 23.9899], [68.4907, 23.9876], [68.4929, 23.9854], [68.4949, 23.9829], [68.4974, 23.981], [68.5007, 23.9796], [68.5026, 23.9754], [68.5015, 23.9718], [68.4993, 23.9696], [68.4974, 23.9671], [68.4962, 23.9635], [68.4957, 23.9596], [68.4965, 23.9557], [68.4976, 23.9524], [68.4993, 23.9499], [68.5013, 23.9474], [68.504, 23.9457], [68.5071, 23.9443], [68.511, 23.9435], [68.514, 23.9426], [68.5174, 23.9421], [68.5188, 23.939], [68.5151, 23.9382], [68.5118, 23.9393], [68.5088, 23.9404], [68.5057, 23.9418], [68.5076, 23.9393], [68.5107, 23.9385], [68.514, 23.9374], [68.5168, 23.9363], [68.5185, 23.9243], [68.516, 23.9224], [68.5135, 23.9204], [68.5113, 23.9232], [68.5101, 23.9204], [68.511, 23.9168], [68.5088, 23.9146], [68.5071, 23.9121], [68.5054, 23.9096], [68.5032, 23.9074], [68.4999, 23.9065], [68.4968, 23.9054], [68.4938, 23.9046], [68.491, 23.9032], [68.4885, 23.9015], [68.486, 23.8996], [68.4843, 23.8968], [68.4826, 23.894], [68.4807, 23.8915], [68.4774, 23.891], [68.4743, 23.8918], [68.4713, 23.8929], [68.4688, 23.8946], [68.4704, 23.8918], [68.4735, 23.8907], [68.4768, 23.8899], [68.4796, 23.8888], [68.4785, 23.8829], [68.4771, 23.8796], [68.476, 23.8765], [68.4749, 23.8729], [68.474, 23.8693], [68.4729, 23.8629], [68.4685, 23.8615], [68.4649, 23.8607], [68.4621, 23.8593], [68.4596, 23.8574], [68.4563, 23.856], [68.4535, 23.8549], [68.451, 23.8532], [68.449, 23.8507], [68.446, 23.8504], [68.4435, 23.8485], [68.441, 23.8501], [68.4379, 23.851], [68.4324, 23.8521], [68.431, 23.8549], [68.4296, 23.8576], [68.4282, 23.8618], [68.4313, 23.8629], [68.4343, 23.864], [68.4371, 23.8657], [68.4401, 23.8668], [68.4426, 23.8687], [68.4446, 23.871], [68.4449, 23.8749], [68.449, 23.8771], [68.4518, 23.8785], [68.4532, 23.8815], [68.4538, 23.8846], [68.4524, 23.8882], [68.4512, 23.8924], [68.4512, 23.8957], [68.4526, 23.8993], [68.4529, 23.9037], [68.4529, 23.9079], [68.4554, 23.9096], [68.4576, 23.9118], [68.4579, 23.9157], [68.4563, 23.9129], [68.4538, 23.9157], [68.4512, 23.9176], [68.4521, 23.9207], [68.4543, 23.9229], [68.4546, 23.9262], [68.4565, 23.9288], [68.4596, 23.9296], [68.4629, 23.9318], [68.4596, 23.9335], [68.4565, 23.9343], [68.4543, 23.9365], [68.4518, 23.9382], [68.449, 23.9396], [68.4457, 23.9388], [68.4432, 23.9371], [68.4393, 23.9365], [68.4343, 23.9376], [68.431, 23.9365], [68.4282, 23.9379], [68.4296, 23.9407], [68.431, 23.9438], [68.4326, 23.9468], [68.434, 23.9499], [68.4351, 23.9543], [68.4368, 23.9568], [68.4388, 23.9593], [68.441, 23.9615], [68.4443, 23.9615], [68.4471, 23.9601], [68.4454, 23.9626], [68.4426, 23.964], [68.4432, 23.9671], [68.4443, 23.9721], [68.446, 23.9751], [68.4471, 23.9782], [68.4482, 23.9813], [68.451, 23.9829], [68.4538, 23.9851], [68.4563, 23.9874], [68.4585, 23.9896], [68.4613, 23.9912], [68.4668, 23.9921], [68.4704, 23.9921], [68.4735, 23.9924], [68.4771, 23.9924], [68.482086, 23.99264]], [[68.430138, 23.99542], [68.4324, 23.9932], [68.4343, 23.9904], [68.4362, 23.9879], [68.4362, 23.984], [68.4354, 23.981], [68.4349, 23.9779], [68.4343, 23.9682], [68.4337, 23.964], [68.4326, 23.961], [68.4307, 23.9585], [68.4285, 23.9563], [68.4268, 23.9538], [68.4251, 23.951], [68.424, 23.9482], [68.4226, 23.9454], [68.4221, 23.9421], [68.421, 23.9393], [68.4196, 23.936], [68.4179, 23.9335], [68.416, 23.931], [68.4135, 23.929], [68.4118, 23.9262], [68.409, 23.9246], [68.406, 23.9232], [68.4035, 23.9215], [68.4001, 23.9204], [68.3971, 23.9193], [68.3932, 23.9182], [68.3907, 23.9165], [68.3879, 23.9151], [68.3846, 23.9146], [68.3771, 23.9151], [68.3763, 23.919], [68.3757, 23.916], [68.3707, 23.9146], [68.3679, 23.9135], [68.3635, 23.9138], [68.3604, 23.9126], [68.3574, 23.9118], [68.3543, 23.9104], [68.3515, 23.909], [68.349, 23.9071], [68.3474, 23.9046], [68.3457, 23.9021], [68.3446, 23.8993], [68.3438, 23.8954], [68.3429, 23.8918], [68.3432, 23.8888], [68.3449, 23.8863], [68.346, 23.8832], [68.3474, 23.8796], [68.3482, 23.876], [68.3482, 23.8676], [68.3485, 23.8637], [68.3476, 23.8604], [68.3462, 23.8576], [68.3451, 23.8543], [68.3438, 23.8515], [68.3424, 23.8482], [68.3407, 23.8457], [68.339, 23.8432], [68.3374, 23.8404], [68.3363, 23.836], [68.3365, 23.8315], [68.3368, 23.8282], [68.3371, 23.8249], [68.3376, 23.8193], [68.3346, 23.8177], [68.3318, 23.8163], [68.3293, 23.8146], [68.3271, 23.8124], [68.3251, 23.8096], [68.3213, 23.8074], [68.319, 23.8107], [68.3185, 23.8138], [68.3171, 23.8165], [68.3154, 23.8199], [68.3146, 23.824], [68.3112, 23.824], [68.3063, 23.8251], [68.3032, 23.8243], [68.3004, 23.8229], [68.2971, 23.8218], [68.294, 23.8207], [68.2913, 23.8193], [68.2887, 23.8174], [68.2893, 23.8143], [68.2921, 23.8129], [68.2949, 23.8115], [68.2962, 23.8071], [68.2951, 23.804], [68.2918, 23.8029], [68.2885, 23.8021], [68.2854, 23.8012], [68.2818, 23.8004], [68.2787, 23.7993], [68.2757, 23.7982], [68.2735, 23.796], [68.2721, 23.7929], [68.2712, 23.7896], [68.2707, 23.7865], [68.2685, 23.7888], [68.2674, 23.7918], [68.2668, 23.7885], [68.2679, 23.7857], [68.2693, 23.7826], [68.269, 23.7793], [68.2676, 23.7765], [68.2663, 23.7735], [68.266, 23.7704], [68.2646, 23.7676], [68.2635, 23.7646], [68.2626, 23.7607], [68.2621, 23.7563], [68.2626, 23.7524], [68.264, 23.7496], [68.2657, 23.7471], [68.2643, 23.7443], [68.2624, 23.7415], [68.2613, 23.7376], [68.2613, 23.734], [68.2624, 23.731], [68.2618, 23.7274], [68.2601, 23.7249], [68.2582, 23.7224], [68.256, 23.7201], [68.2546, 23.7165], [68.2551, 23.7126], [68.2571, 23.7099], [68.2596, 23.7079], [68.2604, 23.7049], [68.2629, 23.7032], [68.2646, 23.7007], [68.266, 23.6979], [68.2671, 23.6943], [68.2665, 23.691], [68.2649, 23.6885], [68.2629, 23.686], [68.2607, 23.6837], [68.2582, 23.6818], [68.256, 23.6796], [68.2521, 23.6796], [68.249, 23.6796], [68.246, 23.6793], [68.2432, 23.6807], [68.2385, 23.681], [68.2357, 23.6829], [68.2329, 23.6849], [68.231, 23.6876], [68.2274, 23.6896], [68.226, 23.6924], [68.2276, 23.6951], [68.2279, 23.6982], [68.2293, 23.7013], [68.226, 23.7013], [68.2199, 23.6996], [68.2171, 23.7015], [68.2143, 23.7026], [68.2115, 23.7043], [68.209, 23.7065], [68.2068, 23.7087], [68.2057, 23.7115], [68.2038, 23.7143], [68.2021, 23.7168], [68.2007, 23.7199], [68.1987, 23.7224], [68.1965, 23.7246], [68.1946, 23.7271], [68.1932, 23.7299], [68.1929, 23.7329], [68.1935, 23.736], [68.1963, 23.7376], [68.1974, 23.7404], [68.1993, 23.7429], [68.2015, 23.7457], [68.2024, 23.749], [68.204, 23.7521], [68.2057, 23.7546], [68.2079, 23.7571], [68.2099, 23.7596], [68.2115, 23.7624], [68.2132, 23.7588], [68.2138, 23.7554], [68.2182, 23.7543], [68.2207, 23.756], [68.2226, 23.7585], [68.2249, 23.7607], [68.226, 23.764], [68.2251, 23.7674], [68.2246, 23.7707], [68.2282, 23.7721], [68.2312, 23.7732], [68.234, 23.7746], [68.2332, 23.7776], [68.2335, 23.781], [68.2318, 23.7771], [68.2301, 23.7746], [68.2271, 23.7737], [68.2237, 23.7735], [68.2226, 23.7765], [68.221, 23.779], [68.2185, 23.7807], [68.2179, 23.7857], [68.2165, 23.7885], [68.2162, 23.7932], [68.2146, 23.7965], [68.2132, 23.7999], [68.2121, 23.8029], [68.211, 23.8057], [68.2101, 23.8087], [68.2093, 23.8126], [68.2099, 23.819], [68.2104, 23.8235], [68.2107, 23.8282], [68.2118, 23.8315], [68.2129, 23.8346], [68.216, 23.836], [68.2196, 23.8362], [68.2226, 23.8357], [68.2273, 23.8349], [68.2315, 23.8351], [68.2346, 23.836], [68.2363, 23.839], [68.2379, 23.8415], [68.2387, 23.8446], [68.2401, 23.8474], [68.2418, 23.8504], [68.2438, 23.8529], [68.2468, 23.8524], [68.2479, 23.8496], [68.2493, 23.8468], [68.2546, 23.8457], [68.2571, 23.8438], [68.2582, 23.841], [68.2588, 23.8376], [68.2593, 23.8346], [68.2593, 23.8315], [68.2601, 23.8285], [68.2604, 23.8249], [68.2621, 23.8279], [68.2613, 23.8312], [68.261, 23.8351], [68.2649, 23.8365], [68.2688, 23.8368], [68.2715, 23.8354], [68.2774, 23.8343], [68.2793, 23.8368], [68.2815, 23.839], [68.2846, 23.8404], [68.2876, 23.8396], [68.2851, 23.8415], [68.2815, 23.8412], [68.2793, 23.839], [68.2774, 23.8365], [68.2732, 23.8357], [68.2693, 23.8379], [68.264, 23.8382], [68.261, 23.8388], [68.2596, 23.8418], [68.2585, 23.8446], [68.2557, 23.8463], [68.2521, 23.8474], [68.2496, 23.8524], [68.2504, 23.8554], [68.2529, 23.8574], [68.2546, 23.8604], [68.2565, 23.8632], [68.2576, 23.8692], [68.2593, 23.8718], [68.2626, 23.8715], [68.2682, 23.871], [68.2712, 23.8707], [68.274, 23.8693], [68.2771, 23.8682], [68.2804, 23.8679], [68.2832, 23.869], [68.2862, 23.8704], [68.2887, 23.8721], [68.2932, 23.8729], [68.2951, 23.8704], [68.2974, 23.8682], [68.3004, 23.8668], [68.3051, 23.8657], [68.3068, 23.8682], [68.3085, 23.8712], [68.3096, 23.874], [68.311, 23.8771], [68.3135, 23.879], [68.3168, 23.8796], [68.3135, 23.881], [68.3104, 23.8796], [68.3085, 23.8771], [68.3071, 23.8743], [68.3063, 23.8712], [68.3051, 23.8682], [68.3018, 23.8674], [68.299, 23.8687], [68.2974, 23.8712], [68.2954, 23.8735], [68.2918, 23.8751], [68.2887, 23.8746], [68.286, 23.8732], [68.2832, 23.8712], [68.2787, 23.8701], [68.2757, 23.8712], [68.2729, 23.8724], [68.2699, 23.8735], [68.2664, 23.8749], [68.261, 23.8757], [68.2585, 23.8785], [68.259, 23.8815], [68.2607, 23.884], [68.2618, 23.8868], [68.2643, 23.8885], [68.2665, 23.8907], [68.2693, 23.8921], [68.2712, 23.8949], [68.2735, 23.8971], [68.2757, 23.8993], [68.2774, 23.9018], [68.2779, 23.9049], [68.2774, 23.9079], [68.2779, 23.9112], [68.2771, 23.9149], [68.2796, 23.9168], [68.2818, 23.919], [68.2843, 23.9207], [68.2876, 23.9212], [68.2921, 23.9218], [68.2954, 23.9212], [68.2993, 23.9204], [68.3029, 23.9196], [68.3063, 23.9188], [68.3096, 23.9179], [68.3143, 23.9174], [68.3171, 23.916], [68.3215, 23.9149], [68.3249, 23.9146], [68.3282, 23.9149], [68.331, 23.9163], [68.334, 23.9174], [68.3368, 23.9193], [68.339, 23.9215], [68.341, 23.924], [68.3426, 23.9276], [68.3446, 23.9299], [68.346, 23.9326], [68.346, 23.9363], [68.3465, 23.9429], [68.346, 23.9479], [68.3457, 23.9518], [68.3451, 23.9557], [68.346, 23.9593], [68.3474, 23.9624], [68.3493, 23.9649], [68.3512, 23.9674], [68.3535, 23.9696], [68.3568, 23.9713], [68.3582, 23.9746], [68.3596, 23.9774], [68.3624, 23.9788], [68.3654, 23.9804], [68.3682, 23.9818], [68.3712, 23.9829], [68.3743, 23.984], [68.3774, 23.9832], [68.379, 23.9799], [68.3799, 23.9765], [68.3804, 23.9735], [68.3818, 23.9704], [68.384, 23.9679], [68.3863, 23.9657], [68.3921, 23.9646], [68.396, 23.9654], [68.399, 23.9671], [68.4015, 23.969], [68.4037, 23.9713], [68.4057, 23.974], [68.4076, 23.9765], [68.4104, 23.9779], [68.4124, 23.9804], [68.4146, 23.9826], [68.4163, 23.9854], [68.4182, 23.9879], [68.4199, 23.9907], [68.4224, 23.9926], [68.4257, 23.9943], [68.430138, 23.99542]], [[72.10186, 24.643339], [72.1165, 24.6334], [72.121, 24.632], [72.1253, 24.6316], [72.1347, 24.6338], [72.1459, 24.6349], [72.1507, 24.6341], [72.1536, 24.6311], [72.161, 24.6195], [72.1617, 24.6158], [72.1654, 24.6145], [72.1756, 24.6127], [72.1859, 24.6094], [72.2014, 24.6162], [72.207, 24.6121], [72.2106, 24.6126], [72.2083, 24.6172], [72.211, 24.619], [72.2164, 24.6202], [72.23, 24.6329], [72.2336, 24.6308], [72.242, 24.6233], [72.2489, 24.6208], [72.2542, 24.6214], [72.2606, 24.6207], [72.2741, 24.6221], [72.2937, 24.6132], [72.2997, 24.6162], [72.3062, 24.615], [72.3093, 24.612], [72.3151, 24.6089], [72.3237, 24.6089], [72.331, 24.6119], [72.3402, 24.623], [72.348, 24.6213], [72.3538, 24.6181], [72.3501, 24.6147], [72.3492, 24.6023], [72.3455, 24.5995], [72.3422, 24.5935], [72.326, 24.5869], [72.3178, 24.585], [72.314, 24.5854], [72.3089, 24.5909], [72.3046, 24.5973], [72.3003, 24.6002], [72.2931, 24.5971], [72.2793, 24.6], [72.251, 24.5802], [72.2717, 24.5502], [72.2851, 24.5574], [72.29, 24.5583], [72.2917, 24.5553], [72.2919, 24.5505], [72.2939, 24.5449], [72.2934, 24.54], [72.3018, 24.5406], [72.3324, 24.5424], [72.337, 24.5441], [72.3336, 24.5558], [72.3349, 24.5587], [72.3406, 24.5575], [72.3433, 24.555], [72.3486, 24.5535], [72.3579, 24.5525], [72.3616, 24.5433], [72.3655, 24.5393], [72.3686, 24.5365], [72.3739, 24.5374], [72.3742, 24.5335], [72.3749, 24.53], [72.3709, 24.5288], [72.3863, 24.5005], [72.3905, 24.4989], [72.3977, 24.5003], [72.4211, 24.5081], [72.426, 24.5083], [72.436, 24.5054], [72.4425, 24.5042], [72.4456, 24.4996], [72.4482, 24.4933], [72.4456, 24.4877], [72.4386, 24.4791], [72.4367, 24.4605], [72.4462, 24.4483], [72.4562, 24.4381], [72.4576, 24.4329], [72.4613, 24.4269], [72.4638, 24.421], [72.4647, 24.4071], [72.4874, 24.4054], [72.501, 24.4073], [72.5077, 24.4099], [72.51, 24.4183], [72.5044, 24.4309], [72.5006, 24.4503], [72.5117, 24.4474], [72.5139, 24.4646], [72.5188, 24.473], [72.5421, 24.5049], [72.5446, 24.5069], [72.5477, 24.5056], [72.5518, 24.5003], [72.5591, 24.4946], [72.5742, 24.4881], [72.5824, 24.4775], [72.5885, 24.4725], [72.6041, 24.4691], [72.6393, 24.4615], [72.6586, 24.4564], [72.6744, 24.457], [72.6846, 24.4592], [72.693, 24.4602], [72.6972, 24.4572], [72.6975, 24.4526], [72.6926, 24.4414], [72.6935, 24.4193], [72.7066, 24.3913], [72.7175, 24.3756], [72.7325, 24.3613], [72.7393, 24.3588], [72.7487, 24.3575], [72.7728, 24.3607], [72.7933, 24.3602], [72.8153, 24.3582], [72.8292, 24.365], [72.8391, 24.3648], [72.8537, 24.366], [72.8681, 24.3658], [72.8843, 24.3608], [72.9006, 24.3514], [72.91, 24.3405], [72.9156, 24.3328], [72.9211, 24.3272], [72.929, 24.3327], [72.9338, 24.3362], [72.946, 24.3393], [72.9618, 24.3488], [72.9654, 24.3511], [72.9775, 24.3588], [72.9915, 24.364], [72.992, 24.3682], [72.9875, 24.3751], [72.9813, 24.3801], [72.9746, 24.3834], [72.9661, 24.383], [72.9642, 24.3922], [72.9724, 24.4019], [72.9794, 24.4056], [72.9906, 24.4209], [72.9893, 24.4327], [72.9832, 24.4403], [72.981, 24.451], [72.9891, 24.457], [72.998, 24.468], [73.0003, 24.4706], [73.0068, 24.4763], [73.0128, 24.4824], [73.0219, 24.4651], [73.0272, 24.4651], [73.0332, 24.4637], [73.051, 24.4653], [73.0573, 24.4726], [73.0671, 24.4746], [73.0701, 24.4809], [73.0749, 24.4827], [73.0838, 24.4902], [73.0944, 24.4947], [73.0989, 24.4915], [73.0985, 24.4726], [73.1072, 24.4568], [73.1076, 24.4518], [73.1066, 24.4454], [73.1088, 24.4324], [73.1083, 24.4263], [73.1062, 24.4203], [73.0967, 24.4172], [73.093, 24.4131], [73.0907, 24.4088], [73.0886, 24.4001], [73.0844, 24.3976], [73.085, 24.3945], [73.0983, 24.3855], [73.1086, 24.3875], [73.1186, 24.3757], [73.1274, 24.3688], [73.1373, 24.3644], [73.1453, 24.3631], [73.1546, 24.3564], [73.162, 24.3527], [73.17, 24.3507], [73.1802, 24.3507], [73.1904, 24.3558], [73.2007, 24.3668], [73.211, 24.3754], [73.2315, 24.3647], [73.2256, 24.3565], [73.2164, 24.3505], [73.2111, 24.3342], [73.2014, 24.3341], [73.1979, 24.3398], [73.1929, 24.3436], [73.187, 24.3349], [73.1861, 24.327], [73.1864, 24.3202], [73.1848, 24.3091], [73.1806, 24.3015], [73.1733, 24.3011], [73.1512, 24.3108], [73.145, 24.3079], [73.1439, 24.2995], [73.1389, 24.28], [73.1161, 24.2626], [73.1099, 24.254], [73.1069, 24.249], [73.1058, 24.2443], [73.1009, 24.2377], [73.1019, 24.2349], [73.1062, 24.2324], [73.1112, 24.2311], [73.106, 24.2262], [73.1012, 24.2233], [73.0917, 24.2209], [73.0872, 24.2008], [73.082, 24.1967], [73.0813, 24.1919], [73.0827, 24.185], [73.091, 24.1753], [73.1024, 24.1652], [73.113, 24.1578], [73.1165, 24.1529], [73.1142, 24.1386], [73.1234, 24.1403], [73.1385, 24.1281], [73.1472, 24.1226], [73.1555, 24.1219], [73.1611, 24.1201], [73.1676, 24.1163], [73.1717, 24.1113], [73.1869, 24.1077], [73.1919, 24.1065], [73.1976, 24.1108], [73.2, 24.1084], [73.2123, 24.1041], [73.2158, 24.1017], [73.2238, 24.0982], [73.2226, 24.0935], [73.2204, 24.0893], [73.2167, 24.0853], [73.2144, 24.0802], [73.2137, 24.0758], [73.2091, 24.0666], [73.2011, 24.0574], [73.1989, 24.0515], [73.2006, 24.0452], [73.2081, 24.0395], [73.2233, 24.0324], [73.2293, 24.0281], [73.2294, 24.024], [73.2351, 24.0201], [73.2403, 24.0183], [73.2426, 24.0128], [73.2458, 24.0107], [73.2525, 24.0111], [73.2564, 24.0132], [73.2639, 24.0201], [73.2753, 24.028], [73.2828, 24.0288], [73.291, 24.0274], [73.2979, 24.0368], [73.3068, 24.0515], [73.3114, 24.0546], [73.3185, 24.0568], [73.3266, 24.0625], [73.3325, 24.0737], [73.3345, 24.0826], [73.3319, 24.104], [73.3352, 24.1151], [73.3428, 24.1158], [73.3608, 24.1141], [73.3735, 24.1281], [73.3696, 24.1125], [73.3696, 24.088], [73.3748, 24.0871], [73.3798, 24.0842], [73.3853, 24.0796], [73.3966, 24.0725], [73.4042, 24.0652], [73.4138, 24.0511], [73.4114, 24.0348], [73.4115, 24.0252], [73.4093, 24.0159], [73.4108, 24.0025], [73.4106, 23.9983], [73.4051, 23.9905], [73.414, 23.9884], [73.4196, 23.9827], [73.4215, 23.9747], [73.4191, 23.9538], [73.4204, 23.9364], [73.4247, 23.9311], [73.4235, 23.9276], [73.4201, 23.9234], [73.4078, 23.9161], [73.4023, 23.9182], [73.3961, 23.9168], [73.3865, 23.9058], [73.3824, 23.895], [73.377, 23.8888], [73.3712, 23.8759], [73.3661, 23.8691], [73.3621, 23.8619], [73.3598, 23.8546], [73.3695, 23.8386], [73.3719, 23.8321], [73.3727, 23.8219], [73.3704, 23.8144], [73.3628, 23.7978], [73.3611, 23.7917], [73.3626, 23.7874], [73.3677, 23.7836], [73.3713, 23.7779], [73.3759, 23.7667], [73.3898, 23.7693], [73.3939, 23.7785], [73.4, 23.784], [73.4086, 23.7836], [73.4135, 23.7811], [73.4205, 23.7793], [73.4277, 23.7664], [73.4322, 23.7621], [73.4508, 23.7526], [73.4513, 23.7488], [73.4549, 23.7397], [73.4628, 23.7343], [73.4729, 23.7258], [73.4766, 23.721], [73.4793, 23.709], [73.4856, 23.705], [73.5019, 23.7066], [73.5085, 23.7033], [73.5104, 23.697], [73.5112, 23.6801], [73.5109, 23.6734], [73.5078, 23.6626], [73.5072, 23.6577], [73.5005, 23.6507], [73.5116, 23.6451], [73.5085, 23.6394], [73.5014, 23.6354], [73.5057, 23.6289], [73.5102, 23.6207], [73.5135, 23.6168], [73.5267, 23.6106], [73.5322, 23.6135], [73.5414, 23.6227], [73.553, 23.6314], [73.5707, 23.6535], [73.5773, 23.6554], [73.6085, 23.6543], [73.619, 23.6514], [73.633, 23.6385], [73.6423, 23.6313], [73.6504, 23.6269], [73.6607, 23.6229], [73.65, 23.6077], [73.648, 23.5986], [73.6487, 23.5907], [73.6512, 23.5809], [73.6498, 23.5753], [73.6429, 23.5696], [73.6383, 23.5626], [73.6371, 23.548], [73.637, 23.5311], [73.6522, 23.5214], [73.6573, 23.5162], [73.6584, 23.5041], [73.6526, 23.5009], [73.6449, 23.4987], [73.6406, 23.473], [73.6328, 23.4524], [73.6381, 23.4503], [73.6532, 23.4405], [73.6608, 23.4473], [73.6687, 23.4519], [73.6819, 23.4571], [73.6939, 23.4589], [73.7042, 23.4558], [73.7096, 23.4445], [73.7136, 23.4337], [73.7172, 23.4188], [73.7203, 23.4148], [73.7261, 23.4127], [73.7288, 23.4183], [73.734, 23.4249], [73.7514, 23.4425], [73.7566, 23.4496], [73.7607, 23.4568], [73.7647, 23.4586], [73.771, 23.4526], [73.774, 23.4459], [73.7778, 23.4423], [73.7831, 23.4346], [73.7942, 23.4356], [73.8269, 23.4468], [73.8321, 23.4468], [73.8368, 23.4401], [73.8365, 23.4307], [73.8574, 23.4048], [73.8668, 23.3958], [73.8771, 23.3783], [73.8794, 23.3681], [73.8912, 23.3586], [73.8949, 23.3526], [73.8943, 23.3371], [73.9012, 23.3359], [73.914, 23.336], [73.9278, 23.3379], [73.9389, 23.3414], [73.9426, 23.3459], [73.9438, 23.3536], [73.9437, 23.3663], [73.9473, 23.3735], [73.9569, 23.3776], [73.9625, 23.3814], [73.971, 23.3771], [73.9789, 23.3678], [73.9835, 23.3598], [73.9845, 23.3495], [73.987, 23.3412], [73.9908, 23.3376], [74.0038, 23.3362], [74.0236, 23.3329], [74.0327, 23.3324], [74.0301, 23.3199], [74.0359, 23.3126], [74.0376, 23.3057], [74.0414, 23.307], [74.0477, 23.3109], [74.0497, 23.3071], [74.0445, 23.2961], [74.0487, 23.2951], [74.0765, 23.2982], [74.0897, 23.298], [74.1017, 23.2958], [74.1066, 23.2941], [74.1111, 23.2857], [74.1139, 23.2773], [74.1186, 23.2754], [74.1299, 23.2727], [74.1338, 23.2695], [74.1361, 23.2647], [74.1365, 23.2448], [74.1388, 23.2364], [74.1387, 23.2309], [74.1395, 23.2268], [74.1351, 23.2201], [74.1339, 23.2152], [74.1247, 23.2066], [74.1235, 23.2017], [74.1225, 23.1916], [74.1245, 23.188], [74.127, 23.1789], [74.1305, 23.1776], [74.1362, 23.1777], [74.1457, 23.1752], [74.1485, 23.172], [74.1552, 23.1578], [74.1607, 23.1555], [74.1649, 23.1565], [74.183, 23.1522], [74.1866, 23.1525], [74.1891, 23.1579], [74.1895, 23.1718], [74.1941, 23.1786], [74.2001, 23.1837], [74.2042, 23.1891], [74.2075, 23.1921], [74.2293, 23.184], [74.237, 23.1827], [74.246, 23.1883], [74.2498, 23.1784], [74.2524, 23.1762], [74.257, 23.1747], [74.2619, 23.1716], [74.2671, 23.166], [74.2718, 23.156], [74.2766, 23.1398], [74.2776, 23.134], [74.2795, 23.13], [74.2849, 23.1246], [74.2881, 23.1187], [74.282, 23.1064], [74.2808, 23.101], [74.2825, 23.095], [74.2868, 23.0917], [74.3039, 23.0839], [74.3102, 23.0795], [74.3155, 23.0721], [74.3183, 23.0673], [74.3228, 23.0627], [74.3253, 23.0482], [74.3277, 23.0427], [74.3319, 23.0392], [74.3389, 23.0358], [74.3468, 23.0339], [74.3492, 23.0302], [74.3507, 23.0155], [74.3554, 23.0031], [74.3577, 23.0004], [74.3655, 22.9898], [74.3688, 22.9836], [74.3708, 22.9801], [74.3681, 22.9765], [74.363, 22.9779], [74.3571, 22.9772], [74.3548, 22.9751], [74.3497, 22.9688], [74.3416, 22.9647], [74.3444, 22.9584], [74.3479, 22.9534], [74.3542, 22.9471], [74.36, 22.9422], [74.362, 22.9331], [74.3655, 22.9296], [74.3714, 22.9261], [74.3745, 22.9226], [74.3777, 22.9155], [74.3816, 22.9099], [74.3883, 22.9071], [74.3929, 22.9022], [74.4004, 22.8994], [74.4082, 22.9043], [74.4124, 22.9127], [74.4187, 22.9184], [74.4238, 22.9198], [74.4284, 22.9198], [74.4319, 22.9226], [74.4359, 22.9205], [74.4386, 22.9177], [74.4441, 22.9226], [74.4515, 22.924], [74.455, 22.9184], [74.4581, 22.9163], [74.4628, 22.9135], [74.4636, 22.9071], [74.4664, 22.9008], [74.4664, 22.8945], [74.4687, 22.8875], [74.4715, 22.8804], [74.4738, 22.8748], [74.4742, 22.8678], [74.4754, 22.865], [74.4789, 22.8586], [74.4719, 22.8327], [74.4688, 22.8235], [74.4649, 22.8151], [74.4595, 22.8123], [74.4517, 22.8109], [74.4439, 22.8101], [74.4392, 22.8094], [74.4388, 22.8052], [74.4408, 22.7996], [74.4404, 22.7933], [74.4392, 22.7856], [74.4353, 22.7792], [74.4311, 22.7701], [74.4252, 22.7602], [74.4206, 22.7574], [74.4171, 22.7511], [74.4144, 22.7448], [74.4085, 22.7371], [74.4031, 22.7307], [74.4008, 22.7202], [74.4012, 22.7124], [74.4008, 22.7068], [74.3969, 22.7005], [74.3969, 22.6921], [74.3942, 22.6857], [74.3899, 22.678], [74.3849, 22.6696], [74.3841, 22.6604], [74.3846, 22.6506], [74.3842, 22.6436], [74.3811, 22.6386], [74.3729, 22.6365], [74.364, 22.6365], [74.3522, 22.6393], [74.3441, 22.6421], [74.3371, 22.6407], [74.3308, 22.6435], [74.3265, 22.6421], [74.3254, 22.6386], [74.3223, 22.6365], [74.3172, 22.6365], [74.3133, 22.6386], [74.3094, 22.6393], [74.3043, 22.64], [74.2989, 22.6407], [74.2946, 22.6414], [74.2899, 22.6435], [74.2782, 22.6477], [74.2747, 22.6427], [74.2716, 22.6413], [74.2693, 22.6434], [74.2654, 22.6448], [74.2623, 22.6385], [74.2591, 22.6364], [74.2564, 22.6308], [74.2584, 22.6266], [74.2537, 22.623], [74.2499, 22.623], [74.2475, 22.6174], [74.2437, 22.6139], [74.2367, 22.6139], [74.2343, 22.6068], [74.2301, 22.597], [74.2274, 22.5907], [74.2262, 22.585], [74.2227, 22.5815], [74.2185, 22.5815], [74.2165, 22.578], [74.2138, 22.5674], [74.2096, 22.5667], [74.2033, 22.5681], [74.1994, 22.5702], [74.1901, 22.5674], [74.1952, 22.5625], [74.1952, 22.5569], [74.1917, 22.5533], [74.1843, 22.5498], [74.1789, 22.5484], [74.1727, 22.5449], [74.168, 22.5413], [74.163, 22.5371], [74.1587, 22.5343], [74.158, 22.5266], [74.1568, 22.5209], [74.1533, 22.5174], [74.1479, 22.5181], [74.1432, 22.5188], [74.1385, 22.5202], [74.1335, 22.5188], [74.13, 22.5216], [74.1276, 22.5244], [74.1248, 22.53], [74.1221, 22.5356], [74.1186, 22.5398], [74.1135, 22.5412], [74.1097, 22.5384], [74.1058, 22.5377], [74.1007, 22.5412], [74.0933, 22.5447], [74.0843, 22.5496], [74.0781, 22.5516], [74.0667, 22.5509], [74.0563, 22.5478], [74.05, 22.5456], [74.0446, 22.5421], [74.0423, 22.5372], [74.0408, 22.5302], [74.0432, 22.5238], [74.0436, 22.5168], [74.0389, 22.514], [74.0347, 22.5084], [74.0351, 22.5027], [74.0359, 22.4964], [74.0371, 22.4915], [74.0429, 22.4908], [74.0457, 22.4929], [74.0464, 22.4972], [74.0499, 22.5], [74.0546, 22.5014], [74.0561, 22.5056], [74.0588, 22.5105], [74.0619, 22.5113], [74.065, 22.5106], [74.0697, 22.5099], [74.074, 22.5106], [74.0787, 22.5092], [74.0853, 22.5085], [74.0864, 22.505], [74.0857, 22.4987], [74.0873, 22.4938], [74.0896, 22.4889], [74.0904, 22.4825], [74.0889, 22.4797], [74.0854, 22.4818], [74.0834, 22.4846], [74.0803, 22.486], [74.0788, 22.4811], [74.0784, 22.4734], [74.0781, 22.4656], [74.0858, 22.4671], [74.0905, 22.4692], [74.0952, 22.4692], [74.1002, 22.4692], [74.1033, 22.4678], [74.1061, 22.4622], [74.1057, 22.4559], [74.1023, 22.451], [74.1007, 22.4453], [74.1027, 22.4397], [74.1051, 22.4334], [74.1105, 22.4292], [74.1164, 22.4264], [74.123, 22.4208], [74.1269, 22.4201], [74.1304, 22.4215], [74.1304, 22.4251], [74.1307, 22.43], [74.1311, 22.4363], [74.1342, 22.4426], [74.1373, 22.4483], [74.1407, 22.4539], [74.1442, 22.4567], [74.1512, 22.4567], [74.1563, 22.4567], [74.1567, 22.4504], [74.156, 22.4455], [74.156, 22.4399], [74.1587, 22.435], [74.1611, 22.4322], [74.1673, 22.4322], [74.1708, 22.4336], [74.1715, 22.4378], [74.1727, 22.442], [74.1828, 22.4428], [74.1867, 22.4442], [74.1874, 22.4477], [74.1862, 22.4526], [74.1843, 22.4561], [74.1823, 22.4603], [74.1827, 22.4645], [74.1854, 22.4694], [74.1908, 22.4779], [74.1979, 22.4751], [74.2025, 22.4723], [74.2045, 22.4667], [74.2045, 22.4611], [74.2049, 22.4547], [74.2046, 22.447], [74.2046, 22.4407], [74.2046, 22.4372], [74.2116, 22.4344], [74.2163, 22.4344], [74.2166, 22.4393], [74.2186, 22.4428], [74.2236, 22.44], [74.2283, 22.44], [74.2373, 22.4393], [74.2466, 22.4365], [74.254, 22.4331], [74.2595, 22.4289], [74.2641, 22.4246], [74.2665, 22.4183], [74.27, 22.4148], [74.27, 22.4106], [74.2712, 22.405], [74.2747, 22.4036], [74.2782, 22.4029], [74.2817, 22.4001], [74.2883, 22.398], [74.2942, 22.3945], [74.2911, 22.3917], [74.2872, 22.3931], [74.2814, 22.3938], [74.2739, 22.393], [74.2685, 22.3944], [74.2635, 22.3965], [74.258, 22.4], [74.2572, 22.3951], [74.2569, 22.3902], [74.2561, 22.386], [74.253, 22.3839], [74.2495, 22.3832], [74.246, 22.3832], [74.2456, 22.3775], [74.2402, 22.3768], [74.2352, 22.3782], [74.2309, 22.3796], [74.2254, 22.3782], [74.2274, 22.3726], [74.2274, 22.3691], [74.2266, 22.3649], [74.227, 22.3585], [74.2236, 22.3578], [74.2166, 22.3578], [74.2134, 22.3592], [74.2111, 22.3627], [74.2099, 22.3662], [74.2068, 22.3676], [74.206, 22.3634], [74.2057, 22.3599], [74.2061, 22.3536], [74.2053, 22.348], [74.2022, 22.343], [74.1983, 22.343], [74.198, 22.3479], [74.1948, 22.3493], [74.1948, 22.3437], [74.1964, 22.3339], [74.1957, 22.3254], [74.1911, 22.3219], [74.1841, 22.3226], [74.1759, 22.3247], [74.1638, 22.3268], [74.1541, 22.3289], [74.1436, 22.3303], [74.1343, 22.3323], [74.1315, 22.3379], [74.1303, 22.3436], [74.1291, 22.3527], [74.1245, 22.3583], [74.1171, 22.3576], [74.1163, 22.3611], [74.1151, 22.3674], [74.112, 22.3716], [74.1053, 22.373], [74.0999, 22.373], [74.0984, 22.3688], [74.0953, 22.3624], [74.0899, 22.3624], [74.0836, 22.3624], [74.077, 22.3624], [74.072, 22.3602], [74.0708, 22.3546], [74.0716, 22.349], [74.0744, 22.3462], [74.076, 22.3413], [74.0741, 22.3364], [74.0683, 22.3307], [74.0683, 22.3258], [74.0667, 22.3174], [74.0668, 22.3111], [74.0664, 22.3054], [74.0625, 22.3068], [74.0591, 22.3054], [74.0579, 22.2998], [74.0583, 22.2935], [74.0599, 22.2907], [74.0592, 22.2857], [74.0615, 22.2808], [74.0646, 22.2759], [74.0689, 22.2724], [74.0724, 22.2689], [74.0783, 22.2682], [74.0794, 22.2633], [74.0799, 22.2584], [74.0787, 22.2528], [74.0807, 22.25], [74.0854, 22.2479], [74.0892, 22.2472], [74.0916, 22.2437], [74.0893, 22.2402], [74.0846, 22.2381], [74.0784, 22.2374], [74.0745, 22.2345], [74.0734, 22.2296], [74.0758, 22.2219], [74.0816, 22.2205], [74.0874, 22.2205], [74.0944, 22.2212], [74.1018, 22.2206], [74.1076, 22.2206], [74.1138, 22.2192], [74.1193, 22.2164], [74.1228, 22.2129], [74.1224, 22.2087], [74.1212, 22.2052], [74.1225, 22.1981], [74.1236, 22.1925], [74.1221, 22.1876], [74.1229, 22.182], [74.1241, 22.1778], [74.1249, 22.1722], [74.1265, 22.1665], [74.1319, 22.1644], [74.135, 22.1617], [74.1335, 22.1581], [74.1331, 22.1532], [74.1336, 22.1462], [74.1297, 22.1427], [74.1274, 22.1377], [74.1266, 22.1321], [74.1278, 22.1272], [74.1313, 22.1244], [74.1313, 22.1202], [74.1302, 22.1139], [74.1291, 22.1083], [74.1291, 22.1033], [74.1303, 22.0977], [74.138, 22.0985], [74.1438, 22.1013], [74.15, 22.1041], [74.1547, 22.1055], [74.1586, 22.102], [74.162, 22.1027], [74.1655, 22.1027], [74.1702, 22.1013], [74.1721, 22.0985], [74.1722, 22.0936], [74.1753, 22.0915], [74.1788, 22.0901], [74.1807, 22.0866], [74.1765, 22.0845], [74.1706, 22.0845], [74.1676, 22.0824], [74.166, 22.0781], [74.1649, 22.0739], [74.1618, 22.0711], [74.1634, 22.0641], [74.163, 22.0606], [74.1545, 22.0578], [74.1491, 22.0563], [74.1378, 22.0535], [74.1394, 22.0507], [74.144, 22.0479], [74.1452, 22.0437], [74.141, 22.0409], [74.1321, 22.0387], [74.1251, 22.0359], [74.1209, 22.0303], [74.1166, 22.0246], [74.1089, 22.0218], [74.1012, 22.0183], [74.0977, 22.0155], [74.1005, 22.0106], [74.1003, 22.0016], [74.105, 21.9989], [74.1082, 21.9984], [74.1169, 21.9986], [74.1277, 21.9938], [74.142, 21.9912], [74.1496, 21.9888], [74.1538, 21.9864], [74.1519, 21.9809], [74.1532, 21.9756], [74.1456, 21.974], [74.1434, 21.9699], [74.1453, 21.9646], [74.1489, 21.9607], [74.1447, 21.9566], [74.1382, 21.9534], [74.1136, 21.9447], [74.0987, 21.9376], [74.0715, 21.9296], [74.0616, 21.9281], [74.0564, 21.9264], [74.0467, 21.9228], [74.0356, 21.916], [74.023, 21.906], [74.0117, 21.9005], [74.0049, 21.8994], [73.9797, 21.8875], [73.9608, 21.876], [73.9492, 21.8703], [73.9364, 21.8632], [73.9219, 21.8566], [73.9067, 21.8536], [73.8995, 21.8545], [73.8796, 21.8386], [73.8637, 21.8367], [73.8415, 21.8385], [73.8279, 21.8349], [73.8162, 21.8286], [73.8105, 21.8233], [73.8136, 21.8101], [73.8176, 21.8085], [73.8276, 21.8119], [73.8321, 21.8108], [73.8335, 21.8052], [73.8389, 21.8002], [73.8342, 21.7966], [73.8357, 21.7935], [73.845, 21.7907], [73.8441, 21.7871], [73.8384, 21.7841], [73.8429, 21.7721], [73.8413, 21.7687], [73.8312, 21.7629], [73.8464, 21.742], [73.8563, 21.7346], [73.8603, 21.733], [73.8651, 21.7294], [73.8712, 21.7219], [73.8783, 21.7169], [73.885, 21.7144], [73.8902, 21.7106], [73.894, 21.7031], [73.8964, 21.7003], [73.8981, 21.6673], [73.8944, 21.6571], [73.8913, 21.6515], [73.8856, 21.6451], [73.8703, 21.6388], [73.8603, 21.6418], [73.853, 21.6359], [73.8452, 21.6332], [73.8385, 21.6354], [73.829, 21.6398], [73.8088, 21.6357], [73.8001, 21.6346], [73.7909, 21.6288], [73.7876, 21.6251], [73.7895, 21.6209], [73.8068, 21.6024], [73.8185, 21.6023], [73.8232, 21.6007], [73.8291, 21.5729], [73.8338, 21.5535], [73.8402, 21.5369], [73.845, 21.5216], [73.8499, 21.511], [73.854, 21.5073], [73.8608, 21.4958], [73.8703, 21.4973], [73.8768, 21.5012], [73.8802, 21.5079], [73.8826, 21.5098], [73.8866, 21.5047], [73.8971, 21.506], [73.9036, 21.5088], [73.91, 21.5133], [73.9105, 21.5202], [73.9261, 21.5196], [73.931, 21.523], [73.9361, 21.5224], [73.9394, 21.5101], [73.9536, 21.5158], [73.9573, 21.5165], [73.9611, 21.5193], [73.9628, 21.5379], [73.9663, 21.5391], [73.9699, 21.5386], [73.9734, 21.5314], [73.9745, 21.5241], [73.9822, 21.5218], [73.9857, 21.5214], [73.9825, 21.5357], [73.9818, 21.5398], [74.0053, 21.5408], [74.0191, 21.5505], [74.0256, 21.5526], [74.0417, 21.5513], [74.0472, 21.5497], [74.0543, 21.5522], [74.0591, 21.5557], [74.0626, 21.5574], [74.0663, 21.5589], [74.0698, 21.5595], [74.0729, 21.5595], [74.0762, 21.5594], [74.0792, 21.5592], [74.0832, 21.5587], [74.0868, 21.5571], [74.0907, 21.5566], [74.0942, 21.5567], [74.0976, 21.557], [74.1006, 21.5573], [74.1037, 21.5576], [74.1077, 21.558], [74.1116, 21.5582], [74.1155, 21.5574], [74.1192, 21.5559], [74.1232, 21.556], [74.1263, 21.5564], [74.1294, 21.5568], [74.1324, 21.557], [74.1361, 21.5567], [74.1381, 21.5535], [74.1407, 21.5509], [74.1438, 21.5504], [74.1468, 21.5504], [74.1498, 21.5507], [74.1528, 21.5512], [74.1563, 21.5527], [74.1585, 21.5559], [74.1606, 21.5581], [74.1639, 21.5599], [74.1678, 21.5607], [74.1708, 21.5612], [74.1738, 21.5615], [74.1769, 21.5617], [74.1808, 21.5618], [74.1839, 21.5612], [74.1868, 21.5589], [74.1874, 21.5551], [74.1886, 21.5515], [74.1907, 21.5482], [74.1932, 21.5454], [74.196, 21.5426], [74.198, 21.5394], [74.1987, 21.5357], [74.1993, 21.5319], [74.2021, 21.5296], [74.2052, 21.5292], [74.208, 21.5309], [74.2111, 21.5324], [74.2144, 21.5341], [74.2167, 21.5367], [74.2197, 21.537], [74.2228, 21.5372], [74.226, 21.5376], [74.2286, 21.5398], [74.23, 21.543], [74.2325, 21.5448], [74.2332, 21.5483], [74.2361, 21.5496], [74.2392, 21.5503], [74.2419, 21.5483], [74.2443, 21.5455], [74.2473, 21.5452], [74.2494, 21.5428], [74.2514, 21.5399], [74.2541, 21.537], [74.2578, 21.5358], [74.261, 21.5353], [74.2643, 21.535], [74.2674, 21.5351], [74.2709, 21.536], [74.273, 21.5386], [74.2739, 21.5415], [74.2747, 21.5446], [74.2765, 21.5478], [74.2795, 21.5484], [74.2828, 21.5498], [74.284, 21.5535], [74.2866, 21.5555], [74.29, 21.5564], [74.2926, 21.559], [74.2957, 21.5591], [74.2989, 21.559], [74.3019, 21.5592], [74.3045, 21.5613], [74.3053, 21.5643], [74.3081, 21.5671], [74.3113, 21.5661], [74.3125, 21.5633], [74.3135, 21.5597], [74.3139, 21.5566], [74.314, 21.553], [74.3141, 21.5491], [74.3146, 21.5455], [74.3167, 21.5426], [74.3197, 21.5415], [74.3236, 21.5411], [74.3273, 21.5411], [74.3307, 21.5412], [74.3355, 21.5402], [74.3334, 21.5198], [74.3321, 21.514], [74.3313, 21.5104], [74.3304, 21.5067], [74.3295, 21.5031], [74.3286, 21.4994], [74.3277, 21.4958], [74.3244, 21.4938], [74.3206, 21.4927], [74.3168, 21.4916], [74.3134, 21.4896], [74.3117, 21.4863], [74.3106, 21.4827], [74.3078, 21.4801], [74.304, 21.4789], [74.3001, 21.4782], [74.2961, 21.4779], [74.2921, 21.4776], [74.2881, 21.4773], [74.2841, 21.477], [74.2802, 21.4765], [74.2762, 21.4761], [74.2722, 21.4756], [74.2684, 21.4747], [74.265, 21.4728], [74.2644, 21.4692], [74.2632, 21.4657], [74.2595, 21.4643], [74.2556, 21.4633], [74.2517, 21.4629], [74.2477, 21.4631], [74.2443, 21.4649], [74.2427, 21.4683], [74.2417, 21.472], [74.2406, 21.4756], [74.2387, 21.4784], [74.235, 21.4797], [74.231, 21.4798], [74.2271, 21.4792], [74.2237, 21.4773], [74.2229, 21.4737], [74.2232, 21.4699], [74.2237, 21.4662], [74.2238, 21.4624], [74.2226, 21.459], [74.2187, 21.459], [74.2148, 21.4596], [74.2108, 21.4602], [74.2068, 21.4599], [74.2029, 21.4594], [74.1994, 21.4609], [74.1966, 21.4636], [74.1933, 21.4656], [74.1895, 21.4668], [74.1855, 21.467], [74.1827, 21.4644], [74.1802, 21.4616], [74.1765, 21.4615], [74.1733, 21.4635], [74.1693, 21.4634], [74.1672, 21.4604], [74.1652, 21.4575], [74.1616, 21.4568], [74.1605, 21.4534], [74.1565, 21.4531], [74.1525, 21.4536], [74.1486, 21.4541], [74.1447, 21.4547], [74.1426, 21.4577], [74.1419, 21.461], [74.1389, 21.463], [74.1349, 21.4636], [74.1309, 21.4637], [74.127, 21.4632], [74.1233, 21.4617], [74.1226, 21.4581], [74.1229, 21.4544], [74.1225, 21.4507], [74.1189, 21.4493], [74.1149, 21.4486], [74.111, 21.4481], [74.107, 21.4481], [74.1056, 21.4511], [74.1037, 21.4539], [74.0998, 21.4545], [74.0958, 21.455], [74.0919, 21.4555], [74.0879, 21.456], [74.0839, 21.4565], [74.08, 21.4572], [74.077, 21.4593], [74.0774, 21.4631], [74.0775, 21.4668], [74.077, 21.4705], [74.0753, 21.4739], [74.073, 21.477], [74.0704, 21.4799], [74.0672, 21.4819], [74.0667, 21.4774], [74.0662, 21.4737], [74.065, 21.4702], [74.0633, 21.4668], [74.0608, 21.4624], [74.0589, 21.4591], [74.0572, 21.4557], [74.0557, 21.4522], [74.0547, 21.4486], [74.0543, 21.4449], [74.0542, 21.4411], [74.0537, 21.4374], [74.0532, 21.4337], [74.0525, 21.43], [74.0516, 21.4263], [74.0505, 21.4227], [74.0485, 21.4194], [74.0448, 21.4185], [74.0408, 21.419], [74.0369, 21.4197], [74.0329, 21.4196], [74.0291, 21.4186], [74.0253, 21.4175], [74.0213, 21.417], [74.0177, 21.4186], [74.0141, 21.417], [74.0111, 21.4145], [74.0077, 21.4126], [73.9888, 21.4045], [73.9853, 21.4019], [73.9816, 21.3973], [73.9774, 21.395], [73.9719, 21.3948], [73.9687, 21.3921], [73.9619, 21.3931], [73.9555, 21.4025], [73.9556, 21.39], [73.9553, 21.3743], [73.9566, 21.3616], [73.957, 21.3445], [73.952, 21.3306], [73.9513, 21.315], [73.9502, 21.3081], [73.9485, 21.2976], [73.9336, 21.2853], [73.9235, 21.281], [73.892, 21.2624], [73.8843, 21.2626], [73.8717, 21.2674], [73.8584, 21.27], [73.8321, 21.2675], [73.8322, 21.2583], [73.8365, 21.2458], [73.8363, 21.2423], [73.8275, 21.2331], [73.8232, 21.2276], [73.8201, 21.2219], [73.8184, 21.2137], [73.8186, 21.2086], [73.8188, 21.2039], [73.8195, 21.1996], [73.8213, 21.1953], [73.8341, 21.1972], [73.8323, 21.1854], [73.8292, 21.1823], [73.8225, 21.1719], [73.8179, 21.1714], [73.8121, 21.1721], [73.8075, 21.1746], [73.8025, 21.1786], [73.7963, 21.1817], [73.7911, 21.1762], [73.7898, 21.1687], [73.7872, 21.1663], [73.7837, 21.1651], [73.7797, 21.1646], [73.7531, 21.1682], [73.7416, 21.1671], [73.7408, 21.1604], [73.7462, 21.1548], [73.748, 21.1515], [73.746, 21.1476], [73.7398, 21.1402], [73.7367, 21.1383], [73.7224, 21.1392], [73.7171, 21.1417], [73.7132, 21.1505], [73.6982, 21.1501], [73.6894, 21.1512], [73.6813, 21.1521], [73.6746, 21.151], [73.6715, 21.1451], [73.6364, 21.1327], [73.639, 21.1473], [73.6375, 21.1531], [73.6197, 21.1579], [73.6147, 21.1635], [73.6138, 21.168], [73.6142, 21.1725], [73.6132, 21.1761], [73.6099, 21.1767], [73.6069, 21.1785], [73.5982, 21.1747], [73.5883, 21.1679], [73.5888, 21.1609], [73.5875, 21.1567], [73.5923, 21.1529], [73.5967, 21.1527], [73.6003, 21.1543], [73.6049, 21.1551], [73.6115, 21.1545], [73.6135, 21.1504], [73.6142, 21.147], [73.6189, 21.1442], [73.6291, 21.1417], [73.6263, 21.1398], [73.6236, 21.138], [73.6287, 21.1201], [73.638, 21.1217], [73.6455, 21.123], [73.6492, 21.1227], [73.653, 21.1225], [73.6577, 21.1211], [73.6599, 21.1084], [73.6789, 21.1093], [73.6894, 21.106], [73.6934, 21.101], [73.7032, 21.109], [73.7106, 21.119], [73.709, 21.1123], [73.7148, 21.1072], [73.7358, 21.1032], [73.7389, 21.1013], [73.7434, 21.1083], [73.7526, 21.1141], [73.7495, 21.1077], [73.7391, 21.0948], [73.7405, 21.0849], [73.7422, 21.0816], [73.7408, 21.0729], [73.7437, 21.0642], [73.7422, 21.0555], [73.7476, 21.04], [73.757, 21.0392], [73.763, 21.0386], [73.7661, 21.0401], [73.7756, 21.0276], [73.7739, 21.0216], [73.7694, 21.0145], [73.7749, 21.0104], [73.7847, 21.0196], [73.7938, 21.0198], [73.8077, 21.0226], [73.8121, 21.0107], [73.814, 21.0008], [73.8164, 20.9961], [73.8205, 20.995], [73.8275, 20.9961], [73.8377, 20.9948], [73.8408, 20.9931], [73.8468, 20.994], [73.8501, 21.0014], [73.8538, 20.9991], [73.8572, 20.9977], [73.8727, 20.9907], [73.8792, 20.9865], [73.8986, 20.9822], [73.9064, 20.9831], [73.9112, 20.9754], [73.914, 20.97], [73.9154, 20.9648], [73.9112, 20.9624], [73.9018, 20.9617], [73.8969, 20.9526], [73.8951, 20.9465], [73.895, 20.9401], [73.8963, 20.933], [73.904, 20.9254], [73.9096, 20.9214], [73.9122, 20.9179], [73.9168, 20.9151], [73.9203, 20.9112], [73.9227, 20.9077], [73.9244, 20.9028], [73.9273, 20.8991], [73.931, 20.8859], [73.9312, 20.8766], [73.9297, 20.8689], [73.9317, 20.8647], [73.9301, 20.8601], [73.9316, 20.8525], [73.9311, 20.8484], [73.9337, 20.845], [73.9451, 20.8401], [73.9476, 20.8294], [73.9476, 20.8251], [73.9463, 20.8187], [73.9402, 20.8089], [73.9411, 20.8038], [73.9381, 20.7897], [73.9406, 20.7689], [73.9383, 20.7608], [73.9472, 20.7608], [73.9475, 20.7525], [73.9452, 20.7493], [73.9485, 20.7467], [73.9495, 20.7423], [73.936, 20.7315], [73.9351, 20.7346], [73.9276, 20.7304], [73.9209, 20.7235], [73.9088, 20.7252], [73.9038, 20.7306], [73.8889, 20.7311], [73.8856, 20.7296], [73.8819, 20.7269], [73.8773, 20.7213], [73.8736, 20.7077], [73.8636, 20.6943], [73.8428, 20.7021], [73.8392, 20.7019], [73.8336, 20.6996], [73.8287, 20.6965], [73.8226, 20.6938], [73.8254, 20.6736], [73.8343, 20.6735], [73.8415, 20.6751], [73.8454, 20.6671], [73.8471, 20.6564], [73.8435, 20.6503], [73.8431, 20.6444], [73.8464, 20.6235], [73.8383, 20.6158], [73.8339, 20.6141], [73.8307, 20.6149], [73.8254, 20.614], [73.8166, 20.6094], [73.806, 20.6015], [73.8024, 20.6058], [73.7927, 20.6043], [73.7871, 20.6023], [73.7814, 20.5951], [73.78, 20.5919], [73.7757, 20.5888], [73.7691, 20.5872], [73.7639, 20.5833], [73.7482, 20.5674], [73.7415, 20.5726], [73.7377, 20.574], [73.729, 20.5741], [73.7243, 20.5758], [73.7199, 20.5763], [73.7096, 20.5745], [73.701, 20.5784], [73.6924, 20.5754], [73.6855, 20.5717], [73.6814, 20.5677], [73.6762, 20.5642], [73.6707, 20.5623], [73.6658, 20.5628], [73.6619, 20.5657], [73.6571, 20.5722], [73.6509, 20.5764], [73.6471, 20.5775], [73.6433, 20.5772], [73.6395, 20.5779], [73.6368, 20.5793], [73.6345, 20.5823], [73.6351, 20.5917], [73.6322, 20.6022], [73.6304, 20.606], [73.6295, 20.6123], [73.6259, 20.6211], [73.6222, 20.6253], [73.6073, 20.6363], [73.6028, 20.6379], [73.5912, 20.6451], [73.5842, 20.6479], [73.5742, 20.6511], [73.5673, 20.6479], [73.5629, 20.6474], [73.5537, 20.6553], [73.5448, 20.6692], [73.5384, 20.6739], [73.5304, 20.6731], [73.527, 20.6701], [73.5252, 20.6671], [73.52, 20.6663], [73.5178, 20.6701], [73.5123, 20.663], [73.5079, 20.6586], [73.5009, 20.6527], [73.4955, 20.6627], [73.4934, 20.6656], [73.4895, 20.6696], [73.4878, 20.6721], [73.4874, 20.6756], [73.4892, 20.6785], [73.4921, 20.6803], [73.4972, 20.681], [73.4973, 20.686], [73.4938, 20.6895], [73.4934, 20.6943], [73.4887, 20.7066], [73.4842, 20.7091], [73.4826, 20.7172], [73.4805, 20.7197], [73.4752, 20.7217], [73.4587, 20.7143], [73.4537, 20.7105], [73.4473, 20.7011], [73.4565, 20.6934], [73.4545, 20.6861], [73.4529, 20.683], [73.4501, 20.6808], [73.4436, 20.678], [73.4433, 20.6744], [73.4399, 20.6648], [73.4355, 20.6624], [73.4304, 20.6609], [73.4192, 20.6605], [73.4175, 20.6579], [73.415, 20.656], [73.4098, 20.655], [73.4036, 20.6524], [73.4016, 20.6492], [73.4027, 20.6426], [73.4113, 20.6386], [73.4147, 20.6357], [73.418, 20.6305], [73.4151, 20.6281], [73.4276, 20.6245], [73.4308, 20.6205], [73.4338, 20.6147], [73.4391, 20.6013], [73.4375, 20.5975], [73.4404, 20.5951], [73.4548, 20.5946], [73.4686, 20.5888], [73.4767, 20.5863], [73.4808, 20.5836], [73.4837, 20.5784], [73.4858, 20.5641], [73.4818, 20.5434], [73.4933, 20.5422], [73.5007, 20.5402], [73.4973, 20.5362], [73.4847, 20.5257], [73.4769, 20.522], [73.4738, 20.5153], [73.4741, 20.5011], [73.4759, 20.495], [73.4698, 20.4923], [73.4667, 20.4883], [73.4652, 20.4842], [73.4611, 20.4781], [73.4559, 20.4754], [73.452, 20.4714], [73.449, 20.4667], [73.4379, 20.4457], [73.4359, 20.4361], [73.4308, 20.4288], [73.4293, 20.42], [73.4297, 20.4144], [73.4229, 20.4143], [73.4163, 20.4107], [73.4158, 20.4062], [73.4131, 20.4078], [73.4088, 20.4042], [73.4076, 20.3963], [73.3977, 20.3992], [73.3914, 20.3902], [73.3903, 20.3802], [73.3916, 20.3729], [73.3981, 20.3747], [73.4031, 20.3818], [73.4077, 20.3839], [73.412, 20.3835], [73.4148, 20.3816], [73.4217, 20.3556], [73.4234, 20.3521], [73.4237, 20.3418], [73.4254, 20.3377], [73.4253, 20.3207], [73.4261, 20.3159], [73.4285, 20.3119], [73.4308, 20.298], [73.4369, 20.2821], [73.4362, 20.279], [73.4246, 20.2768], [73.4231, 20.2737], [73.4244, 20.2691], [73.4218, 20.2636], [73.4204, 20.257], [73.4216, 20.2537], [73.4223, 20.2481], [73.4203, 20.2423], [73.4228, 20.2368], [73.4224, 20.2318], [73.4261, 20.2236], [73.4279, 20.2154], [73.4303, 20.2123], [73.4299, 20.2062], [73.4268, 20.2016], [73.4168, 20.2003], [73.4092, 20.2005], [73.4055, 20.198], [73.4028, 20.195], [73.3981, 20.196], [73.3963, 20.2016], [73.3974, 20.2059], [73.3953, 20.2092], [73.3885, 20.2063], [73.3837, 20.2024], [73.3763, 20.2053], [73.3759, 20.195], [73.3669, 20.1963], [73.3648, 20.201], [73.3676, 20.2094], [73.3676, 20.2134], [73.3618, 20.212], [73.3593, 20.2091], [73.3572, 20.2025], [73.3548, 20.1996], [73.3481, 20.1991], [73.3364, 20.2041], [73.3279, 20.2025], [73.3205, 20.2043], [73.3142, 20.2077], [73.3111, 20.2072], [73.2982, 20.1962], [73.2949, 20.1962], [73.2937, 20.186], [73.2907, 20.1774], [73.2932, 20.1622], [73.2936, 20.1539], [73.2891, 20.1496], [73.2835, 20.1458], [73.2685, 20.1393], [73.265, 20.1338], [73.2628, 20.128], [73.2595, 20.1246], [73.2561, 20.1279], [73.2439, 20.129], [73.2381, 20.1281], [73.2369, 20.1369], [73.2355, 20.141], [73.2305, 20.1377], [73.2295, 20.1332], [73.2303, 20.1282], [73.2267, 20.1226], [73.2215, 20.1208], [73.2163, 20.122], [73.211, 20.1236], [73.2007, 20.1297], [73.196, 20.1399], [73.1953, 20.1509], [73.1961, 20.1561], [73.1992, 20.1616], [73.2178, 20.1681], [73.2221, 20.1714], [73.2267, 20.1764], [73.2283, 20.1801], [73.2292, 20.1843], [73.2278, 20.187], [73.2194, 20.1904], [73.2162, 20.1928], [73.2099, 20.1974], [73.2044, 20.1983], [73.1959, 20.1975], [73.1913, 20.1986], [73.1885, 20.2006], [73.1811, 20.2024], [73.1802, 20.2086], [73.173, 20.2013], [73.169, 20.1997], [73.1635, 20.2015], [73.1536, 20.2022], [73.1498, 20.2056], [73.1458, 20.207], [73.1422, 20.2044], [73.146, 20.1874], [73.1484, 20.1855], [73.1521, 20.1797], [73.1524, 20.1761], [73.1501, 20.1728], [73.147, 20.1711], [73.1395, 20.1731], [73.1358, 20.1723], [73.1326, 20.1678], [73.1261, 20.1636], [73.128, 20.1571], [73.1249, 20.1567], [73.1197, 20.1591], [73.113, 20.1584], [73.1091, 20.1592], [73.1051, 20.16], [73.1018, 20.1641], [73.0995, 20.1726], [73.0962, 20.1742], [73.0899, 20.1704], [73.0879, 20.1658], [73.0865, 20.157], [73.0824, 20.1566], [73.0755, 20.1601], [73.0724, 20.1635], [73.0742, 20.1773], [73.0744, 20.1925], [73.073, 20.1961], [73.0703, 20.1975], [73.0666, 20.1979], [73.0642, 20.2032], [73.0704, 20.2215], [73.0769, 20.2298], [73.0819, 20.2328], [73.0875, 20.234], [73.1019, 20.2289], [73.1105, 20.2321], [73.1085, 20.2386], [73.1133, 20.2442], [73.1246, 20.2567], [73.128, 20.2585], [73.1368, 20.2605], [73.141, 20.2652], [73.1426, 20.2686], [73.1427, 20.2753], [73.1463, 20.2805], [73.1499, 20.2801], [73.1525, 20.2767], [73.1543, 20.2793], [73.1551, 20.2824], [73.1552, 20.2854], [73.1582, 20.2905], [73.1613, 20.2918], [73.1654, 20.287], [73.1668, 20.2834], [73.172, 20.2825], [73.1758, 20.2842], [73.1789, 20.2865], [73.1795, 20.2899], [73.177, 20.3009], [73.1771, 20.3076], [73.178, 20.3107], [73.1707, 20.3105], [73.1684, 20.3138], [73.1655, 20.3159], [73.1614, 20.3172], [73.1524, 20.3175], [73.1473, 20.3168], [73.1418, 20.3175], [73.1402, 20.3147], [73.1393, 20.3096], [73.1343, 20.3053], [73.1291, 20.3058], [73.1157, 20.304], [73.1144, 20.3106], [73.1189, 20.3262], [73.122, 20.3329], [73.1215, 20.3364], [73.118, 20.3429], [73.1164, 20.3472], [73.1142, 20.3528], [73.1114, 20.3561], [73.1074, 20.3607], [73.1034, 20.3604], [73.1013, 20.356], [73.0992, 20.3399], [73.0974, 20.3351], [73.0909, 20.3268], [73.0863, 20.3261], [73.0827, 20.3291], [73.0753, 20.3296], [73.0715, 20.3272], [73.0667, 20.3261], [73.062, 20.3257], [73.0551, 20.3252], [73.0505, 20.323], [73.0477, 20.3166], [73.0476, 20.3045], [73.0459, 20.2924], [73.042, 20.2902], [73.0373, 20.2906], [73.0298, 20.2923], [73.0265, 20.2941], [73.027, 20.3038], [73.0247, 20.3128], [73.0223, 20.3159], [73.0176, 20.3155], [73.0205, 20.3075], [73.0206, 20.3021], [73.0222, 20.2971], [73.0218, 20.2927], [73.0173, 20.2905], [73.0105, 20.2924], [73.0036, 20.2931], [72.9905, 20.2921], [72.9895, 20.2775], [72.9878, 20.2747], [72.9841, 20.2717], [72.9801, 20.2707], [72.9745, 20.2718], [72.9698, 20.2747], [72.9575, 20.2877], [72.9508, 20.292], [72.946, 20.2934], [72.9414, 20.2921], [72.9381, 20.288], [72.9303, 20.284], [72.9246, 20.2787], [72.9223, 20.2744], [72.9238, 20.2682], [72.9408, 20.2468], [72.9437, 20.2449], [72.9515, 20.2436], [72.9578, 20.2412], [72.9653, 20.2372], [72.9696, 20.2339], [72.9745, 20.2258], [72.9754, 20.2192], [72.9744, 20.215], [72.9704, 20.2123], [72.9608, 20.214], [72.951, 20.216], [72.9418, 20.2178], [72.9284, 20.2234], [72.9222, 20.2236], [72.9168, 20.2248], [72.9109, 20.2261], [72.9054, 20.2262], [72.8998, 20.2217], [72.8887, 20.2258], [72.8843, 20.2266], [72.8745, 20.2258], [72.8719, 20.2226], [72.8729, 20.2125], [72.872, 20.2082], [72.8644, 20.2086], [72.8551, 20.2091], [72.8503, 20.2079], [72.8461, 20.2036], [72.8441, 20.1978], [72.8457, 20.1941], [72.8491, 20.1909], [72.8435, 20.19], [72.8373, 20.1887], [72.8346, 20.1858], [72.8288, 20.1566], [72.8342, 20.1497], [72.8353, 20.1446], [72.8323, 20.144], [72.826, 20.1463], [72.8159, 20.1533], [72.812, 20.1524], [72.8054, 20.15], [72.8021, 20.1485], [72.8007, 20.1453], [72.8013, 20.1378], [72.8052, 20.127], [72.8018, 20.125], [72.7945, 20.1282], [72.7876, 20.1301], [72.7745, 20.1308], [72.7618, 20.1315], [72.7546, 20.133], [72.7483, 20.1344], [72.7411, 20.136], [72.7376, 20.1365], [72.7382, 20.1396], [72.739, 20.1438], [72.7396, 20.1471], [72.7401, 20.1501], [72.7404, 20.1532], [72.7407, 20.1585], [72.7412, 20.1638], [72.7421, 20.1685], [72.7429, 20.1724], [72.7432, 20.1782], [72.7426, 20.1829], [72.744, 20.1863], [72.7451, 20.1899], [72.7457, 20.1929], [72.746, 20.1971], [72.7471, 20.2007], [72.7482, 20.2043], [72.7479, 20.2085], [72.7468, 20.2132], [72.7462, 20.2168], [72.746, 20.2218], [72.7454, 20.2276], [72.7454, 20.2313], [72.7438, 20.234], [72.7421, 20.2365], [72.741, 20.2393], [72.7404, 20.2429], [72.7421, 20.246], [72.7435, 20.2488], [72.7457, 20.251], [72.7479, 20.2532], [72.7499, 20.256], [72.7513, 20.2588], [72.7518, 20.2621], [72.7532, 20.2649], [72.7535, 20.2693], [72.754, 20.274], [72.7543, 20.2785], [72.7546, 20.2824], [72.7549, 20.2854], [72.7551, 20.289], [72.7557, 20.2921], [72.7576, 20.2946], [72.7601, 20.2962], [72.7618, 20.2993], [72.7649, 20.2999], [72.7682, 20.2993], [72.7707, 20.3012], [72.7732, 20.3029], [72.7749, 20.3065], [72.7743, 20.3118], [72.7746, 20.3151], [72.7749, 20.3199], [72.7746, 20.3251], [72.7749, 20.3285], [72.7754, 20.3321], [72.7779, 20.334], [72.779, 20.3368], [72.7807, 20.3393], [72.7832, 20.3413], [72.7849, 20.3443], [72.7868, 20.3468], [72.7888, 20.3493], [72.7918, 20.351], [72.7949, 20.3515], [72.801, 20.3507], [72.8043, 20.3513], [72.8074, 20.3524], [72.8099, 20.3543], [72.8124, 20.3563], [72.8146, 20.3585], [72.8168, 20.3607], [72.8185, 20.3637], [72.8201, 20.3662], [72.8226, 20.3682], [72.8215, 20.3711], [72.8313, 20.3687], [72.8425, 20.3992], [72.843, 20.4031], [72.8451, 20.4071], [72.8511, 20.4082], [72.8608, 20.4032], [72.8701, 20.3912], [72.8721, 20.3822], [72.8755, 20.381], [72.8745, 20.3935], [72.8701, 20.4019], [72.8689, 20.4059], [72.862, 20.4105], [72.852, 20.412], [72.846, 20.4148], [72.8428, 20.4164], [72.8392, 20.4185], [72.8371, 20.4223], [72.8366, 20.4284], [72.8382, 20.4373], [72.8422, 20.445], [72.8443, 20.4484], [72.8487, 20.4533], [72.8624, 20.4623], [72.8659, 20.4675], [72.8601, 20.471], [72.8613, 20.4757], [72.8621, 20.479], [72.8637, 20.4815], [72.8651, 20.4843], [72.8668, 20.4868], [72.8688, 20.4894], [72.8707, 20.4918], [72.8732, 20.494], [72.8763, 20.4946], [72.8796, 20.4957], [72.8826, 20.4976], [72.8846, 20.4999], [72.8851, 20.5029], [72.8857, 20.506], [72.8868, 20.5129], [72.8876, 20.519], [72.8876, 20.5226], [72.8865, 20.5285], [72.8882, 20.531], [72.8913, 20.5307], [72.8913, 20.5338], [72.8887, 20.536], [72.8863, 20.5378], [72.8854, 20.5407], [72.8851, 20.5462], [72.886, 20.5493], [72.8868, 20.5532], [72.8885, 20.5563], [72.8899, 20.559], [72.8915, 20.5615], [72.8932, 20.564], [72.8954, 20.5663], [72.8962, 20.5693], [72.8971, 20.5732], [72.8976, 20.5765], [72.8974, 20.5796], [72.8976, 20.5871], [72.8968, 20.5913], [72.8957, 20.5946], [72.8951, 20.5985], [72.894, 20.6018], [72.8932, 20.6065], [72.8921, 20.6096], [72.891, 20.6146], [72.8901, 20.6176], [72.889, 20.6212], [72.8879, 20.624], [72.8871, 20.6274], [72.8865, 20.631], [72.8913, 20.6318], [72.8893, 20.6343], [72.8868, 20.636], [72.8868, 20.6415], [72.8857, 20.6443], [72.8835, 20.6421], [72.881, 20.6438], [72.8787, 20.646], [72.8768, 20.6485], [72.8754, 20.6513], [72.8746, 20.6549], [72.8732, 20.6576], [72.8726, 20.661], [72.8718, 20.6643], [72.871, 20.6693], [72.8699, 20.6721], [72.869, 20.6757], [72.8679, 20.6799], [72.8671, 20.6837], [72.8657, 20.6868], [72.8649, 20.6901], [72.8637, 20.6932], [72.8626, 20.6963], [72.8615, 20.6996], [72.8607, 20.7026], [72.8596, 20.7063], [72.8587, 20.7096], [72.8576, 20.7126], [72.8565, 20.7154], [72.8557, 20.719], [72.8549, 20.7226], [72.8543, 20.7265], [72.8538, 20.7296], [72.8529, 20.7326], [72.8521, 20.7379], [72.8518, 20.741], [72.8512, 20.7446], [72.854, 20.7435], [72.8557, 20.741], [72.8576, 20.7385], [72.8599, 20.7362], [72.8629, 20.736], [72.8671, 20.7351], [72.8696, 20.7332], [72.874, 20.7343], [72.8774, 20.736], [72.8801, 20.7376], [72.8846, 20.7382], [72.8887, 20.7388], [72.8879, 20.7418], [72.8882, 20.746], [72.886, 20.7432], [72.881, 20.7421], [72.8774, 20.7443], [72.874, 20.7449], [72.871, 20.746], [72.8685, 20.7476], [72.8662, 20.7504], [72.8646, 20.7532], [72.8624, 20.7554], [72.8621, 20.7588], [72.8613, 20.7618], [72.8593, 20.7643], [72.8568, 20.766], [72.8535, 20.7665], [72.8499, 20.7676], [72.8471, 20.7687], [72.8449, 20.7713], [72.8426, 20.7735], [72.8412, 20.7763], [72.8385, 20.7779], [72.8368, 20.7804], [72.8346, 20.7835], [72.8363, 20.7868], [72.8354, 20.7907], [72.8379, 20.7926], [72.8376, 20.796], [72.8399, 20.7988], [72.8426, 20.7974], [72.8474, 20.7985], [72.8504, 20.7982], [72.8485, 20.8007], [72.8471, 20.8033], [72.8435, 20.8035], [72.8407, 20.8048], [72.8376, 20.8049], [72.8346, 20.8049], [72.8324, 20.8071], [72.8299, 20.809], [72.8279, 20.8118], [72.826, 20.8143], [72.8257, 20.8179], [72.8246, 20.8207], [72.8235, 20.824], [72.8224, 20.8268], [72.8215, 20.8299], [72.8204, 20.8329], [72.8193, 20.8357], [72.8185, 20.8388], [72.8174, 20.8418], [72.816, 20.8446], [72.8146, 20.8479], [72.8135, 20.8507], [72.8121, 20.8535], [72.811, 20.8571], [72.8096, 20.8601], [72.8082, 20.8629], [72.8068, 20.8657], [72.8054, 20.8687], [72.804, 20.8718], [72.8026, 20.8746], [72.8012, 20.8785], [72.7999, 20.8815], [72.7985, 20.8843], [72.7968, 20.8868], [72.7954, 20.8896], [72.794, 20.8924], [72.7926, 20.8951], [72.7915, 20.8979], [72.7913, 20.9013], [72.7907, 20.9043], [72.7904, 20.9132], [72.7893, 20.9165], [72.7874, 20.919], [72.786, 20.9218], [72.7868, 20.9249], [72.7857, 20.9279], [72.7868, 20.9307], [72.7896, 20.9321], [72.794, 20.9315], [72.7943, 20.9357], [72.7901, 20.9382], [72.7888, 20.941], [72.7913, 20.9432], [72.7937, 20.9451], [72.7904, 20.9443], [72.7876, 20.9429], [72.7846, 20.9421], [72.781, 20.9413], [72.7782, 20.9401], [72.7749, 20.9385], [72.7726, 20.9365], [72.7712, 20.9337], [72.7715, 20.9257], [72.771, 20.9215], [72.7724, 20.9182], [72.7774, 20.9171], [72.7732, 20.9154], [72.7707, 20.9171], [72.7685, 20.9193], [72.7668, 20.9218], [72.7654, 20.9251], [72.7637, 20.9279], [72.7618, 20.9304], [72.7601, 20.9329], [72.7588, 20.9357], [72.7571, 20.9382], [72.7554, 20.9407], [72.754, 20.9435], [72.7524, 20.9465], [72.7513, 20.9493], [72.7501, 20.9521], [72.749, 20.9554], [72.7476, 20.9582], [72.7465, 20.9612], [72.7454, 20.9649], [72.7443, 20.9679], [72.7435, 20.971], [72.7421, 20.974], [72.7412, 20.9776], [72.7396, 20.9807], [72.7385, 20.9837], [72.7374, 20.9865], [72.7368, 20.9899], [72.7357, 20.9935], [72.7349, 20.9971], [72.734, 21.0001], [72.734, 21.0051], [72.7329, 21.0082], [72.7318, 21.0118], [72.731, 21.016], [72.7296, 21.0188], [72.7282, 21.0215], [72.7276, 21.0254], [72.7265, 21.0293], [72.7251, 21.0321], [72.7243, 21.036], [72.7237, 21.0404], [72.7246, 21.044], [72.7237, 21.0474], [72.724, 21.0504], [72.726, 21.0529], [72.729, 21.0521], [72.7312, 21.0499], [72.7337, 21.0482], [72.7379, 21.0474], [72.741, 21.0485], [72.744, 21.0501], [72.7476, 21.0507], [72.7515, 21.0512], [72.7607, 21.0518], [72.7604, 21.0549], [72.7629, 21.0571], [72.7663, 21.0582], [72.7685, 21.061], [72.7693, 21.0643], [72.7699, 21.0674], [72.7668, 21.0679], [72.7637, 21.0665], [72.7607, 21.0651], [72.7576, 21.0632], [72.7521, 21.0621], [72.7482, 21.0629], [72.7451, 21.0643], [72.7424, 21.0663], [72.739, 21.0671], [72.7357, 21.0682], [72.7326, 21.0693], [72.7293, 21.0701], [72.7265, 21.0713], [72.7229, 21.0718], [72.7188, 21.0726], [72.7113, 21.0732], [72.7076, 21.0732], [72.7049, 21.0746], [72.7038, 21.0801], [72.704, 21.0854], [72.7035, 21.0888], [72.7024, 21.0924], [72.7015, 21.0957], [72.7007, 21.0999], [72.701, 21.1029], [72.7029, 21.1054], [72.7054, 21.1074], [72.7057, 21.1118], [72.7065, 21.1151], [72.706, 21.1182], [72.7057, 21.1218], [72.7063, 21.1249], [72.7068, 21.1279], [72.7079, 21.131], [72.7101, 21.1332], [72.7118, 21.1357], [72.714, 21.1382], [72.716, 21.1407], [72.7196, 21.1407], [72.7193, 21.1437], [72.716, 21.144], [72.7124, 21.1451], [72.7087, 21.146], [72.706, 21.1474], [72.7032, 21.1487], [72.7007, 21.1504], [72.6979, 21.1515], [72.6951, 21.1535], [72.6921, 21.1551], [72.6893, 21.1562], [72.6857, 21.1571], [72.6826, 21.1579], [72.6787, 21.1585], [72.6732, 21.1574], [72.6701, 21.1565], [72.6671, 21.1554], [72.6651, 21.1529], [72.6637, 21.1496], [72.6618, 21.1468], [72.661, 21.1435], [72.6604, 21.1399], [72.6599, 21.1313], [72.6604, 21.1279], [72.659, 21.1251], [72.6582, 21.1201], [72.6582, 21.1165], [72.659, 21.1132], [72.6601, 21.1101], [72.6604, 21.1068], [72.6593, 21.1021], [72.6571, 21.0999], [72.6571, 21.0968], [72.6571, 21.0926], [72.6579, 21.0896], [72.6571, 21.0865], [72.6546, 21.0846], [72.654, 21.0812], [72.6526, 21.0782], [72.6496, 21.0776], [72.6471, 21.0793], [72.6446, 21.081], [72.6401, 21.081], [72.6371, 21.0807], [72.6343, 21.0796], [72.6315, 21.0782], [72.629, 21.0762], [72.6304, 21.079], [72.6326, 21.0815], [72.6321, 21.0846], [72.6301, 21.0871], [72.6276, 21.089], [72.6254, 21.0912], [72.626, 21.0943], [72.6251, 21.0976], [72.6265, 21.1018], [72.6263, 21.1051], [72.6237, 21.1068], [72.6232, 21.1099], [72.6232, 21.1129], [72.6254, 21.1151], [72.6268, 21.1179], [72.624, 21.1196], [72.6246, 21.1229], [72.624, 21.126], [72.6257, 21.1288], [72.624, 21.1318], [72.6226, 21.1346], [72.624, 21.1374], [72.6224, 21.1401], [72.6212, 21.1429], [72.6207, 21.1462], [72.6212, 21.1493], [72.6201, 21.1524], [72.621, 21.1571], [72.6204, 21.1604], [72.6193, 21.1632], [72.6199, 21.1701], [72.6196, 21.1735], [72.6196, 21.1788], [72.6199, 21.1824], [72.619, 21.1863], [72.6182, 21.1893], [72.6185, 21.1924], [72.6182, 21.1971], [72.6188, 21.2001], [72.6196, 21.2035], [72.6199, 21.2065], [72.621, 21.2093], [72.6237, 21.2107], [72.621, 21.2124], [72.6199, 21.2174], [72.6199, 21.2204], [72.6218, 21.2229], [72.6249, 21.224], [72.6304, 21.2243], [72.6329, 21.2226], [72.6349, 21.2201], [72.6376, 21.2188], [72.6413, 21.2171], [72.6468, 21.2174], [72.6499, 21.2185], [72.6524, 21.2207], [72.6521, 21.2249], [72.6499, 21.2226], [72.6482, 21.2199], [72.6446, 21.2204], [72.6421, 21.2221], [72.6396, 21.2243], [72.6371, 21.226], [72.634, 21.2268], [72.6312, 21.2282], [72.6274, 21.229], [72.6243, 21.2301], [72.6226, 21.2326], [72.619, 21.2313], [72.6154, 21.2304], [72.6124, 21.2288], [72.6096, 21.2299], [72.6096, 21.2329], [72.6071, 21.2346], [72.6046, 21.2365], [72.6029, 21.239], [72.6018, 21.2418], [72.6001, 21.2451], [72.5999, 21.2482], [72.5974, 21.2499], [72.5971, 21.2532], [72.5971, 21.2568], [72.5979, 21.2601], [72.5974, 21.2637], [72.5985, 21.2668], [72.5982, 21.2699], [72.5993, 21.2729], [72.6018, 21.2746], [72.6046, 21.2763], [72.6015, 21.2768], [72.5987, 21.2782], [72.5951, 21.2779], [72.5904, 21.2776], [72.5874, 21.2757], [72.5885, 21.2787], [72.5893, 21.2824], [72.5935, 21.2812], [72.5965, 21.2812], [72.5932, 21.2829], [72.5901, 21.2838], [72.5885, 21.2874], [72.5885, 21.2904], [72.5888, 21.2938], [72.5899, 21.2974], [72.5901, 21.3004], [72.5915, 21.3035], [72.5935, 21.3062], [72.5929, 21.3101], [72.594, 21.3135], [72.5963, 21.316], [72.5982, 21.3185], [72.6004, 21.3207], [72.6026, 21.3229], [72.6062, 21.3249], [72.6087, 21.329], [72.6096, 21.3321], [72.6118, 21.3343], [72.6137, 21.3368], [72.6162, 21.3385], [72.6179, 21.341], [72.6204, 21.3429], [72.6221, 21.3454], [72.6229, 21.3485], [72.6246, 21.3529], [72.6246, 21.356], [72.6276, 21.3574], [72.6299, 21.3596], [72.6326, 21.361], [72.6354, 21.3624], [72.6357, 21.3663], [72.6343, 21.369], [72.636, 21.3715], [72.6387, 21.3735], [72.6418, 21.374], [72.6462, 21.3732], [72.6482, 21.3696], [72.6468, 21.3668], [72.6457, 21.3632], [72.6443, 21.3604], [72.6465, 21.3626], [72.6482, 21.3651], [72.6493, 21.3682], [72.6493, 21.3718], [72.6482, 21.3749], [72.6449, 21.3754], [72.6413, 21.3751], [72.6374, 21.3757], [72.6351, 21.3729], [72.6332, 21.3701], [72.6315, 21.3665], [72.6285, 21.3654], [72.6232, 21.3651], [72.624, 21.3682], [72.6232, 21.3724], [72.6232, 21.3757], [72.6246, 21.3785], [72.6254, 21.3815], [72.6274, 21.384], [72.6299, 21.3863], [72.6321, 21.3885], [72.6346, 21.3904], [72.6368, 21.3926], [72.6385, 21.3957], [72.6407, 21.3979], [72.6432, 21.3996], [72.6451, 21.4021], [72.6471, 21.4046], [72.6499, 21.4062], [72.6513, 21.4096], [72.6529, 21.4124], [72.6551, 21.4146], [72.6574, 21.4168], [72.6596, 21.419], [72.6612, 21.4215], [72.6624, 21.4243], [72.6643, 21.4268], [72.6676, 21.4282], [72.6712, 21.429], [72.674, 21.4301], [72.6768, 21.4315], [72.6793, 21.4332], [72.681, 21.436], [72.6821, 21.4393], [72.6843, 21.4415], [72.6854, 21.4443], [72.6862, 21.4474], [72.6874, 21.4513], [72.6888, 21.4549], [72.6901, 21.4576], [72.6921, 21.4599], [72.6937, 21.4629], [72.6963, 21.4646], [72.6935, 21.4657], [72.691, 21.4638], [72.689, 21.4615], [72.6871, 21.459], [72.6851, 21.4565], [72.6837, 21.4538], [72.6821, 21.4507], [72.6804, 21.4482], [72.6765, 21.4474], [72.6726, 21.4479], [72.6693, 21.4471], [72.6663, 21.4451], [72.6637, 21.4435], [72.6607, 21.4415], [72.6579, 21.4401], [72.6551, 21.4387], [72.6526, 21.4368], [72.6479, 21.4365], [72.6457, 21.4337], [72.6443, 21.4379], [72.6432, 21.4413], [72.6451, 21.4438], [72.6479, 21.4451], [72.6496, 21.4476], [72.6501, 21.4507], [72.6513, 21.4576], [72.6524, 21.4604], [72.654, 21.4632], [72.6563, 21.4654], [72.6524, 21.4649], [72.6546, 21.4671], [72.6571, 21.469], [72.6582, 21.4718], [72.6604, 21.4751], [72.6629, 21.4771], [72.6651, 21.4799], [72.6663, 21.4837], [72.6668, 21.4885], [72.6674, 21.4921], [72.6682, 21.4968], [72.669, 21.501], [72.6707, 21.5049], [72.671, 21.5079], [72.671, 21.5113], [72.6735, 21.5132], [72.6774, 21.5135], [72.6804, 21.5143], [72.6821, 21.5176], [72.6796, 21.5157], [72.6765, 21.5157], [72.6724, 21.5143], [72.6732, 21.5179], [72.6743, 21.5207], [72.6768, 21.5226], [72.6793, 21.5246], [72.6821, 21.5263], [72.6851, 21.5274], [72.6882, 21.5285], [72.6918, 21.5279], [72.6957, 21.5274], [72.6988, 21.5271], [72.7024, 21.5274], [72.7057, 21.5279], [72.709, 21.5296], [72.7121, 21.5307], [72.7157, 21.5318], [72.719, 21.5332], [72.7218, 21.5343], [72.7249, 21.5349], [72.7279, 21.5354], [72.7307, 21.5365], [72.7337, 21.5371], [72.7368, 21.5382], [72.739, 21.5404], [72.741, 21.5432], [72.7426, 21.5471], [72.7424, 21.5501], [72.7399, 21.5521], [72.7368, 21.5529], [72.7365, 21.556], [72.7335, 21.5554], [72.7332, 21.5521], [72.736, 21.5507], [72.7399, 21.5501], [72.7401, 21.5465], [72.7393, 21.5435], [72.7376, 21.541], [72.7343, 21.5399], [72.7304, 21.5388], [72.7268, 21.5382], [72.7232, 21.5376], [72.7193, 21.5371], [72.716, 21.536], [72.7129, 21.5354], [72.7101, 21.534], [72.7071, 21.5329], [72.704, 21.5324], [72.701, 21.5329], [72.6979, 21.5338], [72.6949, 21.5346], [72.6912, 21.5349], [72.6885, 21.5365], [72.6865, 21.5393], [72.6843, 21.5415], [72.6815, 21.5401], [72.6785, 21.5399], [72.676, 21.5382], [72.6729, 21.5374], [72.6704, 21.5357], [72.6674, 21.5343], [72.6651, 21.5321], [72.6632, 21.5296], [72.661, 21.5274], [72.6582, 21.526], [72.6549, 21.5246], [72.6532, 21.5199], [72.6507, 21.5182], [72.649, 21.5157], [72.6468, 21.5135], [72.6451, 21.511], [72.6438, 21.5082], [72.6421, 21.5057], [72.641, 21.5029], [72.6396, 21.5001], [72.6376, 21.4974], [72.6354, 21.4951], [72.6321, 21.4937], [72.6282, 21.4926], [72.6251, 21.4932], [72.6237, 21.496], [72.6257, 21.4996], [72.6268, 21.5046], [72.6218, 21.5063], [72.6204, 21.5099], [72.6196, 21.5129], [72.6185, 21.5163], [72.6162, 21.519], [72.614, 21.5218], [72.6121, 21.5243], [72.616, 21.5257], [72.6185, 21.5279], [72.6207, 21.5301], [72.6165, 21.531], [72.6135, 21.5312], [72.6101, 21.5296], [72.6079, 21.5318], [72.6093, 21.5351], [72.6101, 21.5382], [72.6107, 21.5413], [72.6076, 21.5426], [72.6074, 21.5396], [72.6051, 21.5368], [72.6029, 21.539], [72.6035, 21.5487], [72.6018, 21.546], [72.601, 21.5424], [72.5985, 21.5443], [72.5985, 21.5476], [72.5999, 21.5507], [72.6012, 21.5543], [72.5993, 21.5515], [72.5987, 21.5546], [72.6007, 21.5574], [72.6032, 21.5596], [72.6049, 21.5571], [72.6065, 21.5543], [72.6087, 21.5521], [72.609, 21.5582], [72.6104, 21.561], [72.6096, 21.564], [72.6079, 21.5665], [72.6057, 21.5688], [72.6043, 21.5718], [72.6051, 21.576], [72.606, 21.5796], [72.6076, 21.5826], [72.6093, 21.5854], [72.6115, 21.5876], [72.6135, 21.5899], [72.6151, 21.5926], [72.6174, 21.5946], [72.6207, 21.5963], [72.6212, 21.5993], [72.6221, 21.6032], [72.624, 21.6057], [72.6254, 21.6085], [72.6268, 21.6112], [72.6274, 21.6143], [72.6288, 21.6171], [72.6321, 21.6182], [72.6349, 21.6199], [72.6385, 21.6204], [72.6413, 21.619], [72.644, 21.6177], [72.6479, 21.6171], [72.6499, 21.6201], [72.6518, 21.6232], [72.6554, 21.6238], [72.6582, 21.6254], [72.6604, 21.6279], [72.6649, 21.6279], [72.6726, 21.6279], [72.6751, 21.6299], [72.6776, 21.6315], [72.6804, 21.6329], [72.6832, 21.6349], [72.686, 21.6365], [72.6885, 21.6385], [72.6912, 21.6401], [72.6932, 21.6426], [72.6946, 21.6457], [72.6965, 21.6482], [72.6988, 21.6504], [72.7024, 21.6518], [72.7054, 21.6518], [72.7076, 21.6496], [72.7104, 21.6482], [72.7118, 21.6451], [72.714, 21.6426], [72.7168, 21.6407], [72.7204, 21.6393], [72.7262, 21.6388], [72.7293, 21.6396], [72.7326, 21.6401], [72.7357, 21.6396], [72.7393, 21.6407], [72.7424, 21.6421], [72.7454, 21.6421], [72.7485, 21.6432], [72.7496, 21.6465], [72.7513, 21.649], [72.7568, 21.6501], [72.7596, 21.6487], [72.7635, 21.6479], [72.7679, 21.6471], [72.771, 21.6462], [72.7763, 21.6457], [72.7804, 21.6454], [72.7843, 21.6451], [72.7874, 21.6451], [72.791, 21.646], [72.794, 21.6468], [72.7968, 21.6479], [72.8004, 21.6485], [72.8032, 21.6499], [72.8063, 21.6507], [72.809, 21.6521], [72.8121, 21.6535], [72.8149, 21.6551], [72.8174, 21.6571], [72.8207, 21.6588], [72.8232, 21.6607], [72.8262, 21.6624], [72.829, 21.6643], [72.8318, 21.666], [72.8351, 21.6674], [72.834, 21.6707], [72.8318, 21.6729], [72.8282, 21.6715], [72.8243, 21.6704], [72.8215, 21.669], [72.8176, 21.6679], [72.8143, 21.6668], [72.8107, 21.6654], [72.8076, 21.6646], [72.804, 21.6635], [72.7999, 21.6624], [72.7968, 21.6615], [72.7937, 21.6618], [72.7871, 21.6621], [72.7838, 21.6626], [72.7799, 21.6632], [72.7765, 21.6643], [72.7735, 21.6651], [72.7693, 21.6663], [72.766, 21.6676], [72.7626, 21.669], [72.7601, 21.671], [72.7568, 21.6724], [72.754, 21.6743], [72.7518, 21.6765], [72.7499, 21.6799], [72.7485, 21.6832], [72.7465, 21.686], [72.7438, 21.6876], [72.741, 21.689], [72.7363, 21.6896], [72.7329, 21.6882], [72.7299, 21.6865], [72.7268, 21.6851], [72.7237, 21.6846], [72.721, 21.6832], [72.7185, 21.6815], [72.7154, 21.6804], [72.7124, 21.6793], [72.7082, 21.6785], [72.7051, 21.679], [72.7021, 21.6801], [72.699, 21.681], [72.6957, 21.6812], [72.6921, 21.6804], [72.689, 21.6799], [72.684, 21.6793], [72.6807, 21.6799], [72.6774, 21.6807], [72.6743, 21.6818], [72.6696, 21.6829], [72.6663, 21.6829], [72.6635, 21.6815], [72.661, 21.6799], [72.6574, 21.6782], [72.6529, 21.6774], [72.6462, 21.6785], [72.6413, 21.6787], [72.6379, 21.679], [72.634, 21.6793], [72.631, 21.6793], [72.6249, 21.6799], [72.6218, 21.6801], [72.6162, 21.6804], [72.6129, 21.6812], [72.6095, 21.6821], [72.606, 21.6815], [72.6029, 21.6812], [72.5996, 21.681], [72.5965, 21.6801], [72.5938, 21.6785], [72.5915, 21.6765], [72.5888, 21.6749], [72.5854, 21.6735], [72.5826, 21.6721], [72.5793, 21.6707], [72.5762, 21.6699], [72.5735, 21.6682], [72.571, 21.6665], [72.5679, 21.666], [72.5654, 21.6643], [72.564, 21.6615], [72.5626, 21.6588], [72.5599, 21.6607], [72.5565, 21.6593], [72.5515, 21.6588], [72.5474, 21.6585], [72.5443, 21.6599], [72.5415, 21.6615], [72.539, 21.6632], [72.5368, 21.6654], [72.5354, 21.6682], [72.5335, 21.6707], [72.5326, 21.6743], [72.5296, 21.6749], [72.5271, 21.6771], [72.5249, 21.6793], [72.5238, 21.6849], [72.5229, 21.6882], [72.5204, 21.6904], [72.514, 21.6904], [72.5104, 21.6901], [72.5079, 21.6918], [72.5218, 21.6915], [72.5226, 21.6949], [72.521, 21.6982], [72.5188, 21.7004], [72.5096, 21.7007], [72.5185, 21.7018], [72.5199, 21.7046], [72.5176, 21.7068], [72.5179, 21.7104], [72.5176, 21.7135], [72.5196, 21.7112], [72.5193, 21.7079], [72.5207, 21.7107], [72.5204, 21.7138], [72.5224, 21.7162], [72.5246, 21.7185], [72.5265, 21.721], [72.5276, 21.7243], [72.5293, 21.7274], [72.5312, 21.7301], [72.5335, 21.7321], [72.5357, 21.7346], [72.539, 21.7351], [72.5404, 21.7393], [72.5426, 21.7418], [72.5432, 21.7449], [72.5435, 21.7479], [72.5429, 21.7546], [72.5443, 21.7574], [72.5432, 21.7604], [72.5457, 21.7624], [72.5462, 21.7663], [72.5474, 21.7693], [72.5482, 21.7724], [72.5496, 21.7751], [72.5499, 21.7787], [72.5504, 21.7818], [72.551, 21.7862], [72.5518, 21.7901], [72.5526, 21.7935], [72.554, 21.7965], [72.5554, 21.7996], [72.5568, 21.8024], [72.559, 21.8046], [72.5607, 21.8071], [72.5621, 21.8101], [72.564, 21.8129], [72.5657, 21.8154], [72.5674, 21.8182], [72.5657, 21.8215], [72.5682, 21.8235], [72.5662, 21.826], [72.5635, 21.8276], [72.5612, 21.8299], [72.5585, 21.8315], [72.5557, 21.8332], [72.5532, 21.8349], [72.5507, 21.8368], [72.5482, 21.8385], [72.5451, 21.8401], [72.5426, 21.8421], [72.5396, 21.8438], [72.5371, 21.8457], [72.5346, 21.8474], [72.5276, 21.8476], [72.5246, 21.849], [72.5229, 21.8515], [72.5237, 21.8549], [72.5251, 21.8576], [72.5221, 21.8565], [72.519, 21.8582], [72.5168, 21.8612], [72.5188, 21.8685], [72.5185, 21.874], [72.516, 21.8768], [72.516, 21.881], [72.5151, 21.8854], [72.5151, 21.8885], [72.5143, 21.8915], [72.5118, 21.8935], [72.5096, 21.8957], [72.5076, 21.9004], [72.5074, 21.9046], [72.506, 21.9074], [72.5049, 21.9124], [72.506, 21.9163], [72.5062, 21.9215], [72.506, 21.9251], [72.5046, 21.9285], [72.5038, 21.9318], [72.5026, 21.9346], [72.5029, 21.9376], [72.5029, 21.9407], [72.5024, 21.9485], [72.5029, 21.9521], [72.5024, 21.9551], [72.5029, 21.959], [72.5035, 21.9621], [72.504, 21.9657], [72.5046, 21.9729], [72.5046, 21.9765], [72.5051, 21.9799], [72.5054, 21.9829], [72.506, 21.9863], [72.5071, 21.991], [72.5074, 21.9943], [72.5079, 21.9974], [72.509, 22.0004], [72.5099, 22.0035], [72.5107, 22.0065], [72.5115, 22.0096], [72.5124, 22.0126], [72.5135, 22.0154], [72.514, 22.0185], [72.5151, 22.0215], [72.5163, 22.0249], [72.5174, 22.0279], [72.5182, 22.031], [72.5188, 22.0343], [72.5196, 22.0376], [72.5204, 22.0421], [72.521, 22.0457], [72.5215, 22.049], [72.5221, 22.0524], [72.5226, 22.056], [72.5232, 22.0599], [72.524, 22.064], [72.5249, 22.0682], [72.5257, 22.0726], [72.5265, 22.0762], [72.5271, 22.0793], [72.5282, 22.0829], [72.529, 22.0862], [72.5299, 22.0893], [72.5307, 22.0924], [72.5315, 22.0954], [72.5326, 22.0982], [72.5335, 22.1021], [72.5343, 22.1054], [72.5351, 22.1087], [72.5362, 22.1118], [72.5374, 22.1146], [72.5379, 22.1179], [72.5387, 22.121], [72.5399, 22.124], [72.5407, 22.1271], [72.5415, 22.1301], [72.5424, 22.1335], [72.5432, 22.1365], [72.5443, 22.1399], [72.5457, 22.1432], [72.5465, 22.1465], [72.5474, 22.1499], [72.5488, 22.1532], [72.5501, 22.1562], [72.5515, 22.1593], [72.5529, 22.1621], [72.5543, 22.1651], [72.5557, 22.1679], [72.5574, 22.1704], [72.559, 22.1729], [72.5607, 22.1754], [72.5624, 22.1779], [72.564, 22.1804], [72.5657, 22.1829], [72.5674, 22.1854], [72.569, 22.1879], [72.5713, 22.1904], [72.5735, 22.1926], [72.576, 22.1946], [72.5782, 22.1968], [72.5804, 22.199], [72.5826, 22.2013], [72.5851, 22.2029], [72.5879, 22.2049], [72.5904, 22.2068], [72.5929, 22.2085], [72.5954, 22.2101], [72.5982, 22.2115], [72.6007, 22.2132], [72.6043, 22.214], [72.6076, 22.2149], [72.6107, 22.2157], [72.6137, 22.2171], [72.621, 22.2174], [72.6254, 22.2176], [72.6396, 22.2179], [72.6429, 22.2168], [72.6474, 22.2171], [72.6504, 22.216], [72.6535, 22.2149], [72.6565, 22.2135], [72.6593, 22.2121], [72.6618, 22.2104], [72.6637, 22.2079], [72.6663, 22.2063], [72.669, 22.2049], [72.6712, 22.2026], [72.674, 22.2013], [72.6765, 22.1996], [72.6799, 22.199], [72.6826, 22.1976], [72.6851, 22.196], [72.6879, 22.1946], [72.6901, 22.1924], [72.6921, 22.1901], [72.6949, 22.1885], [72.6979, 22.1868], [72.7001, 22.1846], [72.7035, 22.184], [72.7065, 22.1843], [72.7096, 22.186], [72.7132, 22.1854], [72.7165, 22.1843], [72.7201, 22.1837], [72.7235, 22.1829], [72.7274, 22.1818], [72.7301, 22.1804], [72.7329, 22.1785], [72.7363, 22.1771], [72.7393, 22.1762], [72.7424, 22.1749], [72.746, 22.174], [72.7521, 22.1732], [72.7551, 22.1735], [72.7582, 22.1743], [72.7607, 22.1762], [72.7621, 22.179], [72.7637, 22.1815], [72.7657, 22.184], [72.7679, 22.1868], [72.7701, 22.189], [72.7718, 22.1918], [72.774, 22.194], [72.7754, 22.1968], [72.7774, 22.1999], [72.7787, 22.2029], [72.7799, 22.2057], [72.7812, 22.2085], [72.7824, 22.2126], [72.784, 22.2151], [72.7857, 22.2176], [72.7874, 22.2204], [72.7896, 22.2226], [72.791, 22.2254], [72.7929, 22.2293], [72.7949, 22.2318], [72.7968, 22.2346], [72.7988, 22.2374], [72.801, 22.2396], [72.8032, 22.2418], [72.806, 22.2435], [72.8085, 22.2454], [72.8112, 22.2468], [72.816, 22.2479], [72.819, 22.2468], [72.8218, 22.2451], [72.8243, 22.2426], [72.8271, 22.2407], [72.8301, 22.2401], [72.8335, 22.239], [72.8365, 22.2385], [72.8399, 22.2377], [72.844, 22.2371], [72.8479, 22.2365], [72.8504, 22.2349], [72.8532, 22.2335], [72.8557, 22.2318], [72.8585, 22.2301], [72.8607, 22.2279], [72.864, 22.226], [72.8671, 22.2249], [72.8721, 22.2235], [72.8779, 22.2238], [72.8807, 22.2251], [72.8829, 22.2274], [72.8854, 22.2293], [72.8879, 22.231], [72.8921, 22.231], [72.8957, 22.2318], [72.8993, 22.2321], [72.9018, 22.234], [72.9035, 22.2365], [72.9054, 22.239], [72.9079, 22.241], [72.9101, 22.2432], [72.9118, 22.246], [72.9137, 22.2485], [72.9151, 22.2515], [72.9165, 22.2543], [72.9179, 22.2571], [72.9193, 22.2599], [72.9193, 22.2666], [72.9193, 22.2704], [72.9185, 22.2735], [72.9168, 22.2765], [72.9137, 22.2771], [72.9121, 22.2729], [72.9124, 22.2693], [72.9118, 22.2663], [72.9107, 22.2626], [72.9096, 22.2593], [72.9076, 22.2568], [72.9057, 22.2543], [72.9037, 22.2518], [72.9013, 22.2499], [72.8988, 22.2482], [72.8962, 22.2465], [72.8929, 22.2454], [72.8893, 22.2443], [72.8863, 22.2437], [72.8835, 22.2426], [72.8726, 22.2424], [72.8668, 22.2426], [72.8643, 22.2443], [72.8632, 22.2476], [72.8615, 22.2501], [72.8596, 22.254], [72.8585, 22.2568], [72.8574, 22.2596], [72.8565, 22.2629], [72.8557, 22.2668], [72.8551, 22.2707], [72.8549, 22.2743], [72.8543, 22.2774], [72.8532, 22.2804], [72.8504, 22.2818], [72.8438, 22.2824], [72.8407, 22.281], [72.8376, 22.2796], [72.8349, 22.2779], [72.8324, 22.2763], [72.8301, 22.2743], [72.8274, 22.2729], [72.8246, 22.2715], [72.8218, 22.2704], [72.819, 22.269], [72.8157, 22.2679], [72.8126, 22.2663], [72.8099, 22.2646], [72.8076, 22.2621], [72.8043, 22.2604], [72.8015, 22.2588], [72.7988, 22.2574], [72.7962, 22.2557], [72.7929, 22.254], [72.7907, 22.2518], [72.7882, 22.2499], [72.7857, 22.2479], [72.7832, 22.246], [72.7807, 22.244], [72.7779, 22.2426], [72.7751, 22.241], [72.7724, 22.2393], [72.7699, 22.2377], [72.7674, 22.236], [72.7646, 22.2343], [72.7621, 22.2326], [72.7574, 22.2315], [72.7521, 22.231], [72.7474, 22.2321], [72.744, 22.2324], [72.7407, 22.2326], [72.7374, 22.2335], [72.7326, 22.2343], [72.729, 22.2349], [72.7246, 22.2351], [72.7204, 22.2357], [72.7146, 22.2362], [72.7115, 22.2368], [72.6963, 22.2368], [72.6915, 22.2371], [72.6888, 22.2385], [72.6862, 22.2401], [72.6843, 22.2429], [72.6821, 22.2451], [72.6799, 22.2474], [72.6774, 22.2493], [72.6749, 22.2513], [72.6724, 22.2532], [72.6704, 22.256], [72.6682, 22.2582], [72.6663, 22.2607], [72.6643, 22.2632], [72.6621, 22.2654], [72.6599, 22.2676], [72.6582, 22.274], [72.6574, 22.2774], [72.6551, 22.2796], [72.6518, 22.2804], [72.6479, 22.2815], [72.6438, 22.2824], [72.641, 22.2835], [72.6371, 22.284], [72.6329, 22.2843], [72.6299, 22.2843], [72.6265, 22.2835], [72.6232, 22.2826], [72.6199, 22.2815], [72.6157, 22.2807], [72.6126, 22.2804], [72.6085, 22.2793], [72.606, 22.2776], [72.6032, 22.2763], [72.6001, 22.2749], [72.5965, 22.2737], [72.594, 22.2718], [72.5915, 22.2699], [72.5893, 22.2677], [72.5863, 22.2657], [72.5843, 22.2632], [72.5818, 22.2615], [72.5793, 22.2596], [72.5768, 22.2576], [72.5746, 22.2554], [72.5713, 22.2546], [72.5713, 22.2576], [72.5696, 22.2551], [72.5668, 22.2538], [72.5646, 22.2515], [72.5624, 22.2493], [72.5604, 22.2468], [72.561, 22.2515], [72.561, 22.2563], [72.5601, 22.2593], [72.5571, 22.2588], [72.5563, 22.2554], [72.5532, 22.2554], [72.5515, 22.2527], [72.5496, 22.2501], [72.5468, 22.2482], [72.5454, 22.2451], [72.5426, 22.2435], [72.5415, 22.2465], [72.5385, 22.2471], [72.5349, 22.2457], [72.5346, 22.2488], [72.5376, 22.2504], [72.5338, 22.2501], [72.534, 22.2532], [72.5371, 22.2554], [72.5401, 22.2563], [72.5376, 22.2582], [72.5349, 22.2604], [72.5351, 22.2637], [72.5362, 22.2685], [72.5376, 22.2712], [72.5376, 22.2743], [72.541, 22.2751], [72.5465, 22.2754], [72.5493, 22.2765], [72.5524, 22.2776], [72.5535, 22.281], [72.5504, 22.2804], [72.5426, 22.281], [72.5396, 22.2801], [72.5368, 22.2787], [72.534, 22.2774], [72.5326, 22.2746], [72.5301, 22.2726], [72.5276, 22.2707], [72.5254, 22.2685], [72.5243, 22.2643], [72.5235, 22.261], [72.5237, 22.2557], [72.5243, 22.2501], [72.5243, 22.2454], [72.5224, 22.2426], [72.5201, 22.2404], [72.5174, 22.2385], [72.5151, 22.2362], [72.5126, 22.2343], [72.5099, 22.2326], [72.5074, 22.231], [72.5057, 22.2285], [72.5046, 22.2251], [72.5043, 22.2218], [72.5021, 22.2196], [72.4996, 22.2176], [72.4979, 22.2149], [72.496, 22.2124], [72.494, 22.2101], [72.4921, 22.2076], [72.4921, 22.2046], [72.4899, 22.2024], [72.4885, 22.1993], [72.486, 22.1974], [72.4824, 22.1987], [72.479, 22.2001], [72.4757, 22.2004], [72.4746, 22.2032], [72.4765, 22.2057], [72.4788, 22.2079], [72.4804, 22.211], [72.481, 22.2143], [72.4821, 22.2174], [72.4837, 22.2204], [72.4851, 22.2232], [72.4824, 22.2246], [72.4796, 22.2263], [72.4821, 22.2282], [72.4854, 22.2282], [72.489, 22.229], [72.4915, 22.231], [72.4921, 22.2349], [72.489, 22.2357], [72.4829, 22.2354], [72.4799, 22.2346], [72.4832, 22.2362], [72.4865, 22.2362], [72.4899, 22.2374], [72.4926, 22.239], [72.4938, 22.2418], [72.4938, 22.2454], [72.4924, 22.2482], [72.4907, 22.2457], [72.4882, 22.244], [72.4843, 22.2429], [72.481, 22.2407], [72.4771, 22.2399], [72.4735, 22.239], [72.4704, 22.2396], [72.4707, 22.2426], [72.4688, 22.2457], [72.4671, 22.2482], [72.4654, 22.251], [72.4635, 22.2538], [72.4615, 22.2565], [72.4596, 22.259], [72.4579, 22.2615], [72.4565, 22.2646], [72.4551, 22.2674], [72.4538, 22.2701], [72.4518, 22.2724], [72.4501, 22.2751], [72.4485, 22.2776], [72.4474, 22.2804], [72.4463, 22.2835], [72.4454, 22.2865], [72.4437, 22.289], [72.4424, 22.2918], [72.4404, 22.2943], [72.4385, 22.2968], [72.4365, 22.2993], [72.434, 22.3015], [72.431, 22.3026], [72.4276, 22.3035], [72.4243, 22.3043], [72.4212, 22.3051], [72.4176, 22.3057], [72.4149, 22.3071], [72.4118, 22.3079], [72.4085, 22.3093], [72.4051, 22.3101], [72.4024, 22.3087], [72.3988, 22.3076], [72.3954, 22.3076], [72.3921, 22.3085], [72.3896, 22.3101], [72.3879, 22.3126], [72.389, 22.3154], [72.3913, 22.3176], [72.3935, 22.3199], [72.3957, 22.3221], [72.3985, 22.324], [72.4007, 22.3263], [72.4026, 22.329], [72.4043, 22.3318], [72.4057, 22.3349], [72.4071, 22.3379], [72.4082, 22.341], [72.4096, 22.3443], [72.411, 22.3471], [72.4121, 22.3513], [72.4126, 22.3563], [72.4115, 22.3593], [72.4093, 22.3615], [72.4068, 22.3632], [72.4043, 22.3649], [72.4018, 22.3671], [72.399, 22.3687], [72.3976, 22.3718], [72.3962, 22.3746], [72.3954, 22.3782], [72.3943, 22.3815], [72.3907, 22.3818], [72.3876, 22.3829], [72.3846, 22.3843], [72.3815, 22.3851], [72.3762, 22.3851], [72.3735, 22.3835], [72.3707, 22.3818], [72.3682, 22.3801], [72.3657, 22.3782], [72.3632, 22.3765], [72.3612, 22.374], [72.3637, 22.3718], [72.3696, 22.3732], [72.3729, 22.3738], [72.3765, 22.3735], [72.3793, 22.3749], [72.3824, 22.3754], [72.384, 22.3726], [72.3863, 22.3704], [72.3882, 22.3679], [72.3904, 22.3657], [72.3929, 22.364], [72.3949, 22.3615], [72.3971, 22.359], [72.3985, 22.3563], [72.4018, 22.3557], [72.4037, 22.3532], [72.4035, 22.3499], [72.4013, 22.3476], [72.3988, 22.346], [72.3954, 22.3451], [72.3924, 22.3446], [72.3893, 22.344], [72.3865, 22.3424], [72.3838, 22.3407], [72.3815, 22.3385], [72.3793, 22.3362], [72.3776, 22.3332], [72.376, 22.3304], [72.3746, 22.3271], [72.3735, 22.324], [72.3726, 22.3202], [72.3724, 22.3165], [72.3732, 22.3126], [72.3746, 22.3099], [72.3757, 22.3071], [72.3776, 22.3046], [72.3799, 22.3024], [72.3824, 22.3004], [72.3854, 22.2996], [72.3929, 22.2987], [72.3964, 22.299], [72.411, 22.2993], [72.4137, 22.2976], [72.4146, 22.2943], [72.4154, 22.2896], [72.416, 22.2846], [72.4165, 22.2796], [72.4163, 22.2751], [72.416, 22.271], [72.4154, 22.2674], [72.4146, 22.2643], [72.4135, 22.2596], [72.4129, 22.2543], [72.4132, 22.2504], [72.4137, 22.2462], [72.4146, 22.2418], [72.4149, 22.2371], [72.4154, 22.2332], [72.416, 22.2299], [72.414, 22.2274], [72.4118, 22.2251], [72.4126, 22.2213], [72.4118, 22.2179], [72.4101, 22.2151], [72.4074, 22.2135], [72.4051, 22.2096], [72.4021, 22.2085], [72.4015, 22.2046], [72.4007, 22.2015], [72.3982, 22.2038], [72.3968, 22.2068], [72.3946, 22.2093], [72.3932, 22.2121], [72.391, 22.2143], [72.3885, 22.216], [72.3857, 22.2171], [72.3824, 22.2182], [72.3807, 22.2207], [72.3793, 22.2235], [72.3776, 22.2263], [72.3765, 22.2301], [72.3757, 22.236], [72.3771, 22.2387], [72.379, 22.2413], [72.3812, 22.2435], [72.3835, 22.2457], [72.3818, 22.2482], [72.3818, 22.2527], [72.3807, 22.2557], [72.379, 22.2582], [72.3774, 22.261], [72.3743, 22.2621], [72.3715, 22.2635], [72.3682, 22.2643], [72.3654, 22.2665], [72.3624, 22.2671], [72.3593, 22.2677], [72.3582, 22.271], [72.356, 22.2685], [72.3565, 22.2643], [72.3582, 22.2618], [72.3618, 22.261], [72.364, 22.2588], [72.364, 22.2557], [72.3657, 22.2532], [72.3665, 22.2501], [72.3685, 22.2476], [72.3707, 22.2454], [72.3704, 22.2421], [72.3688, 22.2396], [72.3671, 22.2371], [72.3654, 22.2343], [72.3635, 22.2318], [72.3618, 22.229], [72.3604, 22.2263], [72.3601, 22.2224], [72.3604, 22.2179], [72.361, 22.2124], [72.361, 22.2093], [72.3618, 22.2062], [72.3629, 22.2032], [72.3654, 22.201], [72.3685, 22.1996], [72.3712, 22.1982], [72.3751, 22.1974], [72.3779, 22.1963], [72.3807, 22.1949], [72.3829, 22.1926], [72.3851, 22.1904], [72.3871, 22.1876], [72.389, 22.1849], [72.3901, 22.1818], [72.3901, 22.1788], [72.3893, 22.1754], [72.3896, 22.1721], [72.391, 22.1693], [72.3885, 22.1712], [72.3854, 22.1704], [72.3863, 22.1654], [72.3863, 22.1618], [72.3863, 22.1588], [72.3843, 22.1562], [72.3812, 22.1571], [72.3774, 22.1585], [72.3779, 22.154], [72.3785, 22.151], [72.3754, 22.1504], [72.3743, 22.1571], [72.3743, 22.1601], [72.3743, 22.1635], [72.3749, 22.1665], [72.3735, 22.1693], [72.3718, 22.1718], [72.3682, 22.1724], [72.3649, 22.1732], [72.3613, 22.1732], [72.359, 22.176], [72.3599, 22.179], [72.3615, 22.1815], [72.3629, 22.1846], [72.3635, 22.1879], [72.3612, 22.1901], [72.3593, 22.1929], [72.3596, 22.1899], [72.3599, 22.1865], [72.3579, 22.184], [72.3554, 22.1818], [72.3521, 22.1826], [72.3538, 22.1776], [72.354, 22.1746], [72.3546, 22.1701], [72.3538, 22.1672], [72.3515, 22.1646], [72.349, 22.1665], [72.3465, 22.1685], [72.3454, 22.1657], [72.3471, 22.1632], [72.3507, 22.1624], [72.3538, 22.1613], [72.3546, 22.1576], [72.3554, 22.1546], [72.3562, 22.1515], [72.3565, 22.1482], [72.3529, 22.1465], [72.3501, 22.1451], [72.3518, 22.1424], [72.3524, 22.1365], [72.3507, 22.134], [72.3496, 22.1299], [72.3501, 22.1268], [72.3465, 22.126], [72.3435, 22.1251], [72.3418, 22.1276], [72.3426, 22.1332], [72.3415, 22.1363], [72.3396, 22.1388], [72.3365, 22.139], [72.334, 22.141], [72.3307, 22.1421], [72.3285, 22.1446], [72.3254, 22.146], [72.3224, 22.1471], [72.3193, 22.1468], [72.3162, 22.1465], [72.3162, 22.1513], [72.316, 22.1554], [72.3163, 22.1593], [72.3168, 22.1624], [72.3176, 22.1671], [72.3187, 22.1701], [72.3193, 22.174], [72.3185, 22.1774], [72.3176, 22.1807], [72.3162, 22.184], [72.3138, 22.186], [72.3112, 22.1876], [72.3082, 22.1888], [72.306, 22.191], [72.3035, 22.1929], [72.2999, 22.1926], [72.2996, 22.196], [72.2985, 22.1993], [72.2965, 22.2018], [72.2968, 22.1987], [72.2971, 22.1929], [72.2976, 22.1896], [72.2993, 22.1871], [72.3015, 22.1849], [72.3043, 22.1829], [72.3071, 22.184], [72.3104, 22.1829], [72.3126, 22.1807], [72.3132, 22.1762], [72.3135, 22.1715], [72.3118, 22.1688], [72.3118, 22.1657], [72.3107, 22.1612], [72.3104, 22.1574], [72.3099, 22.1518], [72.3096, 22.1487], [72.3104, 22.1446], [72.3118, 22.1415], [72.3132, 22.1385], [72.3151, 22.136], [72.3185, 22.1343], [72.3213, 22.1329], [72.3238, 22.131], [72.321, 22.1293], [72.3215, 22.1262], [72.3221, 22.1232], [72.321, 22.1204], [72.3193, 22.1179], [72.3149, 22.1157], [72.3126, 22.1135], [72.3112, 22.1104], [72.3115, 22.1071], [72.3126, 22.104], [72.3151, 22.1024], [72.3151, 22.099], [72.3132, 22.0965], [72.3121, 22.0932], [72.311, 22.0893], [72.3093, 22.0868], [72.309, 22.0837], [72.3082, 22.0804], [72.3068, 22.0776], [72.3068, 22.0718], [72.3063, 22.0685], [72.3057, 22.0651], [72.3046, 22.0621], [72.3037, 22.0587], [72.3032, 22.0557], [72.3021, 22.0521], [72.301, 22.0493], [72.2999, 22.046], [72.2988, 22.0432], [72.2988, 22.0399], [72.2979, 22.0368], [72.2968, 22.0338], [72.296, 22.0293], [72.2954, 22.026], [72.2946, 22.0226], [72.2935, 22.0185], [72.2926, 22.0154], [72.2915, 22.0118], [72.2904, 22.0079], [72.2893, 22.0049], [72.2879, 22.0018], [72.2871, 21.9979], [72.2862, 21.9901], [72.2857, 21.9868], [72.2849, 21.9821], [72.284, 21.979], [72.2829, 21.9757], [72.2818, 21.9724], [72.2807, 21.9693], [72.2799, 21.9643], [72.2768, 21.9651], [72.274, 21.9662], [72.2712, 21.9676], [72.2721, 21.9646], [72.2735, 21.9612], [72.2757, 21.959], [72.2782, 21.9571], [72.279, 21.9471], [72.2782, 21.9438], [72.2782, 21.9396], [72.2771, 21.9363], [72.2782, 21.9329], [72.2763, 21.9301], [72.2735, 21.9315], [72.2712, 21.9337], [72.2685, 21.9354], [72.2668, 21.9379], [72.2657, 21.9407], [72.2643, 21.9435], [72.2635, 21.9465], [72.2632, 21.9526], [72.2618, 21.9557], [72.2607, 21.9596], [72.2604, 21.9682], [72.2607, 21.9715], [72.2604, 21.9751], [72.2613, 21.9788], [72.261, 21.9821], [72.2556, 21.9824], [72.2535, 21.9849], [72.2518, 21.9896], [72.2518, 21.9929], [72.2529, 21.996], [72.2529, 21.9991], [72.2535, 22.0021], [72.2546, 22.0054], [72.256, 22.0082], [72.2574, 22.011], [72.2596, 22.0132], [72.261, 22.016], [72.2607, 22.0193], [72.259, 22.0221], [72.2574, 22.0254], [72.2551, 22.0279], [72.2499, 22.0293], [72.2474, 22.031], [72.2451, 22.0335], [72.2443, 22.0376], [72.2438, 22.0407], [72.2426, 22.044], [72.2418, 22.0471], [72.2418, 22.0507], [72.2443, 22.0524], [72.2468, 22.054], [72.2496, 22.0557], [72.2526, 22.0571], [72.2557, 22.0585], [72.2585, 22.0599], [72.2615, 22.0607], [72.2643, 22.0618], [72.2676, 22.0632], [72.2704, 22.0646], [72.2729, 22.0663], [72.2757, 22.0676], [72.2782, 22.0693], [72.2807, 22.071], [72.2843, 22.0726], [72.2868, 22.0743], [72.2887, 22.071], [72.291, 22.0688], [72.2926, 22.0663], [72.2937, 22.0635], [72.2976, 22.0632], [72.2993, 22.0657], [72.3015, 22.0679], [72.3032, 22.0704], [72.3037, 22.0751], [72.3021, 22.0776], [72.2993, 22.0793], [72.2965, 22.0807], [72.2988, 22.0829], [72.2999, 22.0862], [72.3021, 22.0885], [72.3021, 22.0921], [72.3032, 22.0954], [72.3018, 22.0985], [72.3015, 22.1021], [72.3015, 22.1057], [72.3001, 22.1085], [72.2974, 22.1068], [72.2954, 22.1043], [72.2929, 22.1024], [72.2893, 22.1013], [72.2868, 22.0996], [72.286, 22.096], [72.2851, 22.0929], [72.2821, 22.0926], [72.2779, 22.0915], [72.2765, 22.0965], [72.2751, 22.0993], [72.271, 22.0999], [72.2688, 22.1021], [72.2682, 22.1063], [72.2654, 22.104], [72.2668, 22.1013], [72.2693, 22.0996], [72.2721, 22.0982], [72.2749, 22.0957], [72.2746, 22.0926], [72.2749, 22.0896], [72.2763, 22.0868], [72.2768, 22.0835], [72.2782, 22.0804], [72.2749, 22.0788], [72.2718, 22.0776], [72.269, 22.0762], [72.2663, 22.0749], [72.2637, 22.0732], [72.2615, 22.071], [72.259, 22.069], [72.2565, 22.0671], [72.2535, 22.0654], [72.2504, 22.064], [72.2471, 22.0632], [72.2443, 22.0618], [72.2412, 22.0607], [72.2379, 22.0593], [72.236, 22.0568], [72.234, 22.0543], [72.2324, 22.0515], [72.231, 22.0487], [72.2304, 22.0448], [72.2301, 22.039], [72.2307, 22.0357], [72.2312, 22.0326], [72.2324, 22.029], [72.2332, 22.0251], [72.2335, 22.021], [72.2326, 22.0176], [72.2296, 22.0185], [72.2254, 22.0193], [72.2221, 22.0193], [72.2204, 22.0168], [72.2182, 22.0146], [72.2165, 22.0118], [72.2124, 22.0107], [72.209, 22.0107], [72.2068, 22.0129], [72.2046, 22.0151], [72.2024, 22.0174], [72.2001, 22.0196], [72.1976, 22.0215], [72.1937, 22.0224], [72.1904, 22.0215], [72.1879, 22.0196], [72.1849, 22.0207], [72.1846, 22.0243], [72.1843, 22.0274], [72.184, 22.0307], [72.1826, 22.0335], [72.1799, 22.0354], [72.1776, 22.0379], [72.1757, 22.0404], [72.1724, 22.0415], [72.1749, 22.0393], [72.1765, 22.0363], [72.1796, 22.0349], [72.181, 22.0318], [72.181, 22.0287], [72.1818, 22.024], [72.1807, 22.021], [72.1824, 22.0182], [72.1854, 22.0163], [72.1904, 22.0154], [72.1935, 22.016], [72.1971, 22.0168], [72.1982, 22.0129], [72.1976, 22.0096], [72.1982, 22.0063], [72.2012, 22.0043], [72.2049, 22.0038], [72.2076, 22.0024], [72.2096, 22.0001], [72.2129, 21.9993], [72.2162, 21.9996], [72.2185, 22.0018], [72.221, 22.0038], [72.2235, 22.0057], [72.2262, 22.0071], [72.2301, 22.0085], [72.2312, 22.0057], [72.2301, 22.0026], [72.2285, 21.9999], [72.2304, 21.9962], [72.229, 21.9932], [72.2276, 21.9904], [72.2271, 21.9854], [72.226, 21.981], [72.2251, 21.9779], [72.224, 21.9746], [72.2224, 21.9715], [72.2215, 21.9682], [72.221, 21.9643], [72.2215, 21.9571], [72.2151, 21.9563], [72.2121, 21.9554], [72.2087, 21.9543], [72.2057, 21.9526], [72.2029, 21.951], [72.1999, 21.9493], [72.1974, 21.9471], [72.1949, 21.9451], [72.1924, 21.9432], [72.1888, 21.9435], [72.1862, 21.9454], [72.184, 21.9476], [72.1821, 21.9504], [72.1793, 21.9526], [72.1771, 21.9549], [72.1751, 21.9574], [72.171, 21.959], [72.1668, 21.9582], [72.164, 21.9599], [72.1621, 21.9624], [72.1607, 21.9654], [72.1585, 21.9685], [72.1574, 21.9715], [72.1568, 21.9749], [72.1537, 21.9768], [72.1513, 21.9788], [72.1493, 21.9813], [72.1468, 21.9832], [72.1485, 21.9807], [72.1507, 21.9785], [72.1532, 21.9765], [72.1554, 21.9743], [72.1568, 21.9701], [72.1579, 21.9665], [72.1599, 21.964], [72.161, 21.9607], [72.156, 21.959], [72.1526, 21.9585], [72.1499, 21.9571], [72.1474, 21.9554], [72.1513, 21.956], [72.1554, 21.9574], [72.1599, 21.9574], [72.1632, 21.9563], [72.1663, 21.9551], [72.169, 21.9538], [72.1718, 21.9524], [72.174, 21.9499], [72.1765, 21.9479], [72.1787, 21.9457], [72.1813, 21.9438], [72.1826, 21.9407], [72.1851, 21.939], [72.1882, 21.9379], [72.1932, 21.9371], [72.1971, 21.9382], [72.1999, 21.9396], [72.204, 21.9407], [72.2065, 21.9427], [72.2093, 21.9443], [72.2113, 21.9471], [72.214, 21.9488], [72.2179, 21.9485], [72.221, 21.9474], [72.2226, 21.9449], [72.2243, 21.9421], [72.226, 21.9393], [72.2271, 21.9363], [72.2282, 21.9335], [72.2293, 21.9307], [72.2307, 21.9268], [72.2332, 21.9246], [72.2351, 21.9221], [72.2376, 21.9204], [72.2404, 21.9185], [72.2424, 21.916], [72.244, 21.9132], [72.2457, 21.9107], [72.2474, 21.9079], [72.2487, 21.9051], [72.2498, 21.9018], [72.2521, 21.8996], [72.2532, 21.8965], [72.2543, 21.8935], [72.2557, 21.8907], [72.2565, 21.8874], [72.2571, 21.884], [72.2582, 21.881], [72.2582, 21.8774], [72.2574, 21.8743], [72.2565, 21.871], [72.256, 21.8671], [72.2554, 21.864], [72.2551, 21.8593], [72.2551, 21.8563], [72.2557, 21.8526], [72.2562, 21.8493], [72.2568, 21.8454], [72.2574, 21.8421], [72.2582, 21.8382], [72.2588, 21.8326], [72.2588, 21.8293], [72.2593, 21.8246], [72.2593, 21.8163], [72.259, 21.8129], [72.259, 21.8096], [72.2588, 21.8054], [72.2585, 21.8007], [72.2588, 21.7965], [72.2593, 21.7924], [72.2599, 21.7874], [72.2601, 21.7843], [72.2613, 21.7815], [72.2618, 21.7782], [72.2629, 21.7746], [72.264, 21.771], [72.2651, 21.7679], [72.2665, 21.7651], [72.2676, 21.7621], [72.269, 21.759], [72.2701, 21.7554], [72.2701, 21.7524], [72.2704, 21.7482], [72.2685, 21.7457], [72.2668, 21.7432], [72.2649, 21.7407], [72.2624, 21.7424], [72.2607, 21.7451], [72.2601, 21.7482], [72.2585, 21.7513], [72.2571, 21.754], [72.256, 21.7568], [72.2543, 21.7593], [72.2526, 21.7629], [72.2518, 21.7668], [72.2504, 21.7707], [72.2496, 21.774], [72.2493, 21.7776], [72.2487, 21.7838], [72.2485, 21.7876], [72.2474, 21.7904], [72.2451, 21.7926], [72.2418, 21.7938], [72.2387, 21.7949], [72.236, 21.7965], [72.2329, 21.7946], [72.2296, 21.796], [72.2271, 21.7976], [72.224, 21.799], [72.2215, 21.801], [72.2185, 21.8021], [72.2162, 21.8043], [72.214, 21.8065], [72.2126, 21.8099], [72.2121, 21.8143], [72.211, 21.8174], [72.209, 21.8199], [72.2068, 21.8221], [72.204, 21.8238], [72.201, 21.8254], [72.1982, 21.8268], [72.1943, 21.8276], [72.1893, 21.8282], [72.1854, 21.8274], [72.1832, 21.8251], [72.1862, 21.8263], [72.1893, 21.8268], [72.1949, 21.8271], [72.1979, 21.826], [72.2007, 21.8249], [72.2032, 21.8232], [72.2057, 21.8215], [72.2079, 21.8193], [72.2093, 21.8165], [72.2096, 21.8126], [72.2104, 21.8096], [72.2113, 21.8065], [72.2135, 21.8043], [72.2162, 21.8021], [72.2188, 21.8004], [72.221, 21.7982], [72.224, 21.7965], [72.2268, 21.7946], [72.2296, 21.7932], [72.2332, 21.7924], [72.2363, 21.7913], [72.2387, 21.7893], [72.2412, 21.7874], [72.2421, 21.7843], [72.2424, 21.781], [72.2429, 21.7779], [72.2429, 21.7746], [72.2438, 21.7704], [72.2443, 21.7671], [72.2435, 21.7638], [72.2457, 21.7615], [72.2465, 21.7582], [72.2474, 21.7546], [72.2471, 21.7512], [72.249, 21.7485], [72.2501, 21.7457], [72.2513, 21.7429], [72.2524, 21.7393], [72.254, 21.7365], [72.2554, 21.7335], [72.2565, 21.7299], [72.2582, 21.7271], [72.2593, 21.7243], [72.261, 21.7215], [72.2626, 21.7188], [72.2643, 21.7162], [72.266, 21.7135], [72.2676, 21.711], [72.269, 21.7082], [72.2699, 21.7051], [72.2712, 21.7021], [72.2735, 21.6999], [72.2751, 21.6974], [72.2768, 21.6949], [72.2785, 21.6924], [72.2801, 21.6899], [72.281, 21.6868], [72.2824, 21.684], [72.2835, 21.681], [72.2851, 21.6765], [72.2851, 21.6732], [72.2849, 21.6671], [72.2862, 21.6638], [72.2882, 21.6615], [72.2901, 21.659], [72.2918, 21.6565], [72.2946, 21.6549], [72.2965, 21.6524], [72.2985, 21.6499], [72.3001, 21.6474], [72.3018, 21.6449], [72.3029, 21.641], [72.3035, 21.6365], [72.3054, 21.6338], [72.306, 21.6285], [72.3049, 21.6257], [72.3037, 21.6229], [72.3024, 21.6199], [72.3007, 21.6174], [72.2985, 21.6151], [72.2962, 21.6129], [72.294, 21.6107], [72.2921, 21.6082], [72.2904, 21.6057], [72.2885, 21.6032], [72.2868, 21.6007], [72.2851, 21.5982], [72.2835, 21.5951], [72.2815, 21.5924], [72.2796, 21.5896], [72.2779, 21.5868], [72.2757, 21.5846], [72.274, 21.5821], [72.2724, 21.5796], [72.271, 21.5768], [72.2696, 21.574], [72.2685, 21.5699], [72.2679, 21.566], [72.2671, 21.5624], [72.266, 21.5593], [72.2643, 21.5565], [72.2643, 21.5479], [72.2651, 21.5415], [72.2643, 21.5385], [72.2632, 21.5357], [72.2626, 21.5318], [72.2613, 21.5287], [72.2599, 21.5254], [72.2588, 21.5213], [72.2585, 21.5179], [72.2571, 21.5143], [72.2554, 21.5118], [72.2549, 21.5079], [72.2543, 21.5029], [72.2532, 21.4999], [72.2518, 21.4971], [72.2513, 21.494], [72.2498, 21.491], [72.2482, 21.4876], [72.2468, 21.4835], [72.2451, 21.4807], [72.2438, 21.4779], [72.2426, 21.4737], [72.241, 21.4707], [72.2385, 21.4685], [72.2368, 21.4654], [72.2354, 21.4624], [72.2351, 21.4593], [72.2349, 21.4563], [72.2332, 21.4538], [72.2307, 21.4521], [72.229, 21.4496], [72.2268, 21.4474], [72.2251, 21.4446], [72.2243, 21.4404], [72.2218, 21.4382], [72.2199, 21.4357], [72.2176, 21.4335], [72.216, 21.431], [72.214, 21.4279], [72.2115, 21.426], [72.2101, 21.4232], [72.2071, 21.4215], [72.2049, 21.4193], [72.2024, 21.4176], [72.2012, 21.4143], [72.199, 21.4121], [72.1963, 21.4107], [72.1937, 21.4088], [72.1915, 21.4065], [72.1885, 21.4054], [72.1862, 21.4032], [72.184, 21.401], [72.181, 21.3993], [72.1782, 21.3974], [72.1757, 21.3954], [72.1743, 21.3924], [72.1721, 21.3901], [72.1704, 21.3871], [72.169, 21.3843], [72.1668, 21.381], [72.1668, 21.3765], [72.1646, 21.3743], [72.1624, 21.3721], [72.1599, 21.3701], [72.1579, 21.3676], [72.156, 21.3651], [72.1543, 21.3618], [72.1518, 21.3596], [72.1501, 21.3568], [72.1479, 21.3546], [72.1457, 21.3524], [72.1435, 21.3499], [72.1413, 21.3476], [72.139, 21.3454], [72.1365, 21.3435], [72.1343, 21.3412], [72.1324, 21.3388], [72.1304, 21.3365], [72.1285, 21.334], [72.1265, 21.3315], [72.1246, 21.3288], [72.1226, 21.3263], [72.121, 21.3238], [72.1196, 21.321], [72.1179, 21.3185], [72.1162, 21.3157], [72.1146, 21.3126], [72.1129, 21.3096], [72.1118, 21.306], [72.1104, 21.3032], [72.1096, 21.3001], [72.1107, 21.2968], [72.1118, 21.2935], [72.1107, 21.2907], [72.1104, 21.2876], [72.109, 21.2846], [72.1065, 21.2826], [72.1049, 21.2799], [72.1021, 21.2782], [72.0999, 21.2807], [72.0976, 21.2832], [72.0951, 21.2851], [72.0938, 21.2879], [72.0907, 21.2888], [72.0896, 21.2918], [72.0882, 21.2946], [72.0888, 21.2976], [72.0871, 21.3001], [72.0868, 21.3032], [72.0837, 21.3029], [72.0851, 21.2993], [72.0835, 21.2962], [72.0807, 21.2974], [72.0799, 21.3007], [72.0762, 21.3026], [72.0757, 21.2993], [72.079, 21.299], [72.0799, 21.2957], [72.0807, 21.2926], [72.0776, 21.2921], [72.0749, 21.2904], [72.0771, 21.2882], [72.0799, 21.2896], [72.0826, 21.2913], [72.0851, 21.2888], [72.0854, 21.2843], [72.0865, 21.2807], [72.0885, 21.2782], [72.0915, 21.2768], [72.0935, 21.2743], [72.0954, 21.2774], [72.0968, 21.2746], [72.0974, 21.2715], [72.0976, 21.2663], [72.0974, 21.2632], [72.0946, 21.2615], [72.0921, 21.2596], [72.0904, 21.2571], [72.0888, 21.2546], [72.0871, 21.2521], [72.0851, 21.2493], [72.0835, 21.2521], [72.0813, 21.2485], [72.0826, 21.2457], [72.0851, 21.2437], [72.086, 21.2385], [72.0865, 21.2354], [72.0876, 21.2318], [72.089, 21.229], [72.091, 21.2265], [72.094, 21.2254], [72.0963, 21.2229], [72.1012, 21.2229], [72.104, 21.2246], [72.1054, 21.2218], [72.1085, 21.221], [72.109, 21.2246], [72.1115, 21.2226], [72.111, 21.2196], [72.1085, 21.2179], [72.1054, 21.2171], [72.1079, 21.2146], [72.111, 21.2143], [72.1132, 21.2118], [72.1129, 21.2071], [72.1104, 21.2046], [72.1132, 21.2029], [72.1151, 21.2001], [72.114, 21.1971], [72.1104, 21.1968], [72.1076, 21.1954], [72.1032, 21.1957], [72.1007, 21.194], [72.0976, 21.1929], [72.0946, 21.1921], [72.0918, 21.191], [72.0871, 21.1904], [72.0873, 21.1874], [72.0843, 21.1868], [72.081, 21.1857], [72.079, 21.1832], [72.0762, 21.1818], [72.0743, 21.1793], [72.071, 21.1793], [72.0685, 21.1776], [72.0654, 21.1782], [72.0638, 21.1743], [72.0607, 21.1729], [72.0568, 21.1746], [72.0563, 21.1712], [72.0537, 21.1693], [72.0518, 21.1668], [72.0501, 21.164], [72.0479, 21.1618], [72.0465, 21.159], [72.0435, 21.1599], [72.0421, 21.1626], [72.0387, 21.1618], [72.0374, 21.159], [72.0346, 21.1579], [72.0312, 21.1568], [72.0279, 21.1551], [72.0235, 21.154], [72.0207, 21.1554], [72.0179, 21.154], [72.0176, 21.1504], [72.0149, 21.1485], [72.0118, 21.1476], [72.0099, 21.1446], [72.0096, 21.1415], [72.0113, 21.1385], [72.0113, 21.1351], [72.0088, 21.1335], [72.006, 21.1346], [72.0074, 21.1374], [72.0032, 21.1365], [72.0029, 21.1399], [72.0004, 21.1418], [71.9974, 21.1418], [71.9971, 21.1468], [71.999, 21.1507], [72.0004, 21.1535], [72.0035, 21.1526], [72.0057, 21.1549], [72.0085, 21.1562], [72.0074, 21.159], [72.0068, 21.1621], [72.0099, 21.1632], [72.0137, 21.1646], [72.0146, 21.1676], [72.0118, 21.1701], [72.0149, 21.1712], [72.0176, 21.1729], [72.019, 21.1757], [72.0215, 21.1779], [72.0238, 21.181], [72.0221, 21.1837], [72.0207, 21.1865], [72.0182, 21.1882], [72.0151, 21.186], [72.0121, 21.1854], [72.0104, 21.1829], [72.0074, 21.1818], [72.004, 21.181], [72.0043, 21.1779], [72.004, 21.1749], [72.0043, 21.1718], [72.0035, 21.1688], [72.001, 21.1671], [71.9985, 21.1649], [71.9965, 21.1674], [71.9946, 21.1699], [71.994, 21.1665], [71.9943, 21.1635], [71.9943, 21.1604], [71.991, 21.1593], [71.9882, 21.1582], [71.9857, 21.1562], [71.9857, 21.1532], [71.9896, 21.1543], [71.991, 21.1487], [71.9918, 21.1451], [71.9907, 21.1421], [71.9882, 21.1404], [71.9854, 21.139], [71.9818, 21.1376], [71.979, 21.136], [71.9821, 21.1354], [71.9851, 21.1346], [71.9835, 21.1321], [71.9804, 21.131], [71.9771, 21.131], [71.974, 21.129], [71.9771, 21.1285], [71.9754, 21.126], [71.9779, 21.124], [71.9768, 21.121], [71.9737, 21.1207], [71.9704, 21.121], [71.9674, 21.1215], [71.9643, 21.1204], [71.966, 21.1229], [71.961, 21.1243], [71.9582, 21.1232], [71.9551, 21.1232], [71.9538, 21.1201], [71.9512, 21.1185], [71.9482, 21.1187], [71.9446, 21.1179], [71.9415, 21.1185], [71.9404, 21.1157], [71.9357, 21.1154], [71.9326, 21.1151], [71.9293, 21.1143], [71.9271, 21.1121], [71.9243, 21.111], [71.9201, 21.1118], [71.916, 21.1121], [71.9132, 21.1104], [71.9096, 21.1107], [71.9068, 21.1096], [71.9035, 21.109], [71.8993, 21.1093], [71.8979, 21.1065], [71.8951, 21.1051], [71.8913, 21.1037], [71.8887, 21.1018], [71.8879, 21.0985], [71.8857, 21.096], [71.8835, 21.0938], [71.8812, 21.0918], [71.879, 21.0896], [71.876, 21.0888], [71.8696, 21.0901], [71.8685, 21.0871], [71.8637, 21.0868], [71.8607, 21.0854], [71.8582, 21.0835], [71.8565, 21.081], [71.8532, 21.0804], [71.851, 21.0782], [71.8481, 21.0765], [71.8449, 21.0785], [71.8421, 21.0774], [71.8393, 21.0751], [71.8365, 21.0738], [71.8324, 21.0726], [71.8296, 21.0707], [71.8257, 21.069], [71.8229, 21.0704], [71.8199, 21.0721], [71.8174, 21.0701], [71.8143, 21.069], [71.8115, 21.0676], [71.809, 21.0657], [71.8065, 21.0638], [71.8035, 21.0635], [71.8007, 21.0618], [71.7988, 21.0593], [71.7971, 21.0565], [71.7962, 21.0532], [71.799, 21.0518], [71.8001, 21.0488], [71.8026, 21.0471], [71.8043, 21.0443], [71.8057, 21.0415], [71.8068, 21.0379], [71.8029, 21.0388], [71.7999, 21.0388], [71.7965, 21.0379], [71.7935, 21.0371], [71.7913, 21.0393], [71.7882, 21.0399], [71.786, 21.0376], [71.7871, 21.0404], [71.7843, 21.0388], [71.7804, 21.039], [71.7774, 21.039], [71.7796, 21.0365], [71.7821, 21.0343], [71.7854, 21.0326], [71.7826, 21.0312], [71.779, 21.0296], [71.776, 21.0296], [71.7715, 21.0287], [71.7688, 21.0265], [71.7651, 21.0263], [71.7637, 21.0232], [71.7615, 21.0207], [71.7564, 21.0207], [71.7535, 21.0224], [71.751, 21.0207], [71.7479, 21.0204], [71.7443, 21.019], [71.741, 21.0182], [71.7379, 21.0185], [71.7357, 21.0207], [71.7332, 21.019], [71.7304, 21.0174], [71.7299, 21.0143], [71.7268, 21.0149], [71.7276, 21.0179], [71.7276, 21.021], [71.724, 21.0218], [71.7207, 21.0218], [71.7171, 21.021], [71.714, 21.0199], [71.7113, 21.0185], [71.7085, 21.0171], [71.7057, 21.0151], [71.7032, 21.0132], [71.7007, 21.0115], [71.6974, 21.0099], [71.6937, 21.009], [71.6904, 21.0085], [71.6876, 21.0071], [71.6846, 21.0057], [71.6821, 21.0038], [71.6796, 21.0018], [71.6799, 20.9987], [71.6774, 20.9971], [71.6744, 20.9974], [71.6712, 20.9988], [71.665, 20.9993], [71.661, 20.999], [71.6576, 20.9985], [71.6537, 20.9977], [71.6504, 20.9965], [71.6476, 20.9951], [71.6449, 20.9937], [71.6424, 20.9921], [71.6399, 20.9904], [71.6382, 20.9879], [71.6374, 20.9846], [71.6363, 20.981], [71.6363, 20.9779], [71.6387, 20.976], [71.6365, 20.9738], [71.6338, 20.9724], [71.631, 20.9713], [71.6282, 20.9701], [71.6252, 20.969], [71.6221, 20.9679], [71.619, 20.9699], [71.6188, 20.9729], [71.6165, 20.9751], [71.6126, 20.9757], [71.611, 20.9729], [71.6113, 20.9696], [71.6096, 20.9668], [71.6071, 20.9651], [71.6035, 20.9646], [71.6, 20.9646], [71.5982, 20.9671], [71.596, 20.9649], [71.5943, 20.9624], [71.5891, 20.9604], [71.586, 20.9601], [71.582, 20.959], [71.5793, 20.9576], [71.5799, 20.9543], [71.5762, 20.954], [71.5732, 20.954], [71.5701, 20.9538], [71.5676, 20.9521], [71.5651, 20.9499], [71.5612, 20.9499], [71.5565, 20.9501], [71.5535, 20.9499], [71.5479, 20.9496], [71.5449, 20.9496], [71.5424, 20.9479], [71.539, 20.9463], [71.536, 20.9451], [71.5301, 20.9432], [71.5276, 20.9451], [71.5246, 20.9465], [71.5226, 20.949], [71.5179, 20.9493], [71.5149, 20.9482], [71.5126, 20.946], [71.5099, 20.9443], [71.5085, 20.9415], [71.511, 20.9393], [71.5107, 20.9363], [71.5085, 20.934], [71.5071, 20.9312], [71.5093, 20.929], [71.5113, 20.9262], [71.514, 20.9243], [71.5149, 20.9212], [71.5124, 20.9196], [71.5099, 20.9179], [71.5071, 20.9162], [71.5024, 20.9165], [71.4993, 20.9179], [71.4932, 20.9179], [71.4907, 20.916], [71.4879, 20.9146], [71.4865, 20.9118], [71.4882, 20.9093], [71.4924, 20.9088], [71.4843, 20.9076], [71.4821, 20.9051], [71.4821, 20.901], [71.4804, 20.8985], [71.4785, 20.896], [71.4785, 20.8929], [71.4771, 20.8901], [71.474, 20.8896], [71.4715, 20.8876], [71.469, 20.8857], [71.4651, 20.8849], [71.4635, 20.8824], [71.4599, 20.881], [71.4557, 20.8807], [71.4524, 20.8813], [71.4485, 20.8815], [71.4479, 20.8771], [71.4443, 20.8762], [71.4424, 20.8738], [71.4412, 20.871], [71.4388, 20.869], [71.4357, 20.8685], [71.4324, 20.8685], [71.4282, 20.8674], [71.4249, 20.8674], [71.4215, 20.8668], [71.4193, 20.869], [71.4157, 20.8679], [71.4118, 20.8668], [71.4082, 20.8682], [71.4046, 20.8685], [71.4018, 20.8668], [71.3971, 20.8654], [71.3926, 20.8671], [71.3887, 20.8663], [71.3907, 20.8687], [71.3904, 20.8718], [71.3887, 20.8743], [71.3851, 20.876], [71.3821, 20.8751], [71.379, 20.8743], [71.3765, 20.8724], [71.3765, 20.869], [71.3785, 20.8665], [71.3812, 20.8651], [71.3815, 20.861], [71.3846, 20.8599], [71.3879, 20.8604], [71.3851, 20.859], [71.3824, 20.8568], [71.379, 20.856], [71.3757, 20.856], [71.3729, 20.8543], [71.3696, 20.8535], [71.3668, 20.8524], [71.3624, 20.8524], [71.359, 20.8518], [71.356, 20.851], [71.3518, 20.8513], [71.3487, 20.8502], [71.3449, 20.8513], [71.3418, 20.8504], [71.339, 20.8485], [71.336, 20.8485], [71.3332, 20.8471], [71.3301, 20.8463], [71.3271, 20.8463], [71.3226, 20.8463], [71.3196, 20.8451], [71.3171, 20.8432], [71.314, 20.8421], [71.3107, 20.8407], [71.3079, 20.8393], [71.3049, 20.8385], [71.3021, 20.8368], [71.2962, 20.8354], [71.2937, 20.8335], [71.2921, 20.8307], [71.2887, 20.8293], [71.2857, 20.8279], [71.2826, 20.8268], [71.2796, 20.8276], [71.2774, 20.8254], [71.274, 20.8243], [71.2682, 20.8224], [71.2651, 20.821], [71.2626, 20.8188], [71.2601, 20.8171], [71.2571, 20.8157], [71.2535, 20.8151], [71.2508, 20.8137], [71.2471, 20.8129], [71.2426, 20.8124], [71.2388, 20.8115], [71.2371, 20.809], [71.2351, 20.8065], [71.2326, 20.804], [71.2296, 20.8043], [71.2257, 20.8035], [71.2199, 20.8038], [71.2157, 20.8029], [71.2107, 20.8026], [71.2085, 20.8004], [71.2063, 20.7982], [71.2051, 20.7949], [71.2046, 20.7918], [71.2032, 20.789], [71.1996, 20.7885], [71.1968, 20.7874], [71.1932, 20.7863], [71.1896, 20.786], [71.1843, 20.7851], [71.1807, 20.7843], [71.1774, 20.7838], [71.1738, 20.7832], [71.1704, 20.7826], [71.166, 20.7824], [71.1632, 20.7812], [71.1601, 20.7804], [71.1573, 20.779], [71.1549, 20.7771], [71.1524, 20.7751], [71.151, 20.7724], [71.1501, 20.7685], [71.1485, 20.7657], [71.1499, 20.7629], [71.154, 20.7618], [71.1521, 20.759], [71.149, 20.7576], [71.146, 20.7574], [71.1426, 20.7574], [71.1379, 20.7568], [71.1329, 20.7565], [71.1279, 20.7574], [71.1257, 20.7551], [71.1201, 20.754], [71.1182, 20.7565], [71.116, 20.7588], [71.1118, 20.7607], [71.109, 20.7593], [71.1054, 20.7588], [71.0987, 20.7574], [71.0943, 20.7582], [71.0913, 20.7576], [71.0879, 20.7568], [71.0851, 20.7554], [71.0824, 20.7538], [71.0801, 20.7518], [71.0776, 20.749], [71.076, 20.7462], [71.0782, 20.7438], [71.0796, 20.7407], [71.0799, 20.7376], [71.0757, 20.7365], [71.0707, 20.7354], [71.0671, 20.7349], [71.0629, 20.7337], [71.0607, 20.7362], [71.0579, 20.7349], [71.0551, 20.7335], [71.0524, 20.7321], [71.0457, 20.731], [71.0443, 20.7337], [71.0413, 20.7357], [71.0387, 20.7374], [71.0354, 20.7388], [71.0324, 20.7393], [71.029, 20.739], [71.0248, 20.739], [71.0215, 20.7385], [71.0182, 20.739], [71.0151, 20.7399], [71.011, 20.7399], [71.0079, 20.7388], [71.0049, 20.7374], [71.0018, 20.736], [70.9987, 20.7349], [70.996, 20.7329], [70.9935, 20.7313], [70.9915, 20.7287], [70.9904, 20.7257], [70.9885, 20.7232], [70.9857, 20.7243], [70.9857, 20.7274], [70.9874, 20.731], [70.9904, 20.7307], [70.9918, 20.734], [70.9943, 20.736], [70.9962, 20.7388], [70.9982, 20.7415], [70.9943, 20.7424], [70.9926, 20.7451], [70.9896, 20.7457], [70.9863, 20.7451], [70.9826, 20.7449], [70.9799, 20.7432], [70.9774, 20.7415], [70.9749, 20.7399], [70.9718, 20.739], [70.9688, 20.7396], [70.9662, 20.7412], [70.9632, 20.7418], [70.9604, 20.7404], [70.9582, 20.7379], [70.9557, 20.736], [70.9596, 20.736], [70.9626, 20.7346], [70.9635, 20.7315], [70.9485, 20.7337], [70.9389, 20.7365], [70.934, 20.7359], [70.9297, 20.7319], [70.9209, 20.7289], [70.9049, 20.7265], [70.8997, 20.7239], [70.8969, 20.72], [70.893, 20.713], [70.8921, 20.7082], [70.8885, 20.7087], [70.884, 20.7138], [70.8737, 20.7098], [70.8735, 20.7129], [70.8735, 20.7179], [70.876, 20.7199], [70.8779, 20.7224], [70.8801, 20.7251], [70.8821, 20.7274], [70.8849, 20.7296], [70.8879, 20.7299], [70.8915, 20.7307], [70.8962, 20.7318], [70.8993, 20.7326], [70.9029, 20.7332], [70.9057, 20.7346], [70.909, 20.7351], [70.9124, 20.7351], [70.9168, 20.7354], [70.9196, 20.7365], [70.9151, 20.7365], [70.9149, 20.7396], [70.9174, 20.7415], [70.9199, 20.7435], [70.9168, 20.7435], [70.9143, 20.7418], [70.9126, 20.739], [70.9085, 20.7371], [70.9046, 20.7368], [70.9021, 20.7351], [70.8988, 20.7346], [70.8957, 20.7337], [70.8918, 20.7335], [70.8882, 20.7337], [70.8849, 20.7329], [70.8821, 20.7318], [70.8788, 20.731], [70.8771, 20.7285], [70.8737, 20.7271], [70.8715, 20.7293], [70.8693, 20.7315], [70.8679, 20.7343], [70.8662, 20.7368], [70.864, 20.739], [70.8635, 20.7421], [70.8629, 20.7454], [70.8646, 20.7493], [70.8632, 20.7521], [70.8629, 20.7551], [70.8593, 20.7549], [70.8546, 20.7532], [70.8436, 20.7604], [70.8448, 20.7641], [70.849, 20.7656], [70.8637, 20.7637], [70.8673, 20.7646], [70.8672, 20.7695], [70.8645, 20.7735], [70.8629, 20.7818], [70.8649, 20.79], [70.8674, 20.795], [70.8765, 20.7888], [70.883, 20.7928], [70.8939, 20.7947], [70.896, 20.8044], [70.8972, 20.8162], [70.8962, 20.8248], [70.8906, 20.8329], [70.8833, 20.8353], [70.873, 20.835], [70.8503, 20.8315], [70.8417, 20.8324], [70.8379, 20.8366], [70.8381, 20.8443], [70.8362, 20.8478], [70.829, 20.8489], [70.8202, 20.8492], [70.817, 20.8512], [70.8197, 20.8577], [70.8258, 20.8589], [70.8405, 20.8578], [70.8464, 20.8606], [70.8652, 20.8654], [70.8751, 20.8689], [70.8843, 20.8732], [70.8971, 20.8822], [70.9002, 20.8857], [70.9028, 20.8972], [70.9016, 20.9033], [70.8924, 20.93], [70.8897, 20.9358], [70.887, 20.9452], [70.8802, 20.9554], [70.8691, 20.9571], [70.8621, 20.9608], [70.855, 20.9612], [70.8513, 20.9631], [70.8494, 20.9668], [70.846, 20.9706], [70.8383, 20.9701], [70.8328, 20.9685], [70.8276, 20.9653], [70.825, 20.9604], [70.8215, 20.9597], [70.8166, 20.96], [70.8079, 20.9644], [70.8033, 20.9602], [70.7935, 20.9595], [70.7892, 20.9599], [70.7838, 20.9622], [70.7793, 20.967], [70.773, 20.9612], [70.768, 20.962], [70.7623, 20.9656], [70.7555, 20.9738], [70.7465, 20.989], [70.7417, 20.9901], [70.7355, 20.9898], [70.7345, 20.986], [70.7404, 20.9768], [70.7386, 20.9687], [70.7307, 20.9601], [70.7219, 20.9442], [70.7194, 20.937], [70.7176, 20.916], [70.7176, 20.9121], [70.7131, 20.9056], [70.7027, 20.895], [70.6942, 20.883], [70.6845, 20.851], [70.679, 20.844], [70.6774, 20.8352], [70.6783, 20.8263], [70.6763, 20.8188], [70.6776, 20.8094], [70.682, 20.8011], [70.6848, 20.7918], [70.683, 20.7841], [70.6769, 20.7715], [70.6784, 20.7664], [70.676, 20.7633], [70.6726, 20.7646], [70.6721, 20.7615], [70.6671, 20.7615], [70.6637, 20.7618], [70.6646, 20.7585], [70.6665, 20.756], [70.6668, 20.7526], [70.6649, 20.7551], [70.6629, 20.7582], [70.6599, 20.7588], [70.6568, 20.7599], [70.6571, 20.7629], [70.6546, 20.7646], [70.6515, 20.7638], [70.6476, 20.7635], [70.6443, 20.7635], [70.6415, 20.7651], [70.6387, 20.7674], [70.636, 20.769], [70.6329, 20.7687], [70.6288, 20.7685], [70.6243, 20.7693], [70.6218, 20.771], [70.6174, 20.7715], [70.6146, 20.7699], [70.6118, 20.7713], [70.6126, 20.7746], [70.6099, 20.776], [70.6068, 20.7774], [70.6032, 20.7774], [70.5993, 20.7776], [70.5965, 20.779], [70.5932, 20.7804], [70.5899, 20.7818], [70.5865, 20.7812], [70.5843, 20.7835], [70.5821, 20.7857], [70.5796, 20.7876], [70.5771, 20.7893], [70.5746, 20.791], [70.5718, 20.7924], [70.5668, 20.7932], [70.5638, 20.7935], [70.5607, 20.7943], [70.559, 20.7974], [70.5571, 20.7999], [70.5549, 20.8024], [70.5521, 20.8035], [70.549, 20.8046], [70.5462, 20.8032], [70.5432, 20.8029], [70.5401, 20.8024], [70.5371, 20.804], [70.5349, 20.8062], [70.5329, 20.8085], [70.5296, 20.8096], [70.5238, 20.8107], [70.5212, 20.8124], [70.5188, 20.8149], [70.5165, 20.8171], [70.5129, 20.8182], [70.511, 20.8207], [70.5076, 20.8221], [70.504, 20.8226], [70.501, 20.8235], [70.4985, 20.8251], [70.496, 20.8268], [70.4929, 20.8282], [70.4899, 20.8285], [70.4882, 20.8313], [70.4874, 20.8343], [70.4832, 20.8351], [70.4804, 20.8362], [70.4782, 20.8385], [70.4757, 20.8404], [70.4724, 20.8404], [70.469, 20.8382], [70.4662, 20.8396], [70.4629, 20.8412], [70.461, 20.8438], [70.4579, 20.8451], [70.4551, 20.8465], [70.4524, 20.8485], [70.4493, 20.8479], [70.4471, 20.8502], [70.4446, 20.8521], [70.4421, 20.8543], [70.439, 20.8526], [70.4365, 20.8546], [70.4337, 20.8565], [70.4318, 20.859], [70.4299, 20.8615], [70.4268, 20.8624], [70.4243, 20.8646], [70.4221, 20.8668], [70.4199, 20.869], [70.4179, 20.8715], [70.4154, 20.8735], [70.4129, 20.8754], [70.4112, 20.8801], [70.4137, 20.8818], [70.4171, 20.8826], [70.4176, 20.886], [70.414, 20.8832], [70.4104, 20.8835], [70.4074, 20.8824], [70.4049, 20.8843], [70.4024, 20.8863], [70.3999, 20.8879], [70.3979, 20.8904], [70.3957, 20.8926], [70.3918, 20.8943], [70.3887, 20.8951], [70.386, 20.8968], [70.3826, 20.8982], [70.3801, 20.9001], [70.3765, 20.901], [70.3735, 20.9021], [70.3707, 20.9007], [70.3724, 20.8976], [70.3746, 20.8949], [70.3718, 20.8965], [70.3696, 20.8987], [70.3665, 20.9001], [70.364, 20.9018], [70.361, 20.9035], [70.3585, 20.9051], [70.356, 20.9068], [70.3535, 20.9085], [70.351, 20.9104], [70.3493, 20.9132], [70.3471, 20.9162], [70.3496, 20.9185], [70.3476, 20.9215], [70.3465, 20.9174], [70.3432, 20.9162], [70.3404, 20.9176], [70.3379, 20.9193], [70.3354, 20.9212], [70.3326, 20.9226], [70.3299, 20.924], [70.326, 20.9251], [70.3235, 20.9268], [70.3204, 20.9276], [70.3187, 20.9301], [70.3171, 20.9326], [70.3132, 20.9346], [70.3107, 20.9363], [70.3093, 20.939], [70.3065, 20.9404], [70.3037, 20.9418], [70.301, 20.9435], [70.2985, 20.9454], [70.2954, 20.9468], [70.2926, 20.9488], [70.2904, 20.951], [70.2877, 20.9526], [70.2851, 20.9543], [70.2824, 20.9557], [70.2799, 20.9574], [70.2776, 20.9599], [70.2749, 20.9621], [70.2724, 20.9638], [70.2699, 20.9654], [70.2674, 20.9671], [70.2646, 20.9687], [70.2624, 20.971], [70.2599, 20.9726], [70.2573, 20.9743], [70.2549, 20.9763], [70.2526, 20.9785], [70.251, 20.9813], [70.2487, 20.9835], [70.2462, 20.9857], [70.244, 20.9879], [70.2421, 20.9904], [70.2399, 20.9926], [70.2421, 20.9949], [70.2443, 20.9971], [70.2465, 20.9993], [70.2435, 20.9977], [70.2412, 20.9957], [70.2382, 20.994], [70.2376, 20.9971], [70.2399, 20.9993], [70.2371, 20.9979], [70.2343, 20.9968], [70.2318, 20.9985], [70.2268, 20.9988], [70.2251, 21.0015], [70.2224, 21.0029], [70.2204, 21.006], [70.2165, 21.0068], [70.2146, 21.0093], [70.2115, 21.0104], [70.2093, 21.0127], [70.2071, 21.0151], [70.2046, 21.0171], [70.2024, 21.0193], [70.2001, 21.0215], [70.1974, 21.0235], [70.1946, 21.0254], [70.1924, 21.0277], [70.1899, 21.0293], [70.1871, 21.0307], [70.1849, 21.0332], [70.1824, 21.0349], [70.1801, 21.0371], [70.1768, 21.0388], [70.1754, 21.0415], [70.1726, 21.0438], [70.1707, 21.0462], [70.1679, 21.0479], [70.1657, 21.0501], [70.1632, 21.0524], [70.1601, 21.0535], [70.1579, 21.0562], [70.1554, 21.0582], [70.1535, 21.0607], [70.151, 21.0626], [70.149, 21.0649], [70.1468, 21.0671], [70.1435, 21.0679], [70.1421, 21.0707], [70.1413, 21.0738], [70.1387, 21.076], [70.1387, 21.0793], [70.1415, 21.0804], [70.1449, 21.0804], [70.1476, 21.0785], [70.1457, 21.081], [70.1429, 21.0826], [70.1404, 21.0843], [70.1366, 21.0857], [70.1363, 21.0826], [70.1343, 21.0801], [70.1312, 21.081], [70.1293, 21.0835], [70.1268, 21.0854], [70.1235, 21.0874], [70.1212, 21.0899], [70.1182, 21.0918], [70.1154, 21.0937], [70.1135, 21.0963], [70.111, 21.0979], [70.109, 21.1004], [70.1065, 21.1024], [70.1051, 21.1054], [70.1012, 21.1054], [70.0982, 21.1063], [70.096, 21.1087], [70.094, 21.111], [70.0918, 21.1132], [70.0896, 21.1154], [70.0874, 21.1176], [70.0854, 21.1199], [70.0826, 21.1215], [70.0804, 21.1238], [70.0779, 21.1257], [70.076, 21.1282], [70.0738, 21.1304], [70.0713, 21.1321], [70.0701, 21.1351], [70.0679, 21.1376], [70.0651, 21.139], [70.0629, 21.1413], [70.0601, 21.1429], [70.0579, 21.1451], [70.0563, 21.1485], [70.0535, 21.1501], [70.0518, 21.1526], [70.0493, 21.1546], [70.0468, 21.1565], [70.0457, 21.1593], [70.0435, 21.1615], [70.0415, 21.164], [70.0396, 21.1665], [70.0374, 21.1688], [70.0354, 21.1712], [70.0332, 21.1735], [70.0329, 21.1765], [70.0351, 21.1788], [70.0371, 21.1812], [70.0335, 21.1801], [70.0293, 21.1785], [70.0271, 21.1807], [70.0246, 21.1824], [70.0221, 21.1846], [70.0199, 21.1871], [70.0176, 21.1896], [70.0146, 21.1918], [70.0126, 21.1943], [70.0099, 21.1957], [70.0076, 21.1979], [70.006, 21.2007], [70.0037, 21.2029], [70.001, 21.2049], [69.999, 21.2074], [69.9968, 21.2096], [69.9949, 21.2124], [69.9926, 21.2146], [69.9901, 21.2165], [69.9887, 21.2193], [69.9865, 21.2215], [69.9843, 21.2237], [69.9826, 21.2263], [69.9804, 21.2285], [69.9782, 21.2307], [69.976, 21.2329], [69.974, 21.2354], [69.9718, 21.2376], [69.9696, 21.2399], [69.9676, 21.2424], [69.9654, 21.2449], [69.9632, 21.2471], [69.961, 21.2493], [69.959, 21.2518], [69.9568, 21.254], [69.9551, 21.2565], [69.9529, 21.2588], [69.951, 21.2613], [69.949, 21.2637], [69.9468, 21.266], [69.9449, 21.2685], [69.9429, 21.271], [69.9407, 21.2732], [69.9388, 21.2757], [69.9365, 21.2779], [69.9343, 21.2801], [69.9321, 21.2824], [69.9299, 21.2846], [69.9279, 21.2871], [69.9257, 21.2893], [69.9235, 21.2915], [69.9215, 21.294], [69.9193, 21.2962], [69.9174, 21.2985], [69.9157, 21.301], [69.9135, 21.3032], [69.9118, 21.3057], [69.9096, 21.3079], [69.9079, 21.3104], [69.9057, 21.3126], [69.9035, 21.3149], [69.9015, 21.3174], [69.8993, 21.3196], [69.8971, 21.3218], [69.8951, 21.3243], [69.8929, 21.3265], [69.891, 21.329], [69.889, 21.3315], [69.8868, 21.3337], [69.8851, 21.3362], [69.8829, 21.3385], [69.881, 21.3412], [69.8788, 21.3432], [69.8768, 21.3457], [69.8746, 21.3479], [69.8726, 21.3504], [69.8704, 21.3526], [69.8685, 21.3551], [69.8663, 21.3574], [69.8643, 21.3599], [69.8621, 21.3621], [69.8601, 21.3646], [69.8579, 21.3668], [69.856, 21.3693], [69.8538, 21.3715], [69.8518, 21.3738], [69.8499, 21.3763], [69.8479, 21.3788], [69.8457, 21.381], [69.8438, 21.3835], [69.8415, 21.3857], [69.8396, 21.3882], [69.8374, 21.3904], [69.8354, 21.3929], [69.8332, 21.3951], [69.8313, 21.3976], [69.8293, 21.3999], [69.8271, 21.4021], [69.8251, 21.4046], [69.8229, 21.4068], [69.821, 21.4093], [69.8187, 21.4115], [69.8168, 21.414], [69.8146, 21.4163], [69.8126, 21.4188], [69.8104, 21.421], [69.8085, 21.4235], [69.8063, 21.4257], [69.8043, 21.4282], [69.8021, 21.4304], [69.7999, 21.4326], [69.7979, 21.4349], [69.796, 21.4374], [69.7937, 21.4396], [69.7918, 21.4421], [69.7896, 21.4443], [69.7874, 21.4465], [69.7854, 21.449], [69.7832, 21.4513], [69.781, 21.4535], [69.7799, 21.4565], [69.7826, 21.4549], [69.7849, 21.4526], [69.7915, 21.4515], [69.7965, 21.4515], [69.7999, 21.4521], [69.801, 21.4551], [69.8046, 21.4549], [69.8015, 21.4563], [69.8018, 21.4593], [69.8035, 21.4618], [69.8012, 21.4596], [69.8001, 21.4565], [69.7979, 21.454], [69.7935, 21.4526], [69.786, 21.4535], [69.7838, 21.4557], [69.7812, 21.4576], [69.779, 21.4599], [69.7782, 21.4629], [69.7749, 21.4632], [69.7757, 21.4599], [69.7735, 21.4624], [69.7715, 21.4649], [69.7696, 21.4674], [69.7674, 21.4696], [69.7651, 21.4718], [69.7629, 21.474], [69.7607, 21.4763], [69.7588, 21.4788], [69.7565, 21.481], [69.7543, 21.4832], [69.7521, 21.4854], [69.7501, 21.4879], [69.7479, 21.4901], [69.7457, 21.4924], [69.7435, 21.4946], [69.7415, 21.4971], [69.7393, 21.4993], [69.7374, 21.5018], [69.7351, 21.504], [69.7335, 21.5065], [69.7315, 21.509], [69.7293, 21.5113], [69.7274, 21.5138], [69.7251, 21.516], [69.7229, 21.5182], [69.7207, 21.5204], [69.7185, 21.5226], [69.7162, 21.5251], [69.714, 21.5274], [69.7121, 21.5299], [69.7118, 21.5329], [69.7149, 21.5338], [69.7182, 21.5351], [69.7207, 21.5368], [69.7221, 21.5396], [69.7251, 21.5418], [69.7288, 21.5415], [69.729, 21.5449], [69.7279, 21.5479], [69.7268, 21.5507], [69.726, 21.5546], [69.7279, 21.5571], [69.7304, 21.559], [69.7332, 21.5604], [69.736, 21.5618], [69.7393, 21.5624], [69.7426, 21.5618], [69.7465, 21.5624], [69.7493, 21.5613], [69.7513, 21.5643], [69.7496, 21.5668], [69.7479, 21.5693], [69.7471, 21.5729], [69.751, 21.5732], [69.7515, 21.5763], [69.7543, 21.5776], [69.7582, 21.5771], [69.7613, 21.5793], [69.7643, 21.5788], [69.764, 21.5821], [69.7643, 21.5851], [69.7649, 21.589], [69.7635, 21.5921], [69.7637, 21.596], [69.7596, 21.5957], [69.7579, 21.5926], [69.7557, 21.5954], [69.7557, 21.599], [69.7557, 21.6057], [69.7535, 21.6079], [69.751, 21.6101], [69.751, 21.6132], [69.7499, 21.6168], [69.7482, 21.6193], [69.7468, 21.6221], [69.7457, 21.6251], [69.7457, 21.631], [69.7446, 21.6343], [69.7429, 21.6371], [69.7407, 21.6393], [69.7376, 21.6393], [69.7368, 21.6435], [69.7368, 21.6474], [69.7376, 21.6504], [69.7343, 21.6507], [69.7351, 21.6476], [69.7326, 21.6454], [69.7318, 21.6424], [69.729, 21.641], [69.7274, 21.6385], [69.7304, 21.6374], [69.729, 21.634], [69.7262, 21.6327], [69.7232, 21.6338], [69.7201, 21.6354], [69.7179, 21.6376], [69.7149, 21.6401], [69.7149, 21.6368], [69.7174, 21.6332], [69.7146, 21.6321], [69.7132, 21.6349], [69.7118, 21.6376], [69.7096, 21.6399], [69.7068, 21.6415], [69.7085, 21.6443], [69.7063, 21.6465], [69.7032, 21.6468], [69.7007, 21.6451], [69.6976, 21.6443], [69.6957, 21.6415], [69.6937, 21.639], [69.6904, 21.6404], [69.6879, 21.6385], [69.6832, 21.6365], [69.6801, 21.6363], [69.6782, 21.6388], [69.6787, 21.6351], [69.6813, 21.6335], [69.684, 21.6318], [69.6865, 21.6301], [69.6915, 21.6296], [69.6932, 21.6271], [69.6949, 21.6243], [69.6965, 21.6215], [69.6985, 21.619], [69.7004, 21.6165], [69.7035, 21.6154], [69.7054, 21.6129], [69.7085, 21.6112], [69.7115, 21.6101], [69.7138, 21.6079], [69.7157, 21.6054], [69.7171, 21.6026], [69.7165, 21.5996], [69.7132, 21.5993], [69.7096, 21.6004], [69.7065, 21.6015], [69.7029, 21.6021], [69.7001, 21.6001], [69.6985, 21.5968], [69.6979, 21.5935], [69.6946, 21.5932], [69.6935, 21.5963], [69.6932, 21.6024], [69.6965, 21.6032], [69.6985, 21.6004], [69.701, 21.6026], [69.6993, 21.6051], [69.6965, 21.6065], [69.6949, 21.6096], [69.6932, 21.6121], [69.6913, 21.6146], [69.6882, 21.616], [69.6851, 21.6174], [69.6826, 21.6193], [69.6801, 21.6212], [69.6774, 21.6229], [69.674, 21.6238], [69.6712, 21.6251], [69.664, 21.626], [69.661, 21.6246], [69.6579, 21.6265], [69.6562, 21.629], [69.6537, 21.6313], [69.6504, 21.6324], [69.6476, 21.6338], [69.6449, 21.6351], [69.6424, 21.6368], [69.6399, 21.6385], [69.6376, 21.6407], [69.6357, 21.6432], [69.6326, 21.6429], [69.634, 21.6401], [69.6365, 21.6382], [69.639, 21.6363], [69.6413, 21.6343], [69.644, 21.6329], [69.6462, 21.6307], [69.6485, 21.6285], [69.6515, 21.6265], [69.6546, 21.6251], [69.6574, 21.6238], [69.6604, 21.6232], [69.6632, 21.6221], [69.666, 21.6207], [69.6679, 21.6182], [69.6696, 21.6157], [69.671, 21.6129], [69.674, 21.6129], [69.6762, 21.6107], [69.6762, 21.6076], [69.6771, 21.6046], [69.6793, 21.6024], [69.6818, 21.6001], [69.684, 21.5979], [69.6871, 21.5957], [69.6901, 21.5949], [69.6929, 21.5929], [69.6957, 21.5915], [69.6988, 21.5899], [69.7046, 21.5896], [69.7074, 21.5882], [69.7093, 21.5857], [69.7115, 21.5835], [69.7138, 21.5813], [69.716, 21.579], [69.7185, 21.5771], [69.7207, 21.5749], [69.7229, 21.5726], [69.7249, 21.5699], [69.7237, 21.566], [69.721, 21.5643], [69.719, 21.5618], [69.7174, 21.5587], [69.716, 21.556], [69.7154, 21.5512], [69.7176, 21.549], [69.7196, 21.5465], [69.7201, 21.5435], [69.7174, 21.5418], [69.7146, 21.5404], [69.7107, 21.5396], [69.7074, 21.5401], [69.7043, 21.5396], [69.7018, 21.5415], [69.699, 21.5429], [69.6965, 21.5449], [69.6943, 21.5471], [69.6912, 21.5487], [69.6885, 21.5501], [69.6865, 21.5529], [69.6843, 21.5551], [69.6818, 21.5571], [69.6796, 21.5593], [69.6776, 21.5618], [69.6751, 21.5638], [69.6726, 21.5657], [69.6704, 21.5679], [69.6682, 21.5701], [69.666, 21.5724], [69.6637, 21.5746], [69.6618, 21.5771], [69.6596, 21.5793], [69.6574, 21.5815], [69.6551, 21.5837], [69.6532, 21.5862], [69.651, 21.5885], [69.6488, 21.5907], [69.6465, 21.5929], [69.6446, 21.5954], [69.6424, 21.5976], [69.6401, 21.5996], [69.6379, 21.6018], [69.6357, 21.604], [69.6335, 21.6063], [69.6315, 21.6087], [69.6293, 21.611], [69.6271, 21.6132], [69.6254, 21.6157], [69.6229, 21.6177], [69.6207, 21.6201], [69.6185, 21.6224], [69.616, 21.6243], [69.614, 21.6268], [69.6113, 21.6285], [69.6087, 21.6301], [69.6062, 21.6327], [69.6032, 21.6346], [69.6007, 21.6374], [69.5949, 21.6379], [69.591, 21.6385], [69.5924, 21.6357], [69.5924, 21.6324], [69.5932, 21.6293], [69.5907, 21.6274], [69.5893, 21.6243], [69.5901, 21.6204], [69.5874, 21.6232], [69.5885, 21.6265], [69.5896, 21.6296], [69.5912, 21.6324], [69.591, 21.6354], [69.5871, 21.6365], [69.584, 21.6379], [69.5818, 21.6401], [69.5793, 21.6418], [69.5768, 21.6438], [69.5743, 21.6462], [69.5713, 21.6471], [69.5693, 21.6499], [69.5671, 21.6521], [69.564, 21.6532], [69.5612, 21.6549], [69.5593, 21.6574], [69.5571, 21.6596], [69.5549, 21.6618], [69.5524, 21.6638], [69.5501, 21.666], [69.5476, 21.6679], [69.5451, 21.6699], [69.5432, 21.6724], [69.5404, 21.6743], [69.5376, 21.6762], [69.5351, 21.6785], [69.5326, 21.681], [69.5304, 21.6832], [69.5279, 21.6851], [69.5257, 21.6874], [69.5235, 21.6896], [69.5212, 21.6918], [69.5188, 21.6938], [69.5165, 21.696], [69.5143, 21.6982], [69.5118, 21.7001], [69.5096, 21.7024], [69.5074, 21.7046], [69.5052, 21.7068], [69.5029, 21.7087], [69.5004, 21.7107], [69.4982, 21.7129], [69.496, 21.7151], [69.494, 21.7176], [69.4918, 21.7199], [69.4896, 21.7221], [69.4879, 21.7246], [69.4854, 21.7265], [69.4829, 21.7285], [69.481, 21.731], [69.479, 21.7335], [69.4765, 21.7354], [69.4743, 21.7376], [69.4718, 21.7393], [69.4696, 21.7415], [69.4665, 21.7429], [69.4638, 21.7446], [69.461, 21.7462], [69.4585, 21.7479], [69.4557, 21.7493], [69.4532, 21.751], [69.4507, 21.7532], [69.4485, 21.7554], [69.4457, 21.7574], [69.444, 21.7601], [69.441, 21.7604], [69.4382, 21.7626], [69.4357, 21.7649], [69.4332, 21.7668], [69.431, 21.769], [69.4285, 21.771], [69.4262, 21.7732], [69.4243, 21.7757], [69.4221, 21.7779], [69.4199, 21.7801], [69.4176, 21.7821], [69.4154, 21.7843], [69.4132, 21.7865], [69.4107, 21.7885], [69.4085, 21.7907], [69.406, 21.7926], [69.4037, 21.7946], [69.4013, 21.7965], [69.399, 21.7988], [69.3968, 21.801], [69.3946, 21.8032], [69.3929, 21.8057], [69.3907, 21.8079], [69.3887, 21.8107], [69.3865, 21.8129], [69.3846, 21.8157], [69.3824, 21.8179], [69.3807, 21.8207], [69.3785, 21.8229], [69.3768, 21.8254], [69.3743, 21.8274], [69.3718, 21.8293], [69.3696, 21.8315], [69.3668, 21.8329], [69.364, 21.8343], [69.361, 21.8354], [69.3582, 21.8371], [69.3551, 21.8376], [69.3521, 21.8388], [69.3496, 21.8407], [69.3474, 21.8429], [69.3449, 21.8446], [69.3427, 21.8468], [69.3401, 21.8485], [69.3374, 21.8504], [69.3349, 21.8524], [69.3321, 21.8543], [69.3299, 21.8565], [69.3274, 21.8582], [69.3249, 21.8601], [69.3226, 21.8621], [69.3204, 21.8643], [69.3182, 21.8665], [69.3157, 21.8685], [69.3132, 21.8704], [69.3107, 21.8724], [69.3082, 21.8746], [69.3057, 21.8765], [69.3032, 21.8785], [69.301, 21.8807], [69.2985, 21.8824], [69.2962, 21.8846], [69.294, 21.8868], [69.2918, 21.889], [69.2893, 21.8907], [69.2868, 21.8924], [69.2843, 21.8943], [69.2821, 21.8965], [69.2799, 21.8987], [69.2776, 21.9007], [69.2757, 21.9032], [69.2732, 21.9051], [69.2704, 21.9068], [69.2679, 21.9088], [69.2657, 21.911], [69.2637, 21.9135], [69.2612, 21.9154], [69.2588, 21.9176], [69.2568, 21.9199], [69.2546, 21.9221], [69.2524, 21.9243], [69.2504, 21.9271], [69.2482, 21.9293], [69.2457, 21.9312], [69.2435, 21.9335], [69.2407, 21.9349], [69.2387, 21.9374], [69.2363, 21.9393], [69.2337, 21.9413], [69.2315, 21.9435], [69.2296, 21.946], [69.2274, 21.9482], [69.2254, 21.9507], [69.2229, 21.9526], [69.2207, 21.9549], [69.2185, 21.9571], [69.2162, 21.9593], [69.214, 21.9615], [69.2115, 21.9638], [69.2096, 21.9662], [69.2076, 21.9687], [69.2057, 21.9713], [69.2038, 21.9738], [69.2018, 21.9763], [69.1999, 21.979], [69.1974, 21.9807], [69.1999, 21.9826], [69.1971, 21.9837], [69.1929, 21.9837], [69.1904, 21.986], [69.1882, 21.9882], [69.1862, 21.9907], [69.184, 21.9929], [69.1821, 21.9954], [69.1799, 21.9976], [69.1771, 21.9996], [69.1754, 22.0021], [69.1732, 22.0043], [69.171, 22.0065], [69.1693, 22.009], [69.1668, 22.0113], [69.1651, 22.014], [69.1626, 22.016], [69.1604, 22.0182], [69.1582, 22.0207], [69.1565, 22.0232], [69.1546, 22.0257], [69.1521, 22.0274], [69.1498, 22.0296], [69.1476, 22.0318], [69.1457, 22.0343], [69.1435, 22.0368], [69.1413, 22.039], [69.139, 22.041], [69.1368, 22.0432], [69.1349, 22.0457], [69.1329, 22.0482], [69.1304, 22.0501], [69.1285, 22.0526], [69.126, 22.0546], [69.1243, 22.0571], [69.1221, 22.0593], [69.1199, 22.0615], [69.1176, 22.0635], [69.1157, 22.066], [69.1135, 22.0682], [69.1118, 22.071], [69.1096, 22.0732], [69.1071, 22.0749], [69.1054, 22.0776], [69.1035, 22.0801], [69.1015, 22.0826], [69.0996, 22.0851], [69.0979, 22.0876], [69.0957, 22.0899], [69.0938, 22.0924], [69.0918, 22.0949], [69.0896, 22.0971], [69.0876, 22.0999], [69.0851, 22.1018], [69.0829, 22.104], [69.0804, 22.106], [69.0779, 22.1082], [69.0754, 22.1104], [69.0729, 22.1126], [69.0704, 22.1149], [69.0679, 22.1171], [69.0657, 22.1193], [69.0638, 22.1218], [69.0612, 22.1235], [69.0587, 22.1254], [69.0563, 22.1274], [69.0543, 22.1301], [69.0521, 22.1324], [69.0501, 22.1349], [69.0479, 22.1371], [69.0457, 22.1393], [69.0437, 22.1418], [69.0418, 22.1443], [69.0401, 22.1474], [69.0382, 22.1501], [69.0357, 22.1521], [69.0335, 22.1543], [69.0315, 22.1568], [69.0299, 22.1596], [69.0276, 22.1621], [69.0254, 22.1646], [69.0235, 22.1671], [69.0212, 22.1693], [69.019, 22.1715], [69.0168, 22.1738], [69.014, 22.1757], [69.0121, 22.1782], [69.0096, 22.1799], [69.0074, 22.1821], [69.0054, 22.1846], [69.0032, 22.1868], [69.0015, 22.1893], [68.999, 22.1913], [68.9971, 22.1938], [68.9951, 22.1965], [68.9929, 22.1987], [68.9907, 22.201], [68.9887, 22.2035], [68.9865, 22.2057], [68.9849, 22.2085], [68.9824, 22.2104], [68.9804, 22.2132], [68.979, 22.2168], [68.9768, 22.219], [68.9751, 22.2218], [68.9732, 22.2243], [68.9713, 22.2268], [68.9704, 22.2299], [68.9682, 22.2326], [68.9657, 22.2343], [68.9635, 22.2365], [68.9607, 22.2379], [68.9574, 22.2377], [68.9563, 22.241], [68.9546, 22.2435], [68.9532, 22.2471], [68.9526, 22.2513], [68.9546, 22.2538], [68.9571, 22.256], [68.9571, 22.2593], [68.9557, 22.2621], [68.9543, 22.2649], [68.9526, 22.2682], [68.9512, 22.2715], [68.9496, 22.2743], [68.9482, 22.2774], [68.9465, 22.2804], [68.9449, 22.2829], [68.9435, 22.286], [68.9424, 22.2893], [68.9415, 22.2924], [68.9401, 22.296], [68.939, 22.2993], [68.9376, 22.3026], [68.9368, 22.306], [68.9363, 22.3101], [68.9362, 22.3132], [68.9376, 22.3163], [68.9388, 22.3204], [68.9399, 22.3238], [68.9407, 22.3271], [68.9415, 22.3304], [68.9429, 22.3332], [68.9457, 22.3321], [68.949, 22.3315], [68.9524, 22.3324], [68.9546, 22.3346], [68.9554, 22.3376], [68.9568, 22.3412], [68.956, 22.3451], [68.9571, 22.3479], [68.9579, 22.351], [68.9587, 22.3543], [68.9582, 22.359], [68.9571, 22.3621], [68.9568, 22.3665], [68.9585, 22.369], [68.9599, 22.3718], [68.9613, 22.3746], [68.9632, 22.3771], [68.9651, 22.3799], [68.9671, 22.3824], [68.9676, 22.386], [68.9685, 22.389], [68.9699, 22.3918], [68.9718, 22.3943], [68.9735, 22.3968], [68.9754, 22.3996], [68.9771, 22.4024], [68.9788, 22.4051], [68.9804, 22.4076], [68.9821, 22.4101], [68.9837, 22.4126], [68.9857, 22.4149], [68.9882, 22.4168], [68.9907, 22.4185], [68.9935, 22.4204], [68.9949, 22.4232], [68.9962, 22.426], [68.9987, 22.4279], [69.0007, 22.4304], [69.0029, 22.4326], [69.0051, 22.4354], [69.0062, 22.4382], [69.0088, 22.4399], [69.0113, 22.4418], [69.014, 22.4435], [69.0174, 22.4454], [69.0201, 22.4471], [69.0229, 22.4482], [69.0257, 22.4496], [69.0282, 22.4513], [69.0304, 22.4535], [69.034, 22.4549], [69.0371, 22.4563], [69.0399, 22.4576], [69.0426, 22.459], [69.0451, 22.4607], [69.0485, 22.4621], [69.0515, 22.4635], [69.0543, 22.4649], [69.0574, 22.4662], [69.0601, 22.4676], [69.0621, 22.4699], [69.064, 22.4726], [69.066, 22.4751], [69.0665, 22.479], [69.0693, 22.4779], [69.0751, 22.4782], [69.0788, 22.479], [69.0804, 22.4757], [69.0832, 22.4746], [69.0854, 22.4724], [69.0829, 22.4707], [69.0807, 22.4685], [69.0788, 22.466], [69.0768, 22.4632], [69.0757, 22.4601], [69.0743, 22.4574], [69.0749, 22.4543], [69.0721, 22.4521], [69.069, 22.4515], [69.066, 22.4507], [69.0635, 22.449], [69.0612, 22.4465], [69.0582, 22.4449], [69.0557, 22.4429], [69.0532, 22.441], [69.051, 22.4388], [69.0465, 22.4368], [69.044, 22.4346], [69.044, 22.4312], [69.0454, 22.4282], [69.0468, 22.4254], [69.0485, 22.4226], [69.0501, 22.4199], [69.0518, 22.4174], [69.0529, 22.4143], [69.0546, 22.4118], [69.0568, 22.4096], [69.0599, 22.4085], [69.0615, 22.4051], [69.0621, 22.4021], [69.0646, 22.4002], [69.0668, 22.3979], [69.0693, 22.396], [69.0721, 22.3949], [69.076, 22.3935], [69.0799, 22.3926], [69.0838, 22.3926], [69.0868, 22.3935], [69.0899, 22.394], [69.0929, 22.3954], [69.0954, 22.3976], [69.0982, 22.3987], [69.0996, 22.4021], [69.0985, 22.4051], [69.0987, 22.4082], [69.1015, 22.4093], [69.106, 22.4093], [69.1096, 22.4099], [69.1121, 22.4073], [69.114, 22.4049], [69.1171, 22.4051], [69.1199, 22.4037], [69.1224, 22.4015], [69.1254, 22.3999], [69.1285, 22.3982], [69.1301, 22.401], [69.1326, 22.4029], [69.1357, 22.4024], [69.1399, 22.4037], [69.1443, 22.4032], [69.1485, 22.4026], [69.1507, 22.4049], [69.1535, 22.4068], [69.1554, 22.4093], [69.1568, 22.4121], [69.1596, 22.4135], [69.1624, 22.4152], [69.1649, 22.4135], [69.1679, 22.414], [69.1704, 22.416], [69.1729, 22.4179], [69.1693, 22.4199], [69.1721, 22.4221], [69.1751, 22.4232], [69.1779, 22.4221], [69.1821, 22.4215], [69.1865, 22.421], [69.1901, 22.4218], [69.1929, 22.4232], [69.1951, 22.4207], [69.1932, 22.4182], [69.1924, 22.4138], [69.1932, 22.4099], [69.1943, 22.4071], [69.196, 22.4046], [69.199, 22.4035], [69.2035, 22.4043], [69.2021, 22.4015], [69.1993, 22.4002], [69.1979, 22.3975], [69.1979, 22.394], [69.2001, 22.3918], [69.1979, 22.3896], [69.196, 22.3871], [69.1918, 22.3868], [69.1882, 22.386], [69.186, 22.3838], [69.1837, 22.3818], [69.1818, 22.3793], [69.1787, 22.3779], [69.1801, 22.3751], [69.1829, 22.3763], [69.1832, 22.3729], [69.1813, 22.3704], [69.1804, 22.3668], [69.1774, 22.3679], [69.1765, 22.3643], [69.1738, 22.3629], [69.174, 22.3596], [69.1738, 22.3565], [69.1776, 22.3565], [69.1762, 22.3538], [69.174, 22.3515], [69.1738, 22.3485], [69.1704, 22.3485], [69.1687, 22.3457], [69.1693, 22.3426], [69.1687, 22.3393], [69.1696, 22.3354], [69.1687, 22.3324], [69.1679, 22.3282], [69.1665, 22.3254], [69.1643, 22.3229], [69.1624, 22.3204], [69.1604, 22.3179], [69.1579, 22.316], [69.1579, 22.3129], [69.1588, 22.3099], [69.1601, 22.3071], [69.1618, 22.3046], [69.1635, 22.3021], [69.1654, 22.2993], [69.1676, 22.2971], [69.1696, 22.2943], [69.1721, 22.2924], [69.1743, 22.2901], [69.1765, 22.2879], [69.179, 22.286], [69.1813, 22.2838], [69.1837, 22.2818], [69.186, 22.2796], [69.1888, 22.2779], [69.1913, 22.276], [69.1937, 22.274], [69.196, 22.2718], [69.1988, 22.2701], [69.201, 22.2679], [69.204, 22.2663], [69.2065, 22.2646], [69.2093, 22.2635], [69.2124, 22.2624], [69.2151, 22.261], [69.2179, 22.2599], [69.2215, 22.259], [69.2265, 22.2579], [69.2312, 22.2579], [69.2351, 22.2585], [69.2387, 22.2593], [69.2407, 22.2621], [69.2421, 22.2649], [69.2454, 22.2646], [69.2479, 22.2629], [69.2504, 22.261], [69.2515, 22.264], [69.249, 22.266], [69.2524, 22.2668], [69.2554, 22.2682], [69.2615, 22.269], [69.2679, 22.2701], [69.2712, 22.2704], [69.274, 22.269], [69.2765, 22.271], [69.2801, 22.2718], [69.2838, 22.2721], [69.2868, 22.274], [69.2901, 22.2751], [69.2921, 22.2774], [69.2946, 22.2793], [69.2946, 22.2824], [69.2926, 22.2854], [69.2954, 22.2843], [69.2974, 22.2871], [69.301, 22.2879], [69.3063, 22.2876], [69.3093, 22.2868], [69.3123, 22.2874], [69.3129, 22.2904], [69.3165, 22.291], [69.3199, 22.2912], [69.3221, 22.2935], [69.3246, 22.2954], [69.3243, 22.2985], [69.3262, 22.301], [69.3238, 22.3035], [69.3265, 22.3021], [69.329, 22.304], [69.3321, 22.3032], [69.3346, 22.3051], [69.336, 22.3082], [69.3371, 22.3113], [69.3376, 22.316], [69.3365, 22.319], [69.3332, 22.3215], [69.331, 22.3243], [69.3307, 22.3276], [69.3335, 22.3288], [69.3363, 22.3301], [69.3401, 22.3304], [69.3427, 22.3288], [69.3468, 22.3279], [69.3507, 22.3271], [69.3538, 22.3265], [69.3562, 22.3246], [69.3593, 22.3235], [69.3626, 22.3224], [69.3665, 22.3221], [69.3671, 22.319], [69.3643, 22.3176], [69.3676, 22.3168], [69.371, 22.3176], [69.374, 22.3187], [69.3763, 22.321], [69.3804, 22.3221], [69.384, 22.3221], [69.3857, 22.319], [69.3882, 22.3207], [69.3968, 22.321], [69.4001, 22.3201], [69.4018, 22.3174], [69.4093, 22.3163], [69.4174, 22.316], [69.4212, 22.3163], [69.424, 22.3174], [69.4268, 22.3187], [69.4293, 22.3204], [69.4324, 22.321], [69.4357, 22.3221], [69.4374, 22.3251], [69.4399, 22.3271], [69.4415, 22.3299], [69.4463, 22.331], [69.4493, 22.3318], [69.4521, 22.3332], [69.4543, 22.3354], [69.4568, 22.3335], [69.4604, 22.3338], [69.4624, 22.3313], [69.4674, 22.3301], [69.4699, 22.3321], [69.4735, 22.3329], [69.4768, 22.3337], [69.4804, 22.334], [69.4832, 22.3351], [69.4857, 22.3368], [69.4885, 22.3382], [69.4885, 22.3426], [69.4882, 22.3476], [69.489, 22.3518], [69.4899, 22.3549], [69.4921, 22.3571], [69.4938, 22.3601], [69.496, 22.3626], [69.4982, 22.3649], [69.5007, 22.3668], [69.5038, 22.3679], [69.5071, 22.3687], [69.5099, 22.3701], [69.5124, 22.3721], [69.5149, 22.374], [69.5174, 22.376], [69.5193, 22.3785], [69.5215, 22.3807], [69.5229, 22.3835], [69.5238, 22.3874], [69.5221, 22.3901], [69.519, 22.3921], [69.5168, 22.3943], [69.516, 22.3996], [69.5157, 22.4049], [69.5171, 22.4079], [69.5179, 22.411], [69.5163, 22.414], [69.5151, 22.4168], [69.5115, 22.4174], [69.5101, 22.4204], [69.5071, 22.4224], [69.504, 22.4237], [69.5024, 22.4262], [69.5018, 22.4296], [69.5004, 22.4324], [69.4985, 22.4351], [69.5013, 22.4337], [69.5032, 22.4299], [69.504, 22.4265], [69.5071, 22.4262], [69.5146, 22.4257], [69.5188, 22.426], [69.5229, 22.4265], [69.5246, 22.4237], [69.5276, 22.4232], [69.5304, 22.4212], [69.5326, 22.419], [69.5343, 22.416], [69.536, 22.4135], [69.5357, 22.4104], [69.5393, 22.4101], [69.5421, 22.4085], [69.5446, 22.4068], [69.5474, 22.4054], [69.5504, 22.4051], [69.5518, 22.4024], [69.5529, 22.3996], [69.5524, 22.3962], [69.5496, 22.3943], [69.5512, 22.3915], [69.5535, 22.3893], [69.556, 22.3868], [69.5565, 22.3815], [69.5571, 22.3776], [69.5507, 22.3754], [69.5504, 22.3724], [69.5529, 22.3707], [69.556, 22.3696], [69.5585, 22.3676], [69.5599, 22.364], [69.5612, 22.361], [69.5632, 22.3582], [69.5662, 22.3574], [69.5682, 22.3599], [69.569, 22.3629], [69.5712, 22.3651], [69.5735, 22.3671], [69.5768, 22.3685], [69.5796, 22.3674], [69.5815, 22.3649], [69.5832, 22.3621], [69.5868, 22.3615], [69.5899, 22.3618], [69.5918, 22.3593], [69.5921, 22.3563], [69.5904, 22.3538], [69.5879, 22.3521], [69.5849, 22.351], [69.5824, 22.349], [69.5799, 22.3471], [69.579, 22.3435], [69.5793, 22.3399], [69.5771, 22.3376], [69.5743, 22.3362], [69.5718, 22.3343], [69.5718, 22.331], [69.5735, 22.3285], [69.5746, 22.3254], [69.5754, 22.3204], [69.5765, 22.3249], [69.5754, 22.3282], [69.5738, 22.331], [69.5735, 22.334], [69.576, 22.336], [69.5793, 22.3368], [69.5807, 22.3396], [69.5807, 22.3426], [69.5815, 22.3457], [69.584, 22.3474], [69.5871, 22.3482], [69.5901, 22.3496], [69.5926, 22.3513], [69.5957, 22.3515], [69.5963, 22.3479], [69.5985, 22.3501], [69.601, 22.3482], [69.6015, 22.3513], [69.6046, 22.351], [69.606, 22.3471], [69.6062, 22.3437], [69.606, 22.3407], [69.6068, 22.3479], [69.6099, 22.3471], [69.611, 22.3437], [69.6124, 22.3409], [69.6113, 22.3376], [69.6101, 22.3324], [69.6085, 22.3296], [69.6065, 22.3271], [69.609, 22.3288], [69.6104, 22.3321], [69.6113, 22.3357], [69.614, 22.3376], [69.6151, 22.3407], [69.616, 22.3443], [69.6168, 22.3476], [69.6179, 22.3504], [69.6168, 22.3546], [69.6188, 22.3571], [69.6179, 22.3618], [69.6171, 22.3651], [69.6176, 22.3682], [69.6207, 22.3682], [69.6235, 22.3665], [69.6257, 22.364], [69.6296, 22.3632], [69.6326, 22.3615], [69.6351, 22.3599], [69.639, 22.3585], [69.6421, 22.3576], [69.6451, 22.3568], [69.6493, 22.3582], [69.6529, 22.3587], [69.6557, 22.3599], [69.6568, 22.3637], [69.6557, 22.3674], [69.6562, 22.3704], [69.6571, 22.3743], [69.6565, 22.3776], [69.659, 22.3793], [69.659, 22.3826], [69.6601, 22.3879], [69.6632, 22.3888], [69.664, 22.3938], [69.6668, 22.3926], [69.6696, 22.394], [69.6726, 22.3946], [69.6765, 22.3946], [69.6801, 22.3946], [69.6868, 22.3954], [69.6935, 22.3949], [69.6974, 22.3954], [69.6999, 22.3976], [69.6979, 22.4035], [69.6976, 22.409], [69.6965, 22.4121], [69.6946, 22.4146], [69.6937, 22.4176], [69.6926, 22.4204], [69.694, 22.4232], [69.6957, 22.4257], [69.6971, 22.4285], [69.6993, 22.431], [69.7015, 22.4332], [69.7001, 22.436], [69.6988, 22.439], [69.6974, 22.4424], [69.6801, 22.4432], [69.6779, 22.4407], [69.6746, 22.4393], [69.6718, 22.4404], [69.6729, 22.4435], [69.6718, 22.4468], [69.6718, 22.4507], [69.6726, 22.4451], [69.6743, 22.4424], [69.6774, 22.4432], [69.6824, 22.444], [69.6871, 22.4443], [69.6879, 22.4474], [69.6901, 22.4496], [69.6924, 22.4518], [69.6954, 22.4532], [69.6982, 22.4546], [69.7004, 22.4568], [69.7001, 22.4535], [69.701, 22.4504], [69.7004, 22.4471], [69.7035, 22.4471], [69.7054, 22.4496], [69.7065, 22.4529], [69.7085, 22.4554], [69.7107, 22.4576], [69.7135, 22.4593], [69.7165, 22.4607], [69.7196, 22.4615], [69.7221, 22.4632], [69.7251, 22.4646], [69.7237, 22.4674], [69.7246, 22.4704], [69.7271, 22.4724], [69.7301, 22.474], [69.7321, 22.4715], [69.7349, 22.4696], [69.7365, 22.4663], [69.7379, 22.4635], [69.739, 22.4607], [69.7407, 22.4582], [69.741, 22.4549], [69.7401, 22.449], [69.7382, 22.4465], [69.7354, 22.4446], [69.7382, 22.4435], [69.7396, 22.4401], [69.7426, 22.4393], [69.7438, 22.4365], [69.746, 22.4343], [69.7449, 22.4312], [69.7476, 22.4293], [69.7504, 22.4279], [69.7532, 22.4268], [69.7557, 22.4301], [69.756, 22.4335], [69.7568, 22.4368], [69.7579, 22.4404], [69.761, 22.4399], [69.7615, 22.436], [69.7618, 22.4326], [69.764, 22.4304], [69.7663, 22.4279], [69.7688, 22.426], [69.7715, 22.4243], [69.7735, 22.4218], [69.7749, 22.4188], [69.7776, 22.4171], [69.7785, 22.414], [69.7815, 22.4121], [69.7843, 22.411], [69.7854, 22.4082], [69.7893, 22.4088], [69.7882, 22.4057], [69.7913, 22.4049], [69.7946, 22.4035], [69.7965, 22.401], [69.7993, 22.4021], [69.8012, 22.4046], [69.8046, 22.4046], [69.8079, 22.406], [69.8099, 22.4085], [69.8112, 22.4112], [69.8124, 22.4143], [69.8151, 22.4157], [69.8171, 22.4182], [69.8185, 22.4215], [69.8199, 22.4254], [69.8226, 22.4271], [69.8235, 22.4304], [69.8232, 22.434], [69.8243, 22.4368], [69.8257, 22.4396], [69.8282, 22.4415], [69.829, 22.4449], [69.8274, 22.4476], [69.8246, 22.4493], [69.8218, 22.4507], [69.819, 22.4521], [69.816, 22.4529], [69.8132, 22.454], [69.8104, 22.4551], [69.8074, 22.4565], [69.8032, 22.4576], [69.7996, 22.4568], [69.8026, 22.4582], [69.8057, 22.4585], [69.8087, 22.4571], [69.8118, 22.4557], [69.8149, 22.4546], [69.8179, 22.4535], [69.8207, 22.4524], [69.8224, 22.4551], [69.8249, 22.4574], [69.8276, 22.456], [69.8285, 22.4515], [69.8326, 22.451], [69.8343, 22.454], [69.834, 22.4571], [69.8346, 22.4676], [69.8349, 22.471], [69.8343, 22.4743], [69.836, 22.4643], [69.8357, 22.4601], [69.8368, 22.4629], [69.8371, 22.4663], [69.8376, 22.4699], [69.8382, 22.4735], [69.8388, 22.4771], [69.8393, 22.4807], [69.8399, 22.484], [69.8404, 22.4876], [69.841, 22.4912], [69.8412, 22.4943], [69.8382, 22.4962], [69.836, 22.4985], [69.839, 22.4988], [69.841, 22.496], [69.8426, 22.4929], [69.8421, 22.4896], [69.8412, 22.4843], [69.8407, 22.4807], [69.8401, 22.4771], [69.8396, 22.4738], [69.839, 22.4701], [69.8385, 22.4663], [69.8379, 22.4626], [69.8374, 22.4596], [69.8365, 22.4551], [69.8399, 22.4549], [69.8435, 22.4554], [69.8474, 22.4543], [69.8504, 22.4538], [69.8532, 22.4518], [69.8557, 22.4501], [69.8587, 22.4482], [69.8624, 22.4468], [69.8668, 22.4474], [69.8701, 22.4465], [69.8737, 22.4474], [69.8768, 22.4488], [69.8793, 22.4507], [69.8815, 22.4529], [69.8824, 22.4563], [69.8849, 22.4582], [69.8879, 22.4587], [69.8896, 22.4612], [69.8918, 22.4635], [69.8943, 22.4654], [69.8985, 22.4662], [69.9024, 22.4679], [69.9037, 22.4643], [69.9068, 22.4626], [69.9082, 22.4599], [69.911, 22.4587], [69.914, 22.4562], [69.9126, 22.4593], [69.9112, 22.4621], [69.9104, 22.4654], [69.911, 22.4704], [69.9101, 22.4738], [69.911, 22.4779], [69.9118, 22.4829], [69.9124, 22.4865], [69.9132, 22.4896], [69.9157, 22.4915], [69.9182, 22.4932], [69.9193, 22.4962], [69.921, 22.499], [69.9226, 22.5015], [69.9243, 22.504], [69.9265, 22.5062], [69.9287, 22.5082], [69.9313, 22.5099], [69.9343, 22.511], [69.9368, 22.5129], [69.9407, 22.5135], [69.9435, 22.5118], [69.9457, 22.5096], [69.9479, 22.5074], [69.951, 22.506], [69.9538, 22.5046], [69.9557, 22.5021], [69.9565, 22.4965], [69.9576, 22.5001], [69.9565, 22.5029], [69.956, 22.506], [69.9587, 22.5079], [69.9557, 22.5082], [69.9518, 22.509], [69.9501, 22.5115], [69.9474, 22.5132], [69.9449, 22.5149], [69.9446, 22.5179], [69.9474, 22.5196], [69.9465, 22.5235], [69.946, 22.5285], [69.9493, 22.5293], [69.9527, 22.5299], [69.9554, 22.5312], [69.9579, 22.5329], [69.9604, 22.5349], [69.9626, 22.5371], [69.9657, 22.5382], [69.9696, 22.5393], [69.9726, 22.5404], [69.9768, 22.5404], [69.9799, 22.5401], [69.9832, 22.5418], [69.9846, 22.5388], [69.9829, 22.5363], [69.9854, 22.5385], [69.9857, 22.5415], [69.9824, 22.5429], [69.9771, 22.5415], [69.9796, 22.5435], [69.9832, 22.5438], [69.9868, 22.5446], [69.9907, 22.5454], [69.9943, 22.5462], [69.9987, 22.5471], [70.0021, 22.5468], [70.004, 22.5443], [70.0054, 22.5471], [70.0088, 22.5479], [70.0118, 22.5482], [70.0149, 22.5471], [70.0199, 22.5468], [70.0224, 22.5488], [70.0249, 22.5507], [70.0279, 22.5501], [70.0282, 22.5468], [70.0257, 22.5449], [70.0235, 22.5426], [70.0221, 22.5396], [70.0249, 22.5413], [70.0274, 22.5435], [70.0296, 22.5457], [70.0304, 22.5518], [70.0321, 22.5543], [70.0338, 22.5568], [70.0365, 22.5587], [70.0401, 22.559], [70.039, 22.5629], [70.0415, 22.5613], [70.0426, 22.5582], [70.0451, 22.5562], [70.0476, 22.5546], [70.0507, 22.5538], [70.054, 22.5526], [70.0571, 22.5518], [70.0601, 22.551], [70.0629, 22.5493], [70.0646, 22.5468], [70.0674, 22.5485], [70.0704, 22.5499], [70.0743, 22.5499], [70.0774, 22.549], [70.0807, 22.5482], [70.0837, 22.5471], [70.0874, 22.5449], [70.0907, 22.5462], [70.0954, 22.5465], [70.1012, 22.5471], [70.1054, 22.5465], [70.1115, 22.5468], [70.1149, 22.5471], [70.1185, 22.5479], [70.1212, 22.546], [70.124, 22.5471], [70.1274, 22.5476], [70.1376, 22.5482], [70.1402, 22.5501], [70.1435, 22.5496], [70.1449, 22.5524], [70.1493, 22.5535], [70.1537, 22.5529], [70.1571, 22.5526], [70.1607, 22.5524], [70.164, 22.5521], [70.1663, 22.5543], [70.169, 22.556], [70.1715, 22.5576], [70.1724, 22.5607], [70.1746, 22.5629], [70.1746, 22.5663], [70.176, 22.569], [70.179, 22.5707], [70.1801, 22.5738], [70.1826, 22.5757], [70.1837, 22.5804], [70.1865, 22.5815], [70.1885, 22.584], [70.1921, 22.584], [70.1949, 22.5854], [70.196, 22.589], [70.194, 22.586], [70.1929, 22.5893], [70.1935, 22.5924], [70.1937, 22.596], [70.1946, 22.5993], [70.1957, 22.6024], [70.1957, 22.6054], [70.1988, 22.6054], [70.2021, 22.6046], [70.2024, 22.6079], [70.1988, 22.6068], [70.1999, 22.6099], [70.1968, 22.6115], [70.1979, 22.6143], [70.1993, 22.6174], [70.2015, 22.6196], [70.2054, 22.6201], [70.2079, 22.6218], [70.2079, 22.6251], [70.2104, 22.6232], [70.2126, 22.6262], [70.2113, 22.629], [70.2149, 22.6279], [70.2176, 22.6293], [70.2196, 22.6321], [70.2165, 22.6343], [70.2179, 22.6374], [70.2154, 22.6393], [70.2185, 22.6387], [70.2215, 22.6385], [70.2249, 22.6393], [70.2254, 22.6426], [70.2276, 22.6449], [70.2304, 22.6462], [70.2307, 22.6496], [70.2346, 22.649], [70.2343, 22.6521], [70.2312, 22.6526], [70.2296, 22.6551], [70.2326, 22.6554], [70.2357, 22.6557], [70.2349, 22.659], [70.2379, 22.661], [70.241, 22.6624], [70.2407, 22.6654], [70.2407, 22.6685], [70.2435, 22.6699], [70.2457, 22.6721], [70.2438, 22.6746], [70.241, 22.676], [70.2387, 22.6782], [70.2412, 22.6798], [70.2446, 22.6785], [70.2454, 22.6815], [70.2482, 22.6835], [70.249, 22.6876], [70.2507, 22.6901], [70.2526, 22.6926], [70.2504, 22.6949], [70.2476, 22.6963], [70.2446, 22.6968], [70.2415, 22.6965], [70.2396, 22.699], [70.2385, 22.7018], [70.2412, 22.7032], [70.2443, 22.7049], [70.2412, 22.7043], [70.2412, 22.7074], [70.2438, 22.7093], [70.2462, 22.7112], [70.2493, 22.7121], [70.249, 22.7088], [70.249, 22.7051], [70.2532, 22.7049], [70.2551, 22.7074], [70.2551, 22.7104], [70.2535, 22.7132], [70.2549, 22.716], [70.2537, 22.7193], [70.2554, 22.7218], [70.2579, 22.7235], [70.2588, 22.7265], [70.2546, 22.7263], [70.2521, 22.7238], [70.2529, 22.7268], [70.2532, 22.7301], [70.2529, 22.7335], [70.2554, 22.7318], [70.2585, 22.7301], [70.2607, 22.7326], [70.2624, 22.7351], [70.264, 22.7379], [70.2674, 22.7374], [70.2699, 22.7354], [70.2715, 22.7326], [70.2746, 22.7332], [70.2771, 22.7351], [70.2796, 22.7376], [70.2807, 22.7407], [70.284, 22.7418], [70.2862, 22.7443], [70.2887, 22.746], [70.2854, 22.7465], [70.2821, 22.7479], [70.2851, 22.7476], [70.289, 22.7479], [70.2924, 22.7488], [70.2949, 22.751], [70.2971, 22.7535], [70.2979, 22.7565], [70.3004, 22.7585], [70.3018, 22.7624], [70.3026, 22.7654], [70.3054, 22.7668], [70.3029, 22.7693], [70.3012, 22.7718], [70.3043, 22.7732], [70.3057, 22.776], [70.3068, 22.7801], [70.3037, 22.779], [70.301, 22.7776], [70.3026, 22.7804], [70.3054, 22.7815], [70.3074, 22.784], [70.3099, 22.786], [70.3129, 22.7857], [70.3124, 22.7888], [70.311, 22.7915], [70.3099, 22.7943], [70.3121, 22.7965], [70.3157, 22.7965], [70.3199, 22.7965], [70.3182, 22.799], [70.3171, 22.8021], [70.3185, 22.8054], [70.321, 22.8074], [70.3224, 22.8046], [70.3251, 22.806], [70.3243, 22.809], [70.326, 22.8115], [70.3279, 22.814], [70.3313, 22.8154], [70.3315, 22.8185], [70.3329, 22.8218], [70.3357, 22.8232], [70.3371, 22.8262], [70.3385, 22.8293], [70.3388, 22.8329], [70.3376, 22.836], [70.3376, 22.839], [70.3388, 22.8418], [70.3399, 22.8454], [70.3412, 22.8485], [70.3438, 22.8504], [70.3451, 22.8532], [70.3468, 22.8557], [70.3482, 22.8585], [70.3504, 22.8618], [70.3521, 22.8643], [70.3532, 22.8676], [70.3537, 22.8707], [70.3568, 22.8721], [70.3585, 22.8749], [70.3604, 22.8774], [70.3624, 22.8799], [70.3643, 22.8824], [70.3662, 22.8849], [70.3679, 22.8877], [70.3699, 22.8901], [70.3715, 22.8926], [70.3735, 22.8954], [70.3754, 22.8979], [70.3774, 22.9004], [70.3796, 22.9026], [70.3815, 22.9051], [70.3835, 22.9076], [70.386, 22.9099], [70.389, 22.9099], [70.3918, 22.9113], [70.3946, 22.9126], [70.3974, 22.914], [70.4007, 22.9151], [70.4035, 22.9163], [70.4065, 22.9179], [70.4096, 22.9193], [70.4135, 22.9182], [70.4124, 22.9224], [70.4149, 22.9243], [70.4171, 22.9265], [70.4193, 22.9288], [70.4212, 22.9312], [70.4235, 22.9332], [70.4249, 22.936], [70.4262, 22.9393], [70.426, 22.9429], [70.4274, 22.9457], [70.4282, 22.9488], [70.4287, 22.9529], [70.4299, 22.956], [70.431, 22.959], [70.4332, 22.9612], [70.4357, 22.9629], [70.4374, 22.9654], [70.4388, 22.9685], [70.4404, 22.9715], [70.4421, 22.974], [70.4376, 22.9746], [70.4412, 22.976], [70.4437, 22.9776], [70.446, 22.9796], [70.4488, 22.9813], [70.4512, 22.9832], [70.4538, 22.9849], [70.456, 22.9871], [70.4576, 22.9904], [70.459, 22.9932], [70.4607, 22.9957], [70.4621, 22.999], [70.4643, 23.0015], [70.466, 23.0043], [70.4679, 23.0068], [70.4693, 23.0096], [70.4713, 23.0124], [70.4724, 23.0154], [70.4737, 23.0182], [70.4749, 23.021], [70.476, 23.024], [70.4771, 23.0274], [70.4785, 23.0301], [70.4796, 23.0329], [70.4812, 23.0354], [70.4821, 23.039], [70.4832, 23.0418], [70.4846, 23.0449], [70.4857, 23.0482], [70.4871, 23.0518], [70.4882, 23.0551], [70.4893, 23.0579], [70.4904, 23.061], [70.4912, 23.0643], [70.4921, 23.0685], [70.4924, 23.0724], [70.4926, 23.0754], [70.4893, 23.076], [70.486, 23.0768], [70.4835, 23.0751], [70.4815, 23.0724], [70.4788, 23.071], [70.476, 23.0699], [70.4724, 23.069], [70.4688, 23.0685], [70.4651, 23.0676], [70.4607, 23.0668], [70.4546, 23.0663], [70.4488, 23.0654], [70.4457, 23.0651], [70.4426, 23.0643], [70.4393, 23.0632], [70.4365, 23.0618], [70.4337, 23.0599], [70.4313, 23.0579], [70.4287, 23.056], [70.4265, 23.0537], [70.4238, 23.0521], [70.4215, 23.0499], [70.4193, 23.0476], [70.4174, 23.0451], [70.4154, 23.0426], [70.4129, 23.0407], [70.411, 23.0379], [70.4085, 23.0363], [70.4062, 23.0343], [70.4043, 23.0318], [70.4024, 23.0293], [70.3993, 23.0285], [70.3971, 23.0263], [70.3965, 23.0212], [70.396, 23.0171], [70.3957, 23.0132], [70.3951, 23.0099], [70.3946, 23.0065], [70.3938, 23.0035], [70.3921, 23.001], [70.3893, 22.9996], [70.3851, 22.9982], [70.3887, 22.9976], [70.3924, 22.9979], [70.3943, 22.9954], [70.3946, 22.9915], [70.3949, 22.9874], [70.3946, 22.9735], [70.3943, 22.9696], [70.3938, 22.9657], [70.3932, 22.9626], [70.3918, 22.9599], [70.3904, 22.9568], [70.389, 22.9537], [70.3874, 22.951], [70.3865, 22.9479], [70.3846, 22.9454], [70.3818, 22.9438], [70.3787, 22.9429], [70.376, 22.9415], [70.3732, 22.9404], [70.3707, 22.9387], [70.3674, 22.9374], [70.364, 22.936], [70.361, 22.9351], [70.3579, 22.9343], [70.3551, 22.9329], [70.3518, 22.9318], [70.3476, 22.931], [70.3435, 22.9307], [70.3404, 22.9312], [70.3368, 22.9324], [70.3335, 22.9335], [70.3307, 22.9346], [70.3276, 22.9351], [70.3246, 22.936], [70.3215, 22.9371], [70.319, 22.939], [70.316, 22.9399], [70.3132, 22.9413], [70.3101, 22.9415], [70.3082, 22.944], [70.3063, 22.9468], [70.3068, 22.9499], [70.3035, 22.9507], [70.3004, 22.9493], [70.2974, 22.9482], [70.2946, 22.9465], [70.2918, 22.9451], [70.2887, 22.9451], [70.286, 22.9465], [70.2832, 22.9476], [70.2793, 22.9488], [70.2771, 22.9513], [70.274, 22.9524], [70.2715, 22.9543], [70.2688, 22.9557], [70.2671, 22.9582], [70.2657, 22.961], [70.2626, 22.9629], [70.2604, 22.9651], [70.2579, 22.9671], [70.2554, 22.9693], [70.2532, 22.9715], [70.2507, 22.9732], [70.2478, 22.974], [70.2449, 22.9757], [70.2421, 22.9776], [70.2387, 22.9788], [70.2354, 22.9796], [70.2326, 22.9782], [70.2293, 22.9771], [70.2299, 22.9721], [70.2299, 22.9682], [70.2271, 22.966], [70.2249, 22.9682], [70.2224, 22.9701], [70.2201, 22.9721], [70.2174, 22.9737], [70.2146, 22.9754], [70.2121, 22.9771], [70.209, 22.9785], [70.2062, 22.9801], [70.2043, 22.9829], [70.2029, 22.9857], [70.2021, 22.9888], [70.2012, 22.9926], [70.1999, 22.9954], [70.1982, 22.9979], [70.194, 22.9985], [70.189, 22.9976], [70.1871, 22.9949], [70.1862, 22.9918], [70.1876, 22.9946], [70.1926, 22.9951], [70.1957, 22.9954], [70.1982, 22.9935], [70.1979, 22.9896], [70.199, 22.9862], [70.1999, 22.9832], [70.2018, 22.9807], [70.2038, 22.9782], [70.2062, 22.9763], [70.2093, 22.9754], [70.2118, 22.9737], [70.2146, 22.9721], [70.2174, 22.9701], [70.2201, 22.9682], [70.2221, 22.9657], [70.224, 22.9632], [70.2251, 22.9601], [70.2224, 22.9585], [70.2199, 22.9568], [70.2171, 22.9557], [70.2138, 22.9551], [70.2115, 22.9529], [70.2071, 22.9518], [70.204, 22.9513], [70.201, 22.9507], [70.1979, 22.9504], [70.1946, 22.9507], [70.1899, 22.9501], [70.1826, 22.9504], [70.1774, 22.951], [70.1738, 22.9504], [70.1712, 22.9488], [70.1682, 22.9479], [70.1663, 22.9454], [70.1635, 22.9435], [70.1604, 22.9435], [70.1585, 22.946], [70.1549, 22.9468], [70.1521, 22.9485], [70.1493, 22.9501], [70.1451, 22.9507], [70.1421, 22.9521], [70.1399, 22.9543], [70.1376, 22.9565], [70.1351, 22.9585], [70.1326, 22.9604], [70.129, 22.9615], [70.1232, 22.9607], [70.121, 22.9629], [70.1199, 22.9657], [70.1207, 22.969], [70.1221, 22.9718], [70.1246, 22.9737], [70.1271, 22.9754], [70.1296, 22.9771], [70.1312, 22.9799], [70.1318, 22.9829], [70.134, 22.9857], [70.131, 22.9868], [70.129, 22.9893], [70.1293, 22.9926], [70.1307, 22.9954], [70.1324, 22.9979], [70.1338, 23.0007], [70.1363, 23.0026], [70.1385, 23.0049], [70.141, 23.0068], [70.1432, 23.009], [70.144, 23.0132], [70.1454, 23.016], [70.1476, 23.0182], [70.1499, 23.0204], [70.1515, 23.0229], [70.1532, 23.0263], [70.154, 23.0293], [70.1521, 23.026], [70.1499, 23.0237], [70.1474, 23.0221], [70.1451, 23.0199], [70.1435, 23.0174], [70.1421, 23.0143], [70.141, 23.011], [70.1393, 23.0085], [70.1368, 23.0065], [70.134, 23.0049], [70.1315, 23.0029], [70.1299, 23.0001], [70.1285, 22.9971], [70.1265, 22.9943], [70.1251, 22.9915], [70.1246, 22.9874], [70.1237, 22.9837], [70.121, 22.9818], [70.1196, 22.979], [70.1174, 22.9768], [70.1149, 22.9751], [70.1126, 22.9726], [70.1118, 22.9688], [70.111, 22.9649], [70.1107, 22.961], [70.1124, 22.9582], [70.1151, 22.9565], [70.1176, 22.9549], [70.1199, 22.9529], [70.1226, 22.9513], [70.1251, 22.9496], [70.1263, 22.9468], [70.1232, 22.9468], [70.1204, 22.9479], [70.1176, 22.9496], [70.1151, 22.9515], [70.111, 22.9526], [70.1082, 22.9513], [70.1068, 22.9482], [70.1054, 22.9451], [70.104, 22.9421], [70.0999, 22.9421], [70.0974, 22.9438], [70.0968, 22.9471], [70.0954, 22.9501], [70.0926, 22.9521], [70.094, 22.949], [70.0946, 22.9454], [70.0965, 22.9429], [70.0982, 22.9404], [70.101, 22.9382], [70.1038, 22.9399], [70.106, 22.9421], [70.1079, 22.9446], [70.1096, 22.9474], [70.1126, 22.9496], [70.1154, 22.9476], [70.1179, 22.946], [70.1212, 22.9449], [70.126, 22.944], [70.1315, 22.9438], [70.1346, 22.9435], [70.1374, 22.9421], [70.1393, 22.9376], [70.139, 22.9332], [70.1374, 22.9301], [70.1354, 22.9276], [70.1329, 22.9257], [70.1301, 22.924], [70.1274, 22.9226], [70.1243, 22.9212], [70.1215, 22.9196], [70.1196, 22.9171], [70.1168, 22.9157], [70.1143, 22.914], [70.1115, 22.9124], [70.109, 22.9107], [70.106, 22.9093], [70.1021, 22.9085], [70.0979, 22.9079], [70.0888, 22.9076], [70.0854, 22.9082], [70.0818, 22.9088], [70.0785, 22.9068], [70.0757, 22.9057], [70.0721, 22.9051], [70.069, 22.9043], [70.066, 22.9037], [70.0624, 22.9043], [70.0571, 22.9037], [70.0537, 22.904], [70.051, 22.9024], [70.049, 22.8999], [70.0446, 22.8993], [70.0415, 22.8982], [70.0357, 22.8976], [70.0329, 22.8963], [70.0301, 22.8976], [70.0274, 22.8993], [70.0249, 22.901], [70.0212, 22.9015], [70.019, 22.8993], [70.0157, 22.9004], [70.0126, 22.9013], [70.0096, 22.9007], [70.0062, 22.8996], [70.0024, 22.9001], [70.0001, 22.9029], [69.996, 22.9029], [69.9929, 22.9015], [69.9901, 22.9001], [69.986, 22.8996], [69.9829, 22.8987], [69.9782, 22.8979], [69.974, 22.8974], [69.9699, 22.8968], [69.9662, 22.896], [69.9618, 22.8951], [69.9585, 22.8946], [69.9557, 22.8957], [69.9515, 22.894], [69.9479, 22.8929], [69.9446, 22.8926], [69.9404, 22.8926], [69.9374, 22.8929], [69.936, 22.8901], [69.9354, 22.8871], [69.9332, 22.8849], [69.9307, 22.8829], [69.9285, 22.8807], [69.9257, 22.8793], [69.9232, 22.8774], [69.9207, 22.8757], [69.9185, 22.8735], [69.9126, 22.8732], [69.9115, 22.8701], [69.9088, 22.8688], [69.9065, 22.8668], [69.9029, 22.8665], [69.8974, 22.8654], [69.8929, 22.8657], [69.8899, 22.8665], [69.8876, 22.8688], [69.8846, 22.8704], [69.8807, 22.8712], [69.8774, 22.8721], [69.8735, 22.8721], [69.8688, 22.8715], [69.8657, 22.8727], [69.8629, 22.8715], [69.8599, 22.8704], [69.8574, 22.8676], [69.8596, 22.8651], [69.8604, 22.8615], [69.8621, 22.8585], [69.8599, 22.8607], [69.8587, 22.8637], [69.8568, 22.8665], [69.8538, 22.8682], [69.8507, 22.8674], [69.8474, 22.8662], [69.844, 22.8651], [69.841, 22.864], [69.8376, 22.8626], [69.8346, 22.8612], [69.8318, 22.8599], [69.8288, 22.8585], [69.8262, 22.8568], [69.8235, 22.8554], [69.8201, 22.854], [69.8171, 22.8526], [69.8132, 22.8526], [69.8093, 22.8526], [69.8057, 22.8521], [69.8021, 22.8515], [69.7985, 22.8507], [69.7962, 22.8485], [69.794, 22.8463], [69.7915, 22.8443], [69.7885, 22.8432], [69.786, 22.8415], [69.7835, 22.8399], [69.7807, 22.8382], [69.7779, 22.8365], [69.7751, 22.8349], [69.7729, 22.8324], [69.7763, 22.8324], [69.7738, 22.8307], [69.771, 22.8288], [69.7682, 22.8276], [69.7657, 22.8257], [69.7624, 22.8251], [69.759, 22.824], [69.7565, 22.8221], [69.7535, 22.8204], [69.7515, 22.8176], [69.7499, 22.8149], [69.7485, 22.8118], [69.7474, 22.8085], [69.746, 22.8057], [69.7446, 22.8021], [69.7454, 22.7987], [69.7468, 22.796], [69.7457, 22.7932], [69.7438, 22.7906], [69.7426, 22.7874], [69.7407, 22.7849], [69.7387, 22.7824], [69.7357, 22.7807], [69.7335, 22.7782], [69.7324, 22.7749], [69.7304, 22.7724], [69.7285, 22.7699], [69.7268, 22.7674], [69.7246, 22.7651], [69.7221, 22.7626], [69.7201, 22.7601], [69.7188, 22.7571], [69.7171, 22.7546], [69.7154, 22.7518], [69.7157, 22.7482], [69.7151, 22.7449], [69.716, 22.7418], [69.7132, 22.7407], [69.7113, 22.7382], [69.7082, 22.7382], [69.7074, 22.7351], [69.7068, 22.7307], [69.7101, 22.7307], [69.7071, 22.7293], [69.7035, 22.7279], [69.7054, 22.7304], [69.7057, 22.7335], [69.7065, 22.7399], [69.7029, 22.741], [69.6982, 22.7413], [69.6946, 22.7424], [69.6918, 22.7437], [69.6893, 22.7454], [69.6865, 22.7468], [69.6843, 22.749], [69.6815, 22.751], [69.6787, 22.7526], [69.6771, 22.7551], [69.674, 22.756], [69.6699, 22.7568], [69.666, 22.756], [69.6626, 22.7565], [69.6624, 22.7596], [69.664, 22.7626], [69.6651, 22.766], [69.6657, 22.771], [69.666, 22.774], [69.6671, 22.7771], [69.6643, 22.776], [69.664, 22.7707], [69.664, 22.7665], [69.6629, 22.7635], [69.6612, 22.761], [69.6599, 22.7582], [69.6565, 22.7574], [69.654, 22.7593], [69.6518, 22.7615], [69.6485, 22.7629], [69.6465, 22.7654], [69.6432, 22.7657], [69.6418, 22.7685], [69.6404, 22.7712], [69.6387, 22.7737], [69.6385, 22.7768], [69.6376, 22.7799], [69.6374, 22.7832], [69.6376, 22.7868], [69.6371, 22.7899], [69.6354, 22.7929], [69.6338, 22.7954], [69.6343, 22.7924], [69.636, 22.7899], [69.6368, 22.7846], [69.6351, 22.7821], [69.6343, 22.779], [69.6351, 22.776], [69.6368, 22.7735], [69.6385, 22.771], [69.6404, 22.7682], [69.6387, 22.7654], [69.6349, 22.7651], [69.6318, 22.764], [69.6285, 22.764], [69.6246, 22.7651], [69.6221, 22.7668], [69.6174, 22.7676], [69.6146, 22.7665], [69.6113, 22.7665], [69.6101, 22.7635], [69.6074, 22.7615], [69.6038, 22.7607], [69.601, 22.7596], [69.5974, 22.7596], [69.5946, 22.761], [69.5915, 22.7618], [69.5885, 22.7629], [69.5843, 22.7638], [69.5815, 22.7654], [69.5782, 22.7654], [69.5746, 22.7674], [69.5715, 22.7685], [69.5687, 22.7701], [69.5663, 22.7721], [69.5638, 22.7737], [69.5612, 22.7754], [69.5593, 22.7782], [69.5571, 22.7804], [69.5551, 22.7829], [69.5532, 22.7854], [69.5521, 22.7882], [69.5554, 22.7893], [69.5551, 22.7924], [69.5521, 22.7913], [69.5507, 22.7882], [69.5476, 22.7865], [69.5446, 22.786], [69.5407, 22.7865], [69.5362, 22.7865], [69.5329, 22.7871], [69.5301, 22.7888], [69.5271, 22.7896], [69.5235, 22.7901], [69.5204, 22.7907], [69.5168, 22.7904], [69.5137, 22.7896], [69.511, 22.7882], [69.5041, 22.7876], [69.501, 22.7876], [69.4974, 22.7874], [69.4929, 22.7879], [69.4899, 22.7874], [69.486, 22.7874], [69.4832, 22.7862], [69.4863, 22.786], [69.489, 22.7843], [69.4926, 22.7835], [69.4907, 22.781], [69.4879, 22.7799], [69.4849, 22.7779], [69.4818, 22.7774], [69.4793, 22.7754], [69.4746, 22.7746], [69.4715, 22.7737], [69.4685, 22.7746], [69.4657, 22.776], [69.4629, 22.7776], [69.4599, 22.779], [69.4557, 22.7796], [69.4526, 22.7793], [69.4493, 22.7799], [69.4463, 22.7804], [69.4446, 22.7829], [69.4421, 22.7846], [69.4393, 22.786], [69.4368, 22.7879], [69.4335, 22.789], [69.4307, 22.7904], [69.4282, 22.7924], [69.426, 22.7946], [69.4232, 22.7965], [69.4207, 22.7982], [69.4182, 22.7999], [69.4154, 22.8012], [69.4121, 22.8026], [69.4096, 22.8043], [69.4068, 22.8057], [69.404, 22.8071], [69.4015, 22.809], [69.3982, 22.8099], [69.3954, 22.8113], [69.3924, 22.8126], [69.389, 22.814], [69.3849, 22.8143], [69.3821, 22.8154], [69.3785, 22.8165], [69.3757, 22.8176], [69.3715, 22.8185], [69.3674, 22.8196], [69.3643, 22.8204], [69.3618, 22.8221], [69.3582, 22.8226], [69.3554, 22.8213], [69.3538, 22.8188], [69.3535, 22.8218], [69.3543, 22.8249], [69.356, 22.8285], [69.3532, 22.8274], [69.3524, 22.8238], [69.3507, 22.8207], [69.3468, 22.8204], [69.3443, 22.8221], [69.3415, 22.8235], [69.3388, 22.8249], [69.3363, 22.8265], [69.3324, 22.8276], [69.3296, 22.8288], [69.3262, 22.8299], [69.3226, 22.831], [69.3196, 22.8315], [69.3143, 22.8324], [69.3037, 22.8324], [69.3007, 22.8324], [69.2976, 22.8307], [69.2943, 22.8296], [69.291, 22.8288], [69.2882, 22.8276], [69.2843, 22.8268], [69.2801, 22.8262], [69.2765, 22.826], [69.2735, 22.826], [69.2704, 22.8251], [69.2674, 22.8243], [69.2643, 22.8254], [69.2615, 22.8268], [69.2587, 22.8279], [69.2551, 22.8285], [69.2518, 22.8293], [69.2486, 22.8299], [69.2454, 22.8307], [69.2415, 22.8318], [69.2382, 22.8329], [69.2351, 22.8332], [69.2321, 22.8343], [69.2301, 22.8376], [69.2299, 22.8407], [69.2271, 22.8393], [69.2246, 22.8376], [69.2213, 22.8362], [69.2135, 22.8371], [69.2105, 22.8368], [69.2074, 22.8374], [69.206, 22.8401], [69.2026, 22.8393], [69.1996, 22.8396], [69.1965, 22.8393], [69.1937, 22.841], [69.1907, 22.8412], [69.1882, 22.8429], [69.1857, 22.8446], [69.1824, 22.846], [69.1799, 22.8476], [69.1776, 22.8496], [69.1751, 22.8515], [69.1724, 22.8529], [69.1699, 22.8546], [69.1671, 22.8565], [69.1643, 22.8582], [69.1615, 22.8596], [69.1582, 22.8612], [69.1554, 22.8626], [69.1524, 22.8643], [69.1493, 22.8657], [69.1465, 22.8671], [69.1435, 22.8682], [69.1404, 22.869], [69.1374, 22.8704], [69.134, 22.8718], [69.131, 22.8732], [69.1282, 22.8746], [69.1257, 22.8763], [69.1232, 22.8782], [69.121, 22.8804], [69.1185, 22.8824], [69.1157, 22.8843], [69.1137, 22.8868], [69.1107, 22.8882], [69.1082, 22.8901], [69.1057, 22.8918], [69.1032, 22.8937], [69.1004, 22.8957], [69.0974, 22.8974], [69.094, 22.899], [69.0912, 22.9007], [69.0888, 22.9026], [69.0857, 22.904], [69.0829, 22.9057], [69.0804, 22.9076], [69.0776, 22.909], [69.0749, 22.911], [69.0724, 22.9126], [69.0696, 22.9138], [69.0674, 22.916], [69.0632, 22.9174], [69.0604, 22.9188], [69.0579, 22.9207], [69.0551, 22.9224], [69.0524, 22.924], [69.0499, 22.9257], [69.0471, 22.9271], [69.0449, 22.9293], [69.0415, 22.9301], [69.039, 22.9318], [69.0362, 22.9332], [69.0326, 22.9337], [69.029, 22.9357], [69.0263, 22.9371], [69.0238, 22.9387], [69.0212, 22.9407], [69.0179, 22.9421], [69.0151, 22.9435], [69.0115, 22.9449], [69.009, 22.9468], [69.0062, 22.9482], [69.0032, 22.9496], [69.0001, 22.951], [68.9971, 22.9521], [68.994, 22.9535], [68.9912, 22.9549], [68.9876, 22.956], [68.9851, 22.9579], [68.9821, 22.9593], [68.979, 22.961], [68.9757, 22.9621], [68.9721, 22.9632], [68.9696, 22.9654], [68.9671, 22.9674], [68.9649, 22.9701], [68.9607, 22.9707], [68.9579, 22.9724], [68.9549, 22.974], [68.9524, 22.9757], [68.9496, 22.9774], [68.9468, 22.979], [68.9437, 22.9804], [68.9407, 22.981], [68.9383, 22.9829], [68.936, 22.9849], [68.9332, 22.9868], [68.9307, 22.9888], [68.9287, 22.9913], [68.9257, 22.9926], [68.9218, 22.9946], [68.919, 22.996], [68.916, 22.9974], [68.9132, 22.9988], [68.9107, 23.0007], [68.9085, 23.0029], [68.9068, 23.0054], [68.9043, 23.0071], [68.9013, 23.0088], [68.9029, 23.0063], [68.8996, 23.0068], [68.8971, 23.0085], [68.8943, 23.0101], [68.8918, 23.0118], [68.889, 23.0132], [68.886, 23.0146], [68.8835, 23.0163], [68.881, 23.0179], [68.8782, 23.0193], [68.8757, 23.021], [68.8729, 23.0226], [68.8707, 23.0249], [68.8676, 23.0263], [68.8649, 23.0276], [68.8624, 23.0293], [68.8596, 23.0307], [68.8568, 23.0321], [68.8543, 23.034], [68.8515, 23.0352], [68.8487, 23.0368], [68.8463, 23.0388], [68.8435, 23.0401], [68.841, 23.0418], [68.8379, 23.0424], [68.8351, 23.044], [68.8324, 23.046], [68.8299, 23.0479], [68.8274, 23.0496], [68.8246, 23.0512], [68.8221, 23.0529], [68.8193, 23.0546], [68.8168, 23.0565], [68.8199, 23.0563], [68.8232, 23.0543], [68.8207, 23.0563], [68.8174, 23.0579], [68.8146, 23.059], [68.8157, 23.0618], [68.8157, 23.0649], [68.814, 23.0624], [68.8082, 23.0607], [68.8051, 23.0618], [68.8026, 23.0638], [68.7999, 23.0651], [68.7971, 23.0668], [68.794, 23.0682], [68.7913, 23.0699], [68.7888, 23.0715], [68.7854, 23.0726], [68.7824, 23.0738], [68.7796, 23.0749], [68.7757, 23.0757], [68.7726, 23.0765], [68.769, 23.0774], [68.7658, 23.0782], [68.7624, 23.0788], [68.7599, 23.0804], [68.7574, 23.0824], [68.7549, 23.0846], [68.7526, 23.0868], [68.7501, 23.0888], [68.7479, 23.091], [68.7454, 23.0929], [68.7438, 23.0954], [68.741, 23.0974], [68.7385, 23.0993], [68.7363, 23.1015], [68.7337, 23.1032], [68.7312, 23.1051], [68.729, 23.1074], [68.726, 23.109], [68.7232, 23.1107], [68.7207, 23.1129], [68.7182, 23.1146], [68.7157, 23.1165], [68.7129, 23.1185], [68.7104, 23.1204], [68.7074, 23.1218], [68.7049, 23.1238], [68.7024, 23.1254], [68.6999, 23.1274], [68.6968, 23.1288], [68.694, 23.1304], [68.6915, 23.1324], [68.6888, 23.1338], [68.6862, 23.1354], [68.6837, 23.1374], [68.6807, 23.139], [68.6778, 23.1401], [68.6746, 23.1415], [68.6718, 23.1429], [68.669, 23.1443], [68.6663, 23.146], [68.6637, 23.1476], [68.661, 23.149], [68.6585, 23.1507], [68.6557, 23.1526], [68.6529, 23.1546], [68.651, 23.1571], [68.6488, 23.1593], [68.6471, 23.1618], [68.6449, 23.164], [68.6418, 23.1651], [68.6399, 23.1676], [68.6371, 23.169], [68.6346, 23.1707], [68.6321, 23.1724], [68.6304, 23.176], [68.6335, 23.1776], [68.6357, 23.1754], [68.6346, 23.1721], [68.6376, 23.1718], [68.6401, 23.1699], [68.6429, 23.1685], [68.646, 23.1674], [68.6476, 23.1649], [68.649, 23.1621], [68.651, 23.1593], [68.6529, 23.1568], [68.6551, 23.1543], [68.6579, 23.1526], [68.6607, 23.1513], [68.6637, 23.151], [68.666, 23.149], [68.6685, 23.1471], [68.6712, 23.1457], [68.6741, 23.1435], [68.6776, 23.1424], [68.6815, 23.1418], [68.6779, 23.1432], [68.676, 23.1457], [68.6718, 23.1465], [68.6701, 23.1493], [68.6679, 23.1515], [68.6649, 23.1532], [68.6583, 23.154], [68.6557, 23.156], [68.6546, 23.1596], [68.6532, 23.1624], [68.651, 23.1646], [68.6507, 23.1676], [68.649, 23.1701], [68.646, 23.1712], [68.6438, 23.1732], [68.6424, 23.1765], [68.6412, 23.1793], [68.6393, 23.1818], [68.6365, 23.1835], [68.6326, 23.1849], [68.6296, 23.1854], [68.6265, 23.1857], [68.6243, 23.1879], [68.6218, 23.1896], [68.6201, 23.1924], [68.6179, 23.1946], [68.6151, 23.1963], [68.6126, 23.1982], [68.6104, 23.2004], [68.6082, 23.2026], [68.6054, 23.2046], [68.6024, 23.2063], [68.5999, 23.2082], [68.5974, 23.2101], [68.5946, 23.2118], [68.5921, 23.2138], [68.5901, 23.2162], [68.5882, 23.2188], [68.586, 23.221], [68.5846, 23.224], [68.5843, 23.2285], [68.5846, 23.2329], [68.5863, 23.2354], [68.589, 23.2374], [68.5915, 23.239], [68.5949, 23.2399], [68.599, 23.2404], [68.5985, 23.2362], [68.6001, 23.2329], [68.599, 23.229], [68.5999, 23.2238], [68.6007, 23.2207], [68.6038, 23.2199], [68.6079, 23.2207], [68.6093, 23.2179], [68.6124, 23.2185], [68.6154, 23.2182], [68.6182, 23.2165], [68.6229, 23.2168], [68.626, 23.216], [68.629, 23.2146], [68.6287, 23.2176], [68.6315, 23.2188], [68.6349, 23.2193], [68.6376, 23.2215], [68.6338, 23.2238], [68.631, 23.2249], [68.6282, 23.2238], [68.6263, 23.2213], [68.6232, 23.2213], [68.6237, 23.2243], [68.621, 23.2226], [68.6193, 23.2251], [68.619, 23.2221], [68.6165, 23.224], [68.6149, 23.2265], [68.6129, 23.229], [68.6113, 23.2318], [68.6096, 23.2346], [68.6068, 23.236], [68.6051, 23.2387], [68.6051, 23.2418], [68.6093, 23.2432], [68.6129, 23.2426], [68.6179, 23.2426], [68.6226, 23.2429], [68.626, 23.2435], [68.6293, 23.2446], [68.6324, 23.2454], [68.636, 23.2462], [68.6393, 23.2457], [68.6426, 23.2457], [68.6404, 23.2479], [68.6426, 23.2501], [68.6457, 23.251], [68.6471, 23.2538], [68.6474, 23.2571], [68.6504, 23.2585], [68.654, 23.2593], [68.6576, 23.2607], [68.6601, 23.2626], [68.6601, 23.2668], [68.6629, 23.2682], [68.6657, 23.2693], [68.6687, 23.2699], [68.6718, 23.2699], [68.6701, 23.2726], [68.6671, 23.2715], [68.6635, 23.2712], [68.6582, 23.2718], [68.6524, 23.2715], [68.6499, 23.2696], [68.646, 23.2687], [68.6432, 23.2674], [68.6401, 23.2671], [68.6376, 23.2693], [68.6363, 23.2721], [68.6357, 23.2757], [68.6343, 23.279], [68.6332, 23.2818], [68.6324, 23.2849], [68.6307, 23.2882], [68.6293, 23.291], [68.6296, 23.2951], [68.6329, 23.296], [68.6368, 23.2957], [68.6399, 23.296], [68.649, 23.2965], [68.6515, 23.2949], [68.6546, 23.2954], [68.6579, 23.2951], [68.6615, 23.296], [68.6643, 23.2971], [68.6668, 23.2987], [68.6704, 23.2993], [68.674, 23.2998], [68.6782, 23.2999], [68.6826, 23.301], [68.6857, 23.3015], [68.6882, 23.3035], [68.6912, 23.3046], [68.694, 23.306], [68.6982, 23.3065], [68.7021, 23.3057], [68.7051, 23.3046], [68.7076, 23.3029], [68.709, 23.2998], [68.7118, 23.2979], [68.7168, 23.2968], [68.7199, 23.2962], [68.724, 23.2954], [68.7271, 23.2965], [68.7296, 23.2982], [68.7315, 23.3007], [68.7321, 23.3054], [68.7343, 23.3076], [68.7374, 23.3087], [68.7407, 23.3076], [68.7435, 23.3062], [68.7482, 23.304], [68.7496, 23.3068], [68.751, 23.3096], [68.7515, 23.3135], [68.7524, 23.3168], [68.7535, 23.3201], [68.7546, 23.3232], [68.756, 23.326], [68.7576, 23.3288], [68.7554, 23.3263], [68.754, 23.3235], [68.7526, 23.3204], [68.7515, 23.3171], [68.7504, 23.3137], [68.749, 23.311], [68.7482, 23.3079], [68.7454, 23.3057], [68.7426, 23.3074], [68.7393, 23.3087], [68.7351, 23.3093], [68.7324, 23.3079], [68.731, 23.304], [68.7296, 23.3012], [68.7274, 23.299], [68.7246, 23.2976], [68.7207, 23.2971], [68.7165, 23.2982], [68.714, 23.3004], [68.7132, 23.3035], [68.7174, 23.3043], [68.7138, 23.3051], [68.7126, 23.3079], [68.7113, 23.3107], [68.7074, 23.3129], [68.7043, 23.314], [68.6988, 23.3138], [68.6968, 23.3107], [68.6937, 23.3096], [68.6893, 23.309], [68.6862, 23.3079], [68.6826, 23.3071], [68.6768, 23.3082], [68.6785, 23.3057], [68.6754, 23.3057], [68.6726, 23.304], [68.671, 23.3065], [68.669, 23.3038], [68.666, 23.304], [68.6629, 23.304], [68.6599, 23.3046], [68.6596, 23.3082], [68.6604, 23.319], [68.6626, 23.3213], [68.6663, 23.3224], [68.6693, 23.324], [68.6663, 23.324], [68.6626, 23.3229], [68.6596, 23.3229], [68.6579, 23.3204], [68.6585, 23.3168], [68.6593, 23.3132], [68.659, 23.3099], [68.6579, 23.3071], [68.6568, 23.3032], [68.6535, 23.3026], [68.6518, 23.3051], [68.649, 23.3065], [68.6479, 23.3101], [68.6474, 23.3132], [68.6465, 23.3163], [68.6457, 23.3193], [68.6446, 23.3226], [68.6418, 23.3213], [68.639, 23.3193], [68.6368, 23.3168], [68.634, 23.3182], [68.6332, 23.3229], [68.6338, 23.3263], [68.6357, 23.3288], [68.6376, 23.3313], [68.6349, 23.3299], [68.6343, 23.3329], [68.6321, 23.3351], [68.6279, 23.3354], [68.6254, 23.3376], [68.6254, 23.3412], [68.6268, 23.3446], [68.6296, 23.3435], [68.6332, 23.341], [68.6357, 23.3429], [68.6371, 23.3463], [68.634, 23.3474], [68.6332, 23.3521], [68.6296, 23.3524], [68.6265, 23.3529], [68.6235, 23.3526], [68.6215, 23.3554], [68.6171, 23.3574], [68.6146, 23.3596], [68.6129, 23.3646], [68.6162, 23.3657], [68.6193, 23.3643], [68.6171, 23.3665], [68.6129, 23.3671], [68.611, 23.3699], [68.6087, 23.3738], [68.6057, 23.3749], [68.6032, 23.3771], [68.6049, 23.3799], [68.6026, 23.3824], [68.6001, 23.3843], [68.5974, 23.3829], [68.5963, 23.379], [68.599, 23.3776], [68.5996, 23.3735], [68.6018, 23.3712], [68.6029, 23.3679], [68.6046, 23.3651], [68.604, 23.3621], [68.6024, 23.3593], [68.6001, 23.3615], [68.6001, 23.366], [68.5987, 23.3687], [68.596, 23.3704], [68.5943, 23.3732], [68.5915, 23.3746], [68.5896, 23.3774], [68.5876, 23.3799], [68.5863, 23.3826], [68.584, 23.3849], [68.5824, 23.3876], [68.5801, 23.3899], [68.5785, 23.3871], [68.5751, 23.3876], [68.5729, 23.3901], [68.5699, 23.3901], [68.5693, 23.3871], [68.5713, 23.3846], [68.5738, 23.3865], [68.5757, 23.384], [68.5782, 23.3821], [68.5796, 23.379], [68.5796, 23.376], [68.5724, 23.3762], [68.5696, 23.3774], [68.5671, 23.3793], [68.5654, 23.3818], [68.5626, 23.3832], [68.5615, 23.3863], [68.5585, 23.3871], [68.5571, 23.3926], [68.5582, 23.3957], [68.5604, 23.3932], [68.5629, 23.391], [68.5615, 23.3938], [68.5638, 23.3968], [68.5643, 23.4001], [68.5635, 23.4035], [68.5626, 23.4068], [68.5624, 23.4112], [68.5618, 23.4146], [68.561, 23.4176], [68.5593, 23.4201], [68.5551, 23.4201], [68.5551, 23.4171], [68.5526, 23.4151], [68.5485, 23.416], [68.546, 23.4176], [68.544, 23.4201], [68.5471, 23.4201], [68.5496, 23.4224], [68.5462, 23.4218], [68.5435, 23.4235], [68.5404, 23.4224], [68.5368, 23.4215], [68.5343, 23.4235], [68.5349, 23.4285], [68.5335, 23.4312], [68.536, 23.4293], [68.5371, 23.4254], [68.5407, 23.4246], [68.5393, 23.4274], [68.5374, 23.4299], [68.5351, 23.4326], [68.5346, 23.4357], [68.5329, 23.4382], [68.5318, 23.4424], [68.5301, 23.446], [68.5293, 23.4493], [68.5271, 23.4515], [68.526, 23.4543], [68.5243, 23.4568], [68.5224, 23.4596], [68.521, 23.4626], [68.5212, 23.4662], [68.5193, 23.469], [68.5176, 23.4715], [68.5165, 23.4746], [68.516, 23.4713], [68.5146, 23.4685], [68.5132, 23.4713], [68.5124, 23.4679], [68.5157, 23.4668], [68.5176, 23.4635], [68.5193, 23.4607], [68.5171, 23.4629], [68.5168, 23.4585], [68.5185, 23.456], [68.5212, 23.4543], [68.521, 23.4593], [68.5229, 23.4568], [68.5246, 23.4543], [68.524, 23.4513], [68.5246, 23.4479], [68.5218, 23.4468], [68.5196, 23.4496], [68.519, 23.4526], [68.5168, 23.4549], [68.5154, 23.4579], [68.5137, 23.4543], [68.5132, 23.4574], [68.5107, 23.4554], [68.5104, 23.4587], [68.5079, 23.4604], [68.5062, 23.4632], [68.5032, 23.4649], [68.5049, 23.4676], [68.506, 23.4646], [68.5085, 23.4626], [68.5115, 23.4635], [68.5121, 23.4671], [68.5096, 23.4687], [68.5107, 23.4715], [68.5096, 23.4743], [68.5074, 23.4718], [68.504, 23.4718], [68.5018, 23.4743], [68.5007, 23.479], [68.5007, 23.4829], [68.5001, 23.486], [68.5013, 23.489], [68.5024, 23.4918], [68.5049, 23.4899], [68.5082, 23.4893], [68.5107, 23.4874], [68.5129, 23.4851], [68.516, 23.4854], [68.5179, 23.4879], [68.5149, 23.4885], [68.5129, 23.4913], [68.5107, 23.4935], [68.5049, 23.494], [68.5018, 23.4943], [68.5007, 23.4974], [68.5035, 23.499], [68.5026, 23.5021], [68.5051, 23.5038], [68.5015, 23.506], [68.4999, 23.5032], [68.5021, 23.5007], [68.4987, 23.4985], [68.4957, 23.4988], [68.4921, 23.5004], [68.4924, 23.5038], [68.4943, 23.5065], [68.4965, 23.5104], [68.4979, 23.5132], [68.4962, 23.516], [68.4949, 23.5193], [68.4954, 23.5237], [68.4943, 23.5268], [68.4921, 23.529], [68.491, 23.5321], [68.4901, 23.5351], [68.4899, 23.5396], [68.4882, 23.5421], [68.4868, 23.5451], [68.4851, 23.5479], [68.4887, 23.5485], [68.4921, 23.5485], [68.4946, 23.5465], [68.4974, 23.5479], [68.496, 23.5507], [68.4937, 23.5529], [68.4949, 23.5562], [68.4951, 23.5596], [68.4937, 23.564], [68.4932, 23.569], [68.4926, 23.5732], [68.4912, 23.576], [68.4876, 23.5776], [68.4876, 23.5813], [68.4874, 23.5874], [68.4874, 23.5907], [68.4865, 23.596], [68.4887, 23.5982], [68.491, 23.6007], [68.4921, 23.604], [68.4932, 23.6068], [68.4921, 23.6096], [68.4918, 23.6137], [68.491, 23.6176], [68.4921, 23.6218], [68.4912, 23.6254], [68.489, 23.6279], [68.489, 23.6315], [68.4893, 23.6351], [68.4918, 23.6374], [68.4937, 23.6399], [68.4954, 23.6429], [68.499, 23.6443], [68.4987, 23.6476], [68.4971, 23.6501], [68.4974, 23.6532], [68.4999, 23.6551], [68.5026, 23.6571], [68.5054, 23.6582], [68.5085, 23.6582], [68.511, 23.6604], [68.516, 23.6604], [68.5188, 23.6582], [68.5193, 23.6532], [68.5218, 23.6515], [68.5251, 23.6518], [68.5263, 23.6554], [68.5276, 23.6582], [68.5315, 23.6593], [68.536, 23.6596], [68.5385, 23.6615], [68.5349, 23.6618], [68.5312, 23.6618], [68.5282, 23.6613], [68.5265, 23.6588], [68.5257, 23.6554], [68.5235, 23.6532], [68.5204, 23.6543], [68.5201, 23.6576], [68.5193, 23.6613], [68.5179, 23.664], [68.5188, 23.6679], [68.521, 23.6701], [68.5226, 23.6729], [68.5246, 23.6754], [68.5265, 23.6788], [68.5271, 23.6835], [68.5274, 23.6868], [68.5251, 23.689], [68.5296, 23.6885], [68.5326, 23.6896], [68.5357, 23.6893], [68.5382, 23.691], [68.5399, 23.694], [68.5429, 23.6954], [68.5462, 23.6968], [68.5474, 23.6999], [68.5488, 23.7029], [68.5501, 23.7062], [68.5515, 23.7093], [68.5529, 23.7121], [68.5549, 23.7146], [68.5568, 23.7171], [68.559, 23.7193], [68.5621, 23.7207], [68.5657, 23.7221], [68.5685, 23.7235], [68.5713, 23.7249], [68.5743, 23.7237], [68.576, 23.721], [68.5762, 23.7246], [68.5788, 23.7265], [68.581, 23.7288], [68.5849, 23.7296], [68.5888, 23.7304], [68.5921, 23.7315], [68.5954, 23.7301], [68.5963, 23.7332], [68.5982, 23.7357], [68.5987, 23.7387], [68.6012, 23.7404], [68.6012, 23.7457], [68.6029, 23.7482], [68.6074, 23.7485], [68.6115, 23.7499], [68.6149, 23.7518], [68.619, 23.7526], [68.6218, 23.754], [68.6246, 23.7554], [68.6271, 23.7571], [68.6296, 23.759], [68.6326, 23.7579], [68.6324, 23.761], [68.6332, 23.764], [68.6349, 23.7665], [68.636, 23.7693], [68.6376, 23.7721], [68.6393, 23.7746], [68.6412, 23.7771], [68.6429, 23.7796], [68.6446, 23.7821], [68.6462, 23.7849], [68.6479, 23.7876], [68.6496, 23.7901], [68.6507, 23.7929], [68.6524, 23.7954], [68.6546, 23.7976], [68.6565, 23.8001], [68.6588, 23.8026], [68.6615, 23.804], [68.6637, 23.8062], [68.666, 23.8082], [68.669, 23.8093], [68.6724, 23.811], [68.6754, 23.811], [68.6765, 23.8082], [68.6771, 23.8113], [68.6774, 23.8143], [68.6801, 23.8157], [68.6826, 23.8174], [68.6846, 23.8199], [68.6874, 23.8215], [68.6904, 23.8224], [68.6946, 23.8226], [68.6985, 23.8232], [68.7015, 23.8238], [68.7049, 23.8243], [68.709, 23.8251], [68.7174, 23.8257], [68.721, 23.8268], [68.7243, 23.8279], [68.7271, 23.8293], [68.7299, 23.8307], [68.7326, 23.8321], [68.7354, 23.8335], [68.7379, 23.8354], [68.741, 23.8365], [68.7426, 23.839], [68.744, 23.8418], [68.741, 23.8424], [68.7385, 23.8404], [68.7363, 23.8382], [68.7337, 23.8365], [68.7312, 23.8346], [68.729, 23.8324], [68.7232, 23.831], [68.7254, 23.8332], [68.7282, 23.8343], [68.731, 23.836], [68.7307, 23.839], [68.734, 23.8382], [68.7357, 23.8412], [68.7335, 23.8435], [68.7312, 23.8457], [68.7257, 23.8463], [68.7262, 23.8493], [68.7279, 23.8521], [68.7296, 23.8549], [68.7324, 23.8565], [68.7354, 23.8582], [68.7379, 23.8599], [68.7424, 23.861], [68.7457, 23.8601], [68.7479, 23.8624], [68.7457, 23.8654], [68.7482, 23.8674], [68.751, 23.8693], [68.7537, 23.8712], [68.7562, 23.8732], [68.759, 23.8746], [68.7554, 23.8754], [68.7532, 23.8732], [68.7504, 23.8712], [68.7476, 23.8699], [68.7451, 23.8679], [68.7421, 23.8668], [68.7399, 23.8646], [68.7371, 23.8632], [68.7301, 23.8621], [68.7279, 23.8599], [68.7185, 23.8593], [68.7121, 23.8574], [68.709, 23.8576], [68.7049, 23.8582], [68.7018, 23.8568], [68.6988, 23.8582], [68.696, 23.8593], [68.6929, 23.8607], [68.689, 23.861], [68.6837, 23.8615], [68.6779, 23.8618], [68.6749, 23.8612], [68.6718, 23.8615], [68.669, 23.8601], [68.6663, 23.8585], [68.6624, 23.8579], [68.6654, 23.8568], [68.666, 23.8535], [68.664, 23.851], [68.661, 23.8496], [68.6585, 23.8479], [68.6554, 23.8463], [68.6518, 23.8465], [68.6482, 23.8479], [68.6496, 23.8451], [68.6465, 23.8457], [68.6485, 23.8432], [68.6468, 23.8396], [68.6443, 23.8379], [68.6413, 23.8371], [68.6374, 23.8362], [68.6318, 23.8357], [68.6271, 23.8354], [68.624, 23.836], [68.6207, 23.8365], [68.6168, 23.8374], [68.614, 23.8388], [68.611, 23.8385], [68.6049, 23.8382], [68.6021, 23.8396], [68.6021, 23.8438], [68.6001, 23.8465], [68.6029, 23.8479], [68.5999, 23.8479], [68.5993, 23.8449], [68.6007, 23.8412], [68.5971, 23.8396], [68.5938, 23.8388], [68.5904, 23.8379], [68.5879, 23.836], [68.5854, 23.8337], [68.5835, 23.831], [68.5813, 23.8288], [68.5796, 23.826], [68.5771, 23.8243], [68.5754, 23.8218], [68.5738, 23.819], [68.5724, 23.8163], [68.5707, 23.8132], [68.5696, 23.8096], [68.5682, 23.8065], [68.5671, 23.8035], [68.5657, 23.8001], [68.564, 23.7974], [68.5621, 23.7946], [68.5599, 23.7924], [68.5579, 23.7901], [68.556, 23.7874], [68.5543, 23.7849], [68.5526, 23.7824], [68.551, 23.7799], [68.549, 23.7776], [68.5471, 23.7749], [68.5454, 23.7721], [68.5432, 23.7699], [68.5418, 23.7671], [68.5401, 23.7643], [68.5382, 23.7618], [68.5365, 23.759], [68.5346, 23.7565], [68.5307, 23.7563], [68.5276, 23.7565], [68.5254, 23.7588], [68.5257, 23.7626], [68.5263, 23.7663], [68.5265, 23.7696], [68.5265, 23.7726], [68.5251, 23.7757], [68.5224, 23.7776], [68.519, 23.7793], [68.5174, 23.7818], [68.5163, 23.7846], [68.5163, 23.7885], [68.5179, 23.7913], [68.5176, 23.7949], [68.5201, 23.7968], [68.5226, 23.7985], [68.5251, 23.8001], [68.531, 23.8001], [68.5324, 23.8029], [68.534, 23.8057], [68.5349, 23.809], [68.5351, 23.8124], [68.5371, 23.8149], [68.5349, 23.8126], [68.5335, 23.8096], [68.5338, 23.8065], [68.5321, 23.8037], [68.5301, 23.8012], [68.5271, 23.8018], [68.5251, 23.8051], [68.5235, 23.8076], [68.5218, 23.8101], [68.5224, 23.8138], [68.5229, 23.8171], [68.5207, 23.8193], [68.5179, 23.8207], [68.5149, 23.8224], [68.5165, 23.8251], [68.5193, 23.8263], [68.5224, 23.8265], [68.5268, 23.8274], [68.5312, 23.8276], [68.5343, 23.8279], [68.5374, 23.8293], [68.5399, 23.8315], [68.5426, 23.8332], [68.5451, 23.8349], [68.5476, 23.8368], [68.5499, 23.839], [68.5512, 23.8424], [68.5526, 23.8451], [68.5537, 23.8485], [68.5551, 23.8513], [68.5563, 23.8546], [68.5582, 23.8571], [68.561, 23.8585], [68.5632, 23.8607], [68.5654, 23.8629], [68.5668, 23.8663], [68.5676, 23.8696], [68.5685, 23.8732], [68.5699, 23.876], [68.5713, 23.8788], [68.5735, 23.881], [68.5768, 23.8824], [68.5801, 23.8837], [68.5835, 23.8846], [68.5863, 23.886], [68.589, 23.8879], [68.5915, 23.8896], [68.5943, 23.8907], [68.5979, 23.8921], [68.5999, 23.8946], [68.6024, 23.8965], [68.6046, 23.8987], [68.6071, 23.9004], [68.6104, 23.9015], [68.6135, 23.9029], [68.6168, 23.9026], [68.6199, 23.9015], [68.6249, 23.901], [68.6276, 23.8996], [68.6307, 23.8985], [68.634, 23.8976], [68.6368, 23.8957], [68.6387, 23.8985], [68.6413, 23.9004], [68.6435, 23.9026], [68.646, 23.9043], [68.6488, 23.9062], [68.6507, 23.9088], [68.6526, 23.9112], [68.6549, 23.9132], [68.659, 23.9149], [68.661, 23.9174], [68.6626, 23.9204], [68.6596, 23.9218], [68.6593, 23.9188], [68.6554, 23.9171], [68.6521, 23.9157], [68.6496, 23.9135], [68.6476, 23.911], [68.6449, 23.9093], [68.6432, 23.9068], [68.641, 23.9046], [68.6382, 23.9035], [68.634, 23.9032], [68.6304, 23.9043], [68.6276, 23.9057], [68.621, 23.9062], [68.6188, 23.9082], [68.6176, 23.9129], [68.6193, 23.9154], [68.6199, 23.9207], [68.6201, 23.924], [68.6224, 23.926], [68.6196, 23.9271], [68.6179, 23.9246], [68.616, 23.9221], [68.6135, 23.9238], [68.6129, 23.9279], [68.6115, 23.9307], [68.6096, 23.9332], [68.6071, 23.9354], [68.6043, 23.9371], [68.5999, 23.9379], [68.5971, 23.9393], [68.594, 23.9418], [68.5904, 23.9413], [68.5874, 23.9407], [68.5879, 23.9371], [68.5874, 23.9335], [68.5874, 23.9304], [68.5879, 23.9265], [68.5885, 23.9224], [68.5854, 23.9226], [68.581, 23.9238], [68.5724, 23.9243], [68.5646, 23.9238], [68.5615, 23.9235], [68.559, 23.9262], [68.5599, 23.9304], [68.5576, 23.9326], [68.5546, 23.9335], [68.5515, 23.9337], [68.5482, 23.9332], [68.5451, 23.9346], [68.5426, 23.9371], [68.5413, 23.9399], [68.5401, 23.9432], [68.5379, 23.9454], [68.539, 23.9485], [68.5401, 23.9524], [68.5415, 23.9551], [68.5429, 23.9582], [68.5446, 23.9607], [68.5468, 23.9629], [68.6863, 23.9624], [68.7215, 23.9622], [68.7492, 23.962], [68.7509, 24.0], [68.7596, 24.0358], [68.7614, 24.1], [68.7618, 24.1612], [68.7622, 24.191], [68.7631, 24.2066], [68.7642, 24.236], [68.7641, 24.2841], [68.7675, 24.2897], [68.7715, 24.2931], [68.7923, 24.3], [68.8052, 24.3032], [68.8264, 24.3084], [68.8321, 24.2993], [68.8317, 24.2956], [68.831, 24.2878], [68.8359, 24.2499], [68.8403, 24.2282], [68.8477, 24.2084], [68.8525, 24.2057], [68.864, 24.2052], [68.8675, 24.2062], [68.8696, 24.209], [68.8707, 24.2049], [68.8724, 24.2007], [68.8753, 24.1992], [68.8784, 24.1976], [68.886, 24.1961], [68.891, 24.1959], [68.8951, 24.1972], [68.8979, 24.1989], [68.9041, 24.2092], [68.9128, 24.2411], [68.9141, 24.2453], [68.9182, 24.2531], [68.922, 24.2586], [68.9336, 24.2686], [68.9472, 24.2766], [68.9573, 24.2614], [68.96, 24.2536], [68.9706, 24.2375], [68.9815, 24.2285], [68.9863, 24.2263], [68.997, 24.226], [69.0005, 24.2259], [69.0041, 24.2268], [69.0137, 24.2291], [69.0395, 24.2421], [69.0701, 24.2602], [69.0793, 24.2653], [69.0854, 24.2683], [69.0929, 24.2691], [69.1055, 24.2661], [69.1146, 24.2634], [69.1183, 24.2624], [69.1214, 24.2609], [69.137, 24.2533], [69.1483, 24.25], [69.1555, 24.249], [69.1581, 24.2463], [69.1729, 24.2414], [69.19, 24.2357], [69.1998, 24.2352], [69.2223, 24.2475], [69.229, 24.2512], [69.2364, 24.2518], [69.2434, 24.2553], [69.2677, 24.2637], [69.2707, 24.2642], [69.2749, 24.2688], [69.2926, 24.2739], [69.3103, 24.2767], [69.3308, 24.274], [69.3619, 24.2662], [69.3822, 24.266], [69.3919, 24.2691], [69.3951, 24.2687], [69.4004, 24.2709], [69.4116, 24.2739], [69.4316, 24.2737], [69.4383, 24.2727], [69.4428, 24.2709], [69.4487, 24.2694], [69.4585, 24.2669], [69.4682, 24.2644], [69.4842, 24.2574], [69.498, 24.2555], [69.5012, 24.255], [69.5282, 24.259], [69.5519, 24.2646], [69.5564, 24.2649], [69.5797, 24.2704], [69.6007, 24.2778], [69.6129, 24.2676], [69.6175, 24.2603], [69.6696, 24.2166], [69.6751, 24.2124], [69.6812, 24.2051], [69.6931, 24.1979], [69.7024, 24.1904], [69.7087, 24.1889], [69.7165, 24.1796], [69.7246, 24.1751], [69.7284, 24.1749], [69.7389, 24.1743], [69.7508, 24.174], [69.7666, 24.1717], [69.8253, 24.1675], [69.8348, 24.1676], [69.858, 24.1664], [69.8658, 24.1654], [69.8703, 24.1647], [69.8738, 24.1661], [69.8988, 24.1652], [69.906, 24.1662], [69.9123, 24.1642], [69.9787, 24.1651], [70.0, 24.1664], [70.0119, 24.1676], [70.0186, 24.1698], [70.0241, 24.1694], [70.032, 24.1731], [70.0489, 24.1835], [70.0593, 24.1928], [70.0773, 24.2156], [70.0883, 24.2352], [70.104, 24.2697], [70.1101, 24.2849], [70.119, 24.2907], [70.144, 24.298], [70.1505, 24.3006], [70.1909, 24.3082], [70.2308, 24.3165], [70.2371, 24.3173], [70.2475, 24.3212], [70.2707, 24.3299], [70.2969, 24.3399], [70.3071, 24.342], [70.3256, 24.3474], [70.3576, 24.352], [70.3703, 24.3535], [70.4596, 24.387], [70.4661, 24.3868], [70.4831, 24.3908], [70.5316, 24.41], [70.5601, 24.4186], [70.5749, 24.4203], [70.5932, 24.4117], [70.5999, 24.4073], [70.6065, 24.4036], [70.6115, 24.4015], [70.6107, 24.396], [70.6084, 24.3916], [70.6062, 24.3861], [70.6039, 24.3806], [70.5994, 24.3721], [70.5966, 24.3676], [70.5938, 24.3621], [70.592, 24.3586], [70.5864, 24.3531], [70.5768, 24.3484], [70.5745, 24.3465], [70.5721, 24.3445], [70.5728, 24.3407], [70.5768, 24.3274], [70.5797, 24.3198], [70.5812, 24.316], [70.5874, 24.3101], [70.5735, 24.2982], [70.5723, 24.2936], [70.574, 24.2897], [70.5878, 24.2854], [70.5828, 24.2787], [70.5774, 24.2739], [70.5724, 24.2649], [70.5722, 24.2592], [70.5742, 24.2523], [70.5843, 24.2441], [70.5936, 24.2403], [70.5971, 24.2401], [70.6085, 24.2397], [70.6138, 24.2394], [70.6336, 24.2327], [70.6553, 24.2251], [70.6898, 24.2233], [70.7258, 24.2209], [70.7638, 24.2208], [70.791, 24.222], [70.8058, 24.2227], [70.8162, 24.225], [70.8337, 24.2329], [70.8372, 24.2345], [70.8417, 24.2379], [70.8462, 24.243], [70.8537, 24.2474], [70.8656, 24.2508], [70.8829, 24.2536], [70.8941, 24.2571], [70.9011, 24.2627], [70.8948, 24.265], [70.8891, 24.2689], [70.8871, 24.2724], [70.8858, 24.2752], [70.8843, 24.2809], [70.8842, 24.2839], [70.8851, 24.2908], [70.8878, 24.2936], [70.8904, 24.2964], [70.8931, 24.2982], [70.8997, 24.3011], [70.9054, 24.303], [70.9098, 24.3058], [70.9154, 24.3095], [70.9176, 24.3121], [70.9212, 24.3148], [70.9249, 24.3172], [70.929, 24.3233], [70.9329, 24.3262], [70.9379, 24.3293], [70.9445, 24.334], [70.9482, 24.3369], [70.9528, 24.3397], [70.9565, 24.3434], [70.9597, 24.3462], [70.9675, 24.3473], [70.9741, 24.3483], [70.9818, 24.3521], [70.9874, 24.3558], [70.9921, 24.3586], [70.9963, 24.36], [71.0011, 24.3588], [71.0028, 24.356], [71.0045, 24.3532], [71.0093, 24.3496], [71.013, 24.3469], [71.0167, 24.346], [71.0254, 24.3451], [71.0291, 24.3452], [71.0337, 24.3454], [71.0472, 24.3473], [71.0609, 24.3539], [71.0664, 24.3557], [71.0754, 24.3684], [71.0771, 24.3723], [71.0869, 24.3804], [71.0934, 24.3836], [71.0996, 24.3851], [71.1215, 24.3907], [71.125, 24.3929], [71.1318, 24.4018], [71.1328, 24.4057], [71.1337, 24.4089], [71.1341, 24.4138], [71.1242, 24.4277], [71.1189, 24.431], [71.1101, 24.4317], [71.1074, 24.4332], [71.0931, 24.4359], [71.0756, 24.4336], [71.0286, 24.4334], [71.0232, 24.4351], [71.0174, 24.4372], [71.0135, 24.4386], [71.01, 24.4413], [71.007, 24.4469], [71.0075, 24.4666], [71.0117, 24.4915], [71.0142, 24.502], [71.0153, 24.5228], [71.0098, 24.5288], [70.9983, 24.5413], [71.0034, 24.5665], [71.0035, 24.5701], [71.0012, 24.575], [70.9986, 24.5847], [71.0006, 24.5992], [71.0102, 24.6156], [71.0153, 24.6204], [71.0205, 24.6305], [71.0247, 24.6319], [71.0345, 24.6351], [71.0461, 24.6388], [71.0608, 24.6464], [71.073, 24.654], [71.085, 24.6614], [71.0922, 24.6677], [71.0994, 24.674], [71.1071, 24.6807], [71.1133, 24.6736], [71.1193, 24.6686], [71.1467, 24.658], [71.1716, 24.6489], [71.1971, 24.6429], [71.2073, 24.6395], [71.2379, 24.6285], [71.2415, 24.6266], [71.253, 24.6236], [71.261, 24.6205], [71.2871, 24.6127], [71.2977, 24.6076], [71.3075, 24.6199], [71.3178, 24.6359], [71.3216, 24.6403], [71.3265, 24.6429], [71.3428, 24.6482], [71.351, 24.6532], [71.3567, 24.6541], [71.362, 24.6416], [71.367, 24.6319], [71.3677, 24.6273], [71.3727, 24.6258], [71.3752, 24.6231], [71.3807, 24.6214], [71.3884, 24.6239], [71.3898, 24.6282], [71.3945, 24.627], [71.3996, 24.627], [71.4028, 24.6315], [71.407, 24.6347], [71.413, 24.6353], [71.4223, 24.6381], [71.429, 24.6426], [71.4324, 24.6462], [71.4453, 24.654], [71.4515, 24.6588], [71.4589, 24.6613], [71.4669, 24.6608], [71.4742, 24.6632], [71.4883, 24.6739], [71.5035, 24.6738], [71.5162, 24.6763], [71.5209, 24.6755], [71.5273, 24.6772], [71.537, 24.6789], [71.5436, 24.6736], [71.5514, 24.6706], [71.5684, 24.6735], [71.5772, 24.6774], [71.5831, 24.6765], [71.5897, 24.6702], [71.5925, 24.6656], [71.5978, 24.6639], [71.6049, 24.6655], [71.61, 24.6685], [71.6166, 24.6707], [71.6208, 24.667], [71.6234, 24.6642], [71.6271, 24.6619], [71.6307, 24.6626], [71.6342, 24.6581], [71.6406, 24.6561], [71.6449, 24.6525], [71.6484, 24.6464], [71.6512, 24.6432], [71.6503, 24.6399], [71.6616, 24.6333], [71.6698, 24.6366], [71.686, 24.6398], [71.7163, 24.6543], [71.7373, 24.6534], [71.7458, 24.6543], [71.7583, 24.6603], [71.7845, 24.6689], [71.7909, 24.6701], [71.799, 24.6705], [71.8046, 24.6691], [71.8091, 24.6659], [71.8129, 24.6609], [71.8151, 24.6547], [71.8174, 24.6459], [71.8126, 24.6325], [71.8115, 24.6259], [71.8118, 24.6218], [71.8155, 24.6183], [71.8214, 24.6166], [71.8386, 24.6164], [71.8466, 24.6149], [71.8555, 24.6061], [71.8584, 24.6042], [71.8609, 24.6141], [71.8647, 24.6196], [71.8687, 24.6235], [71.8678, 24.63], [71.8626, 24.6495], [71.8628, 24.6548], [71.865, 24.6629], [71.8711, 24.6722], [71.8765, 24.6752], [71.8813, 24.6757], [71.891, 24.6701], [71.8938, 24.6658], [71.9042, 24.669], [71.9121, 24.6696], [71.9201, 24.6674], [71.9259, 24.6621], [71.926, 24.6587], [71.9241, 24.6545], [71.9214, 24.6522], [71.9172, 24.6509], [71.9188, 24.6462], [71.928, 24.6338], [71.9345, 24.6269], [71.9395, 24.6276], [71.9442, 24.6268], [71.9474, 24.6276], [71.9508, 24.6326], [71.9622, 24.6385], [71.9674, 24.6379], [71.9791, 24.647], [71.9828, 24.6509], [71.9908, 24.6514], [71.9934, 24.6567], [71.9899, 24.667], [71.9941, 24.6776], [72.0011, 24.683], [72.0073, 24.686], [72.0316, 24.6918], [72.0409, 24.6955], [72.0525, 24.7058], [72.0796, 24.7003], [72.0853, 24.697], [72.0923, 24.6748], [72.0824, 24.6685], [72.0855, 24.6587], [72.0849, 24.6528], [72.0909, 24.6487], [72.10186, 24.643339]]]}}]}